Year,ID,Title,Category,Subcategory,Explanation
2023,2001/2023,A Baranya Vármegyei Büntetés-végrehajtási Intézet védelmi képességének fenntartásához szükséges beszerzési terve jóváhagyásáról,Other,,
2023,2002/2023,A Belügyminisztérium Országos Katasztrófavédelmi Főigazgatóság védelmi képességének fenntartásához szükséges beszerzési terve jóváhagyásáról,Other,,
2023,2003/2023,A Belügyminisztérium Országos Katasztrófavédelmi Főigazgatóság Gazdasági Ellátó Központ védelmi képességének fenntartásához szükséges beszerzési terve jóváhagyásáról,Other,,
2023,2004/2023,A Büntetés-végrehajtás Országos Parancsnoksága védelmi képességének fenntartásához szükséges beszerzési terve jóváhagyásáról,Other,,
2023,2005/2023,A Katonai Nemzetbiztonsági Szolgálat védelmi képességének fenntartásához szükséges beszerzési terve jóváhagyásáról,Other,,
2023,2006/2023,A Katonai Nemzetbiztonsági Szolgálat védelmi és biztonsági feladatokkal összefüggő igényének jóváhagyásáról,Other,,
2023,2007/2023,A Készenléti Rendőrség védelmi képességének fenntartásához szükséges beszerzési terve jóváhagyásáról,Other,,
2023,2008/2023,A Magyar Honvédség Tartalékképző és Támogató Parancsnoksága védelmi és biztonsági feladatokkal összefüggő igényeinek jóváhagyásáról,Other,,
2023,2009/2023,Az MVM Paksi Atomerőmű Zártkörűen Működő Részvénytársaság védelmi képességének fenntartásához szükséges beszerzési terve jóváhagyásáról,Other,,
2023,2010/2023,Az ORFK Gazdasági Hivatal Ellátó Iroda védelmi és biztonsági feladatokkal összefüggő igényének jóváhagyásáról,Other,,
2023,2011/2023,A Szabolcs-Szatmár-Bereg Vármegyei Büntetés-végrehajtási Intézet védelmi képességének fenntartásához szükséges beszerzési terve jóváhagyásáról,Other,,
2023,2012/2023,A Zala Vármegyei Katasztrófavédelmi Igazgatóság védelmi képességének fenntartásához szükséges beszerzési terve jóváhagyásáról,Other,,
2023,2013/2023,Az Információs Hivatal védelmi és biztonsági feladatokkal összefüggő igényének jóváhagyásáról,Other,,
2023,2014/2023,A Terrorelhárítási Központ védelmi képességének fenntartásához szükséges beszerzési terve jóváhagyásáról,Other,,
2023,2016/2023,A Robert Bosch Automotive Steering Korlátolt Felelősségű Társaság nagybefektető magyarországi beruházásának kormányzati támogatásáról,Other,,
2023,2017/2023,A Robert Bosch Power Tool Elektromos Szerszámgyártó Korlátolt Felelősségű Társaság nagybefektető magyarországi beruházásának kormányzati támogatásáról,Other,,
2023,2018/2023,A tihanyi Honthy-villa épületegyüttes fejlesztésének előkészítéséről,Other,,
2023,2019/2023,A Fővárosi Büntetés-végrehajtási Intézet védelmi képességének fenntartásához szükséges beszerzési terve jóváhagyásáról,Other,,
2023,2020/2023,Az MVM BSZK Biztonsági Szolgáltató Központ Zártkörűen Működő Részvénytársaság védelmi képességének fenntartásához szükséges beszerzési terve jóváhagyásáról,Other,,
2023,2021/2023,A Magyarországi Református Egyház fejlesztéseivel kapcsolatos egyes kérdésekről szóló 2348/2022. Korm. határozat módosításáról,Other,,
2023,2022/2023,A Gazdaság-újraindítási Akcióterv keretében előkészítésre kerülő beruházásokkal kapcsolatos további intézkedésekről,Other,,
2023,2023/2023,A Gazdaság-újraindítási Akcióterv keretében előkészítésre és megvalósításra kerülő beruházások átütemezésével kapcsolatos további döntésekről,Other,,
2023,2024/2023,A Terrorelhárítási Központ építési beruházása megvalósításához szükséges ingatlanegyüttes Magyar Állam részére történő megszerzéséről,Other,,
2023,2025/2023,Az Észak-kelet Magyarországon megvalósuló nagyberuházásokhoz szükséges villamosenergia-hálózat fejlesztésről,"4. Infrastruktúra,",Közlekedés és Energetika,Villamosenergia-hálózat fejlesztés nagyberuházásokhoz
2023,2026/2023,"A Magyar Testgyakorlók Köre Budapest létesítményfejlesztési program, a közép-európai lovasakadémia és termálvizes lórehabilitációs központ kialakítása, valamint a bicskei Pannónia Szíve Sport és Kulturális Központ beruházásokkal kapcsolatos további intézkedésekről",Other,,
2023,2027/2023,A Nemzeti Sportinfrastruktúra Ügynökség feladatainak ellátásához szükséges kormányzati intézkedésekről,Other,,
2023,2028/2023,Az iparfejlesztési beruházások villamosenergia-igényének fedezési lehetőségeiről,"4. Infrastruktúra,",Közlekedés és Energetika,Ipari beruházások energiaigénye
2023,2029/2023,A Magyarországot népszerűsítő nemzetközi marketing kampány lefolytatásával kapcsolatos egyes intézkedésekről szóló 2582/2021. Korm. határozat módosításáról,Other,,
2023,2030/2023,A Liberty Steel CENTRAL EUROPE Korlátolt Felelősségű Társaság hitelfelvevő részére a Magyar Export-Import Bank Zártkörűen Működő Részvénytársaság által nyújtandó hitelhez kapcsolódó egyes kormányzati intézkedésekről,Other,,
2023,2031/2023,"„az Online Számla rendszer és a számla adatszolgáltatás kapcsán érintett további rendszerek továbbfejlesztése, az eÁFA rendszer fejlesztése, valamint a működéshez szükséges infrastruktúra bővítése” tárgyú beszerzési eljárással kapcsolatos egyes döntések meghozataláról szóló 2095/2020. Korm. határozat módosításáról",Other,,
2023,2032/2023,Egyes uszodák fenntartásának támogatásával kapcsolatos további intézkedésekről,Other,,
2023,2033/2023,A 2021-2027 programozási időszak kohéziós célú támogatásainak kifizetését lehetővé tevő feljogosító feltételek teljesítéséhez szükséges intézkedésekről,Other,,
2023,2034/2023,A Közép-európai Épített Örökség Megőrző Alapítvány részére történő alapítói adomány adományozásáról,Other,,
2023,2035/2023,A Modern Városok Program keretében megkötött megállapodások felülvizsgálatához szükséges intézkedésekről,Other,,
2023,2037/2023,A Budapest Airport Budapest Liszt Ferenc Nemzetközi Repülőtér Üzemeltető Zártkörűen Működő Részvénytársasággal kapcsolatos tárgyalások előkészítésével összefüggő egyes intézkedésekről,Other,,
2023,2038/2023,"A Nemzeti Hauszmann Program egyes kiemelt projektjei számára átcsoportosítással történő forrásbiztosításról, valamint egyes kormányhatározatok módosításáról és visszavonásáról szóló 2383/2022. Korm. határozat módosításáról",Other,,
2023,2039/2023,A felsőoktatási felvételi szakrendszer fejlesztési feladatairól,Other,,
2023,2040/2023,A gazdálkodó szervezetek felszámolás alatti továbbműködésének biztosítása és versenyképesség növelése érdekében szükséges intézkedésekről,Other,,
2023,2041/2023,A hazai gyógyszeripari ágazat versenyképességét növelő intézkedésekről,1. Gazdaságfejlesztés,és Vállalati Támogatások,Gyógyszeripar versenyképessége
2023,2042/2023,Budapesti vasút mellette fejlesztési terület értékesítéséről,Other,,
2023,2043/2023,"A felvonók, mozgólépcsők és mozgójárdák biztonságtechnikai ellenőrzése és felügyelete felülvizsgálatának elfogadásáról",Other,,
2023,2044/2023,Az egységes központi elektronikus irat- és dokumentumkezelési rendszer kiterjesztésével kapcsolatos további feladatokról,Other,,
2023,2045/2023,Bányászati kérdésekről,Other,,
2023,2046/2023,Az INETON Építő és Gyártó Korlátolt Felelősségű Társaság nagybefektető magyarországi beruházásának kormányzati támogatásáról,Other,,
2023,2047/2023,A KRONOSPAN-MOFA Hungary Farostlemezgyártó Korlátolt Felelősségű Társaság nagybefektető magyarországi beruházásának kormányzati támogatásáról,Other,,
2023,2048/2023,A budapesti Nagyboldogasszony ortodox székesegyház felújítása és kapcsolódó beruházások folytatásához szükséges forrás biztosításáról szóló 2147/2022. Korm. határozat módosításáról,Other,,
2023,2049/2023,A HYDRO Extrusion Hungary Korlátolt Felelősségű Társaság nagybefektető magyarországi beruházásának kormányzati támogatásáról,Other,,
2023,2050/2023,A TDK Hungary Components Korlátolt Felelősségű Társaság nagybefektető magyarországi beruházásának kormányzati támogatásáról,Other,,
2023,2051/2023,"A MEDI-RADIOPHARMA Egészségügyi Szervező, Tanácsadó, Szolgáltató és Kereskedelmi Korlátolt Felelősségű Társaság nagybefektető magyarországi beruházásának kormányzati támogatásáról",Other,,
2023,2052/2023,"A Gazdaság-újraindítási Akcióterv végrehajtása érdekében Magyarország Helyreállítási és Ellenállóképességi Tervéhez kapcsolódó, a támogatási keretösszeggel és a kiemelt kedvezményezettek megjelölésével bővített intézkedési lista jóváhagyásáról szóló 2415/2021 Korm. határozat módosításáról",Other,,
2023,2053/2023,A MAL Magyar Alumínium Termelő és Kereskedelmi Zártkörűen Működő Részvénytársaság „felszámolás alatt” környezeti kárral terhelt vagyonelemeihez kapcsolódó környezetvédelmi kötelezettségek teljesítéséhez szükséges rövidtávú intézkedésekről,Other,,
2023,2054/2023,A Nemzeti Védelmi Szolgálat új irodaépülete fejlesztésének megvalósítására irányuló beszerzési eljárás lefolytatásának jóváhagyásáról,Other,,
2023,2055/2023,A határon túli labdarúgó sportszervezetek 2023. évi támogatásáról,Other,,
2023,2056/2023,A 2022/2506 Tanácsi (EU) határozat rendelkezéseihez kapcsolódó kérdésekről,Other,,
2023,2057/2023,A Gazdaságfejlesztési Minisztérium költségvetési fejezet javára történő forrásbiztosításról,Other,,
2023,2058/2023,"A Ludovika - Andrássy Tüzérlaktanya fejlesztés folytatásáról, valamint további kapcsolódó feladatok megvalósításáról",Other,,
2023,2059/2023,Az Európai Számvevőszék magyar tagjának kijelöléséről,Other,,
2023,2060/2023,A GSM-R távközlési rendszer kiépítése - 2. ütem című projekt érdekében szükséges intézkedésekről,Other,,
2023,2061/2023,A Mathias Corvinus Collegium szakmai feladatainak és infrastruktúra fejlesztési programjának végrehajtásához szükséges forrás biztosításáról,Other,,
2023,2062/2023,Befizetési kötelezettség előírásáról,Other,,
2023,2063/2023,A jogszabályok előkészítésében való társadalmi részvételről szóló 2010. évi CXXXI. törvényben előírt társadalmi egyeztetés végrehajtásáról,Other,,
2023,2064/2023,A Digitális Jólét Nonprofit Korlátolt Felelősségű Társaság feladatainak felülvizsgálatáról és a társaság integrációjáról,Other,,
2023,2065/2023,A határon túli gazdaságfejlesztési program (kiemelten Vajdaság) folytatásához szükséges többletforrások biztosításáról,Other,,
2023,2066/2023,A Hauszmann Alapítvány 2023. évi működéséhez és közfeladatainak ellátásához szükséges forrás biztosításáról,Other,,
2023,2067/2023,Az AGROFEED Kereskedelmi Korlátolt Felelősségű Társaság beruházásának Gyármentő Programból történő kormányzati támogatásáról,1. Gazdaságfejlesztés,és Vállalati Támogatások,Gyármentő Program
2023,2068/2023,Az INOTAL Alumínium- és Salakfeldolgozó Zártkörűen Működő Részvénytársaság beruházásának Gyármentő Programból történő kormányzati támogatásáról,1. Gazdaságfejlesztés,és Vállalati Támogatások,Gyármentő Program
2023,2069/2023,A MERKBAU Építőipari és Kereskedelmi Zártkörűen Működő Részvénytársaság beruházásának Gyármentő Programból történő kormányzati támogatásáról,1. Gazdaságfejlesztés,és Vállalati Támogatások,Gyármentő Program
2023,2070/2023,A Baross Gábor Újraiparosítási Hitelprogram keretösszegének növelése végrehajtásához kapcsolódó intézkedésekről,1. Gazdaságfejlesztés,és Vállalati Támogatások,Gyármentő Program
2023,2071/2023,A Trans-Sped Logisztikai Szolgáltató Központ Korlátolt Felelősségű Társaság nagybefektető magyarországi beruházásának kormányzati támogatásáról,1. Gazdaságfejlesztés,és Vállalati Támogatások,Gyármentő Program
2023,2072/2023,A SungEel Hitech Hungary Korlátolt Felelősségű Társaság nagybefektető magyarországi beruházásának kormányzati támogatásáról,1. Gazdaságfejlesztés,és Vállalati Támogatások,Gyármentő Program
2023,2073/2023,A MELECS EWS GmbH Magyarországi Fióktelepe és a MELECS Immobilien GmbH Magyarországi Fióktelepe nagybefektetők magyarországi beruházásának kormányzati támogatásáról,1. Gazdaságfejlesztés,és Vállalati Támogatások,Gyármentő Program
2023,2074/2023,A MET-NA Vasipari Gyártó és Forgalmazó Korlátolt Felelősségű Társaság beruházásának Gyármentő Programból történő kormányzati támogatásáról,1. Gazdaságfejlesztés,és Vállalati Támogatások,Gyármentő Program
2023,2075/2023,A földgázbeszerzés diverzifikáció hosszabb távú biztosításáról,1. Gazdaságfejlesztés,és Vállalati Támogatások,Gyármentő Program
2023,2076/2023,Az Univer-Product Termelő és Kereskedelmi Zártkörűen Működő Részvénytársaság beruházásának Gyármentő Programból történő kormányzati támogatásáról,1. Gazdaságfejlesztés,és Vállalati Támogatások,Gyármentő Program
2023,2077/2023,A Nemzeti Adó- és Vámhivatal védelmi képességének fenntartásához szükséges beszerzési terve jóváhagyásáról,Other,,
2023,2078/2023,A Tolna Vármegyei Rendőr-főkapitányság védelmi képességének fenntartásához szükséges beszerzési terve jóváhagyásáról,Other,,
2023,2079/2023,A Magyar Honvédség Tartalékképző és Támogató Parancsnoksága védelmi képességének fenntartásához szükséges beszerzési tervei jóváhagyásáról,Other,,
2023,2080/2023,A Belügyminisztérium Országos Katasztrófavédelmi Főigazgatóság védelmi és biztonsági feladatokkal összefüggő igénye jóváhagyásáról,Other,,
2023,2081/2023,A Készenléti Rendőrség védelmi és biztonsági feladatokkal összefüggő igényének jóváhagyásáról,Other,,
2023,2082/2023,A Magyar Honvédség Lahner György 2. Ellátóezred védelmi és biztonsági feladatokkal összefüggő igényeinek jóváhagyásáról,Other,,
2023,2083/2023,A Magyar Honvédség Tartalékképző és Támogató Parancsnoksága védelmi és biztonsági több tárgyú feladatokkal összefüggő igényeinek jóváhagyásáról,Other,,
2023,2084/2023,A HUNGARORING Sport Zártkörűen Működő Részvénytársaság Stratégiai Fejlesztési Programja 2. ütemében megvalósuló beruházásokról,Other,,
2023,2085/2023,"A 2024. évi női kézilabda Európa-bajnokság magyarországi megrendezéséhez szükséges kormányzati intézkedésekről, továbbá kiemelt nemzetközi sportrendezvénnyé történő nyilvánításáról",Other,,
2023,2086/2023,A központi költségvetés egyenlegének javítása és a kiegyensúlyozott költségvetési gazdálkodás fenntartása érdekében szükséges további intézkedésekről szóló 2285/2022. Korm. határozat visszavonásáról,Other,,
2023,2087/2023,Az Agrárkár-enyhítési Alappal kapcsolatos időszerű feladatokról,Other,,
2023,2088/2023,Az Európai Unió Tanácsa 2024. második félévi magyar elnökség előkészítésében és lebonyolításában részt vevő személyi állomány felkészítéséről és képzéséről,Other,,
2023,2089/2023,Az Európai Unió Tanácsa 2024. második félévi magyar elnöksége lebonyolításához szükséges emberierőforrás-igény biztosításával kapcsolatos feladatokról,Other,,
2023,2090/2023,A ZALACO Sütőipari Zártkörűen Működő Részvénytársaság beruházásának Gyármentő Programból történő kormányzati támogatásáról,Other,,
2023,2091/2023,A HARD-CONCRETE Betonelemgyártó Korlátolt Felelősségű Társaság beruházásának Gyármentő Programból történő kormányzati támogatásáról,Other,,
2023,2092/2023,A Béres Gyógyszergyár Zártkörűen Működő Részvénytársaság beruházásának Gyármentő Programból történő kormányzati támogatásáról,Other,,
2023,2093/2023,"A LISS Patrongyártó, Töltő és Forgalmazó Zártkörűen Működő Részvénytársaság beruházásának Gyármentő Programból történő kormányzati támogatásáról",Other,,
2023,2094/2023,Az FF Fémfeldolgozó Zrt. beruházásának Gyármentő Programból történő kormányzati támogatásáról,Other,,
2023,2095/2023,"A VAJDA-PAPÍR Gyártó, Kereskedelmi és Szolgáltató Korlátolt Felelősségű Társaság és a VAJDA REAL ESTATE Ingatlanhasznosító, Kereskedelmi és Szolgáltató Korlátolt Felelősségű Társaság nagybefektetők magyarországi beruházásának kormányzati támogatásáról",Other,,
2023,2096/2023,A Magyar Külügyi Intézet Nonprofit Zártkörűen Működő Részvénytársaság létrehozásával és működésének megkezdésével kapcsolatos intézkedésekről,Other,,
2023,2097/2023,A sportcélú állami beruházásokkal kapcsolatos további intézkedésekről,Other,,
2023,2098/2023,A Zalaegerszegen új mentőállomás megvalósítására irányuló beszerzési eljárás lefolytatásának jóváhagyásáról,Other,,
2023,2099/2023,A minisztériumok közötti kapcsolattartás során követendő eljárási szabályokról,Other,,
2023,2100/2023,"Az egyes ipari parki, iparterületi beruházások jövőjéről szóló 2174/2022. Korm. határozat módosításáról",Other,,
2023,2102/2023,"Minisztériumok, központi költségvetési szervek és állami tulajdonú gazdasági társaságok állami tulajdonú, budapesti ingatlanokban történő elhelyezéséhez szükséges további intézkedésekről",Other,,
2023,2103/2023,A Zalaegerszegi Járműipari Tesztpálya III. ütemének finanszírozása során alkalmazandó eltérő intézkedésekről,Other,,
2023,2104/2023,Magyarország Oszakai Konzulátusának megnyitásához szükséges további intézkedésről,Other,,
2023,2105/2023,"A 2023. évi Férfi Labdarúgó Európa-liga döntő, a 2023. évi WKF Felnőtt Karate Világbajnokság, valamint a 2024. évi EG Ritmikus Gimnasztika Európa-bajnokság megrendezése érdekében szükséges kormányzati intézkedésekről",Other,,
2023,2106/2023,A Digitális Megújulás Operatív Program Plusz kiemelt projektjeinek nevesítéséről,Other,,
2023,2107/2023,A 2023. évi VII. Európai Környezet és Egészség Miniszteri Konferencia Budapesten történő megrendezése érdekében szükséges pénzügyi forrás biztosításáról,Other,,
2023,2108/2023,Az Energiaügyi Minisztériumot terhelő befizetési kötelezettség teljesítéssel összefüggő intézkedésekről,Other,,
2023,2109/2023,Turisztikai projektek megvalósításához szükséges kormányzati intézkedésekről,Other,,
2023,2110/2023,Az egészséges Budapest program bővítéséről,Other,,
2023,2111/2023,A 2023. évi IAAF Atlétikai Világbajnoksággal összefüggésben megvalósítandó nemzetközi vendéglátási programról,Other,,
2023,2112/2023,Egy gazdasági társaság megvásárlás előtti átvilágításáról,Other,,
2023,2113/2023,Az Európai Egyetemi Játékok magyarországi megvalósításához szükséges intézkedésekről,Other,,
2023,2114/2023,A 2023. szeptember 14-16-i V. Budapesti Demográfiai Csúcs és kapcsolódó programjai kiemelt fontosságú rendezvénnyé nyilvánításáról,Other,,
2023,2115/2023,Az államigazgatási szervek és állami tulajdonú gazdasági társaságok budapesti elhelyezéséhez szükséges további kormányzati intézkedésekről,Other,,
2023,2116/2023,Az egyházi célú ingatlan megvásárlásával kapcsolatos intézkedésekről,Other,,
2023,2117/2023,A vezetői kompetenciák fejlesztésével és a vezetői utánpótlással kapcsolatos egyes feladatokról,Other,,
2023,2118/2023,A nemzetközi kulturális-művészeti rendezvények támogatásáról,Other,,
2023,2119/2023,A Nemzeti Adó- és Vámhivatal védelmi és biztonsági feladatokkal összefüggő igénye elutasításáról,Other,,
2023,2120/2023,A Magyar Honvédség Tartalékképző és Támogató Parancsnokság védelmi és biztonsági feladatokkal összefüggő igényeinek jóváhagyásáról,Other,,
2023,2121/2023,A Magyar Honvédség Egészségügyi Központ védelmi és biztonsági feladatokkal összefüggő igénye jóváhagyásáról,Other,,
2023,2122/2023,A Készenléti Rendőrség védelmi és biztonsági feladatokkal összefüggő igénye jóváhagyásáról,Other,,
2023,2123/2023,Az Aquinói Szent Tamás Közéleti Egyesület támogatásáról,Other,,
2023,2124/2023,Őszentsége Ferenc pápa látogatásával kapcsolatos forrásbiztosításról,"6. Kultúra,","Sport, Oktatás, Egészségügy és Egyházak",Pápalátogatás
2023,2125/2023,"A Székelyföldi Jégkorong Akadémia fejlesztésének és működésének kiegészítő támogatásához, valamint az Erdélyi Godako Ökölvívó Sportklub Egyesület működésének támogatásához szükséges forrás biztosításáról",Other,,
2023,2126/2023,A Lakossági Állampapír Stratégia 2.0 végrehajtásához kapcsolódó feladatokról,Other,,
2023,2127/2023,A MÁV-START Zrt. profiltisztításának folytatásáról,Other,,
2023,2128/2023,"Egyes tervezett, állam által megvalósítandó közlekedési beruházási közfeladatokkal kapcsolatos intézkedésekről",Other,,
2023,2129/2023,A Nicaraguai Köztársaság részére biztosított COVID-19 vakcina adomány szállításával kapcsolatos járulékos költségek biztosításáról,Other,,
2023,2130/2023,"Az Orchidea Magyar-Angol Két Tanítási Nyelvű Óvoda, Általános Iskola és Gimnázium fenntartói jogainak és kötelezettségeinek átadásáról",Other,,
2023,2131/2023,Magyarország volt varsói Kereskedelmi Kirendeltsége felújításának első üteméhez szükséges további feladatok ellátásáról,Other,,
2023,2132/2023,"A HALKER Élelmiszer Kereskedelmi, Gyártó és Feldolgozó Korlátolt Felelősségű Társaság beruházásának Gyármentő Programból történő kormányzati támogatásáról",1. Gazdaságfejlesztés,és Vállalati Támogatások,Gyármentő Program
2023,2133/2023,A KALL Ingredients Kereskedelmi Korlátolt Felelősségű Társaság beruházásának Gyármentő Programból történő kormányzati támogatásáról,1. Gazdaságfejlesztés,és Vállalati Támogatások,Gyármentő Program
2023,2134/2023,A KOMETA 99 Élelmiszeripari Zártkörűen Működő Részvénytársaság beruházásának Gyármentő Programból történő kormányzati támogatásáról,1. Gazdaságfejlesztés,és Vállalati Támogatások,Gyármentő Program
2023,2135/2023,A VIDEOTON HOLDING Zártkörűen Működő Részvénytársaság beruházásának Gyármentő Programból történő kormányzati támogatásáról,1. Gazdaságfejlesztés,és Vállalati Támogatások,Gyármentő Program
2023,2136/2023,A Dunakeszi Járműjavító Korlátolt Felelősségű Társaság beruházásának Gyármentő Programból történő kormányzati támogatásáról,1. Gazdaságfejlesztés,és Vállalati Támogatások,Gyármentő Program
2023,2137/2023,A Rába Futómű Gyártó és Kereskedelmi Korlátolt Felelősségű Társaság beruházásának Gyármentő Programból történő kormányzati támogatásáról,1. Gazdaságfejlesztés,és Vállalati Támogatások,Gyármentő Program
2023,2138/2023,Az SBS Szerelő Javító és Szolgáltató Korlátolt Felelősségű Társaság beruházásának Gyármentő Programból történő kormányzati támogatásáról,1. Gazdaságfejlesztés,és Vállalati Támogatások,Gyármentő Program
2023,2139/2023,A Nemzetközi Úszó Szövetség és az Európai Úszó Szövetség székhelyének Magyarországra helyezése támogatásáról szóló 2347/2022. Korm. határozat módosításáról,Other,,
2023,2140/2023,Az Enchem Hungary Korlátolt Felelősségű Társaság nagybefektető magyarországi beruházásának kormányzati támogatásáról,Other,,
2023,2141/2023,A Körber Hungária Gépgyártó Korlátolt Felelősségű Társaság nagybefektető magyarországi beruházásának kormányzati támogatásáról,Other,,
2023,2142/2023,A Prebeton Zártkörűen Működő Részvénytársaság Gyármentő Programból megvalósuló beruházás kormányzati támogatásáról,Other,,
2023,2144/2023,A Magyarországot népszerűsítő nemzetközi marketing kampány lefolytatásával kapcsolatos egyes intézkedésekről,Other,,
2023,2145/2023,Az ukrajnai Gorondon létrehozandó szárazkikötő beruházásban való részvételről,Other,,
2023,2146/2023,Nemzetközi szervezetben fennálló tagsággal kapcsolatos intézkedésekről,Other,,
2023,2147/2023,A GYSEV Zrt.-t érintő egyes szabálytalansági eljárásokban megállapított pénzügyi korrekciók rendezéséről,Other,,
2023,2148/2023,A MOL Petrolkémia Zártkörűen Működő Részvénytársaság nagybefektető magyarországi beruházásának kormányzati támogatásáról,Other,,
2023,2149/2023,Az államigazgatási szervek és állami tulajdonú gazdasági társaságok budapesti elhelyezéséhez szükséges további kormányzati intézkedésekről szóló 2494/2022. Korm. határozat módosításáról,Other,,
2023,2150/2023,Az Őszentsége Ferenc pápa látogatásával kapcsolatos forrásbiztosításról szóló 2124/2023. Korm. határozat módosításáról,Other,,
2023,2152/2023,"A Gazdaság-újraindítási Akcióterv keretében a Népliget jelenleg is sportolásra hasznosított területének, valamint a Ferencvárosi Torna Club létesítményeinek fejlesztéséről szóló 2119/2021. Korm. határozat végrehajtása során alkalmazandó eltérő rendelkezésekről",Other,,
2023,2153/2023,Az önellátásra korlátozottan képes emberek biztonságát és életvédelmét szolgáló digitalizációs program megvalósításához szükséges intézkedésekről,Other,,
2023,2155/2023,Peres feladatok ellátásához szükséges központi költségvetési forrás biztosításáról,Other,,
2023,2156/2023,A 2022/2506. Tanácsi (EU) határozat rendelkezéseihez kapcsolódó kérdésekről szóló 2056/2023. Korm. határozat módosításáról,Other,,
2023,2157/2023,A Szolnok Helikopterbázis hangárkomplexum létesítése I. ütem megvalósításához szükséges intézkedésekről,Other,,
2023,2158/2023,Az Erdélyi Médiatér Egyesület működésének támogatásához szükséges kiegészítő forrás biztosításáról,Other,,
2023,2159/2023,A 2025. évi Oszakai Világkiállításon megvalósítandó magyar pavilon főbb jellemzőiről szóló 2465/2022. Korm. határozat módosításáról,Other,,
2023,2160/2023,A Modern Városok Program keretében Salgótarján város és környéke egyházi életének és egyházi intézményeinek fejlesztési támogatásáról szóló 2416/2020. Korm. határozat módosításáról,Other,,
2023,2161/2023,A Magyar Testnevelési és Sporttudományi Egyetem kampuszfejlesztése I. ütemének befejezéséhez szükséges forrás biztosításáról,Other,,
2023,2162/2023,A büntetés-végrehajtási férőhelyek bővítéséről,Other,,
2023,2163/2023,"A NATO Innovációs Alapba történő magyar részalap befizetés, illetve a kapcsolódó nemzeti feladatok ellátásáról és forrásigényéről",Other,,
2023,2164/2023,Egyes uszodák üzemeltetési támogatásával kapcsolatos intézkedésekről,Other,,
2023,2165/2023,A CSABAcast Könnyűfémöntöde Korlátolt Felelősségű Társaság beruházásának Gyármentő Programból történő kormányzati támogatásáról,Other,,
2023,2166/2023,A JÁSZ-PLASZTIK Kft. beruházásának Gyármentő Programból történő kormányzati támogatásáról,Other,,
2023,2167/2023,A Continental Dohányipari Zártkörűen Működő Részvénytársaság beruházásának Gyármentő Programból történő kormányzati támogatásáról,Other,,
2023,2168/2023,A Sanatmetal Ortopédiai és Traumatológiai Eszközöket Gyártó Korlátolt Felelősségű Társaság beruházásának Gyármentő Programból történő kormányzati támogatásáról,Other,,
2023,2169/2023,Az „ALFÖLDI-HÚS” Élelmiszeripari és Kereskedelmi Zártkörűen Működő Részvénytársaság beruházásának Gyármentő Programból történő kormányzati támogatásáról,Other,,
2023,2170/2023,A Villeroy & Boch Magyarország Korlátolt Felelősségű Társaság nagybefektető magyarországi beruházásának kormányzati támogatásáról,Other,,
2023,2171/2023,A fővárosi és vármegyei kormányhivatalok illetményemeléséről és a szükséges többletforrások biztosításáról,Other,,
2023,2172/2023,A Végrehajtás Operatív Program Plusz kiemelt projektjeinek nevesítéséről szóló 2186/2022. kormányhatározat módosításáról,Other,,
2023,2173/2023,A Nemzeti Kastélyprogram és Nemzeti Várprogram részét képező egyes projektek mérföldköveinek meghatározásáról szóló kormányhatározat felülvizsgálatáról,Other,,
2023,2174/2023,A honvédelmi szervezetek részére meghatározott feladatokhoz kapcsolódó beszerzések kötelezettségvállalásai tekintetében szükséges intézkedésekről,Other,,
2023,2175/2023,Az Ukrajna és Oroszország közötti fegyveres konfliktus következményeként Kisvárdára és Miskolcra menekült kárpátaljai sportolók és kísérőik elhelyezésének támogatásáról,5. Válságkezelés,,Kárpátaljai menekült sportolók támogatása
2023,2176/2023,A Magyar Honvédség Tartalékképző és Támogató Parancsnokság védelmi és biztonsági feladatokkal összefüggő igénye jóváhagyásáról,Other,,
2023,2177/2023,"A Belső Ellenőrzési és Integritási Igazgatóság, valamint a Miniszterelnöki Kormányiroda fel fennálló tájékoztatási kötelezettségekről",Other,,
2023,2178/2023,"Termőföld beruházási célterületté nyilvánításáról, továbbá termőföldet érintő beruházáshoz kapcsolódó eljárások nemzetgazdasági szempontból kiemelt jelentőségű üggyé nyilvánításáról szóló előterjesztések előkészítésének rendjéről",Other,,
2023,2180/2023,Az Andrássy-palotában megvalósuló alternatív zenei műhelyek múzeuma és könnyűzenei központ megvalósításához szükséges források biztosításáról,Other,,
2023,2181/2023,"A Gazdaság-újraindítási Akcióterv végrehajtása érdekében a Magyarország Helyreállítási és Ellenállóképességi Tervéhez kapcsolódó, a támogatási keretösszeggel és a kiemelt kedvezményezettek megjelölésével bővített intézkedési lista jóváhagyásáról szóló 2415/2021. Korm. határozat módosításáról",Other,,
2023,2183/2023,A Gazdaság-újraindítási Akcióterv keretében a Honvéd Főparancsnokság újjáépítésének megvalósításáról szóló 2139/2021. Korm. határozat módosításáról,Other,,
2023,2185/2023,Az Emberi Erőforrás Fejlesztési Operatív Program Plusz kiemelt projektjeinek nevesítéséről,Other,,
2023,2186/2023,A Herendi Porcelánmanufaktúra Zártkörűen Működő Részvénytársaság beruházásának Gyármentő Programból történő kormányzati támogatásáról,Other,,
2023,2187/2023,A HAJDU-ALU Építőipari és Fémszerkezetgyártó Zártkörűen Működő Részvénytársaság beruházásának Gyármentő Programból történő kormányzati támogatásáról,Other,,
2023,2188/2023,Az Interfood Plusz Kereskedelmi és Szolgáltató Korlátolt Felelősségű Társaság beruházásának Gyármentő Programból történő kormányzati támogatásáról,Other,,
2023,2189/2023,Az INETON Építő és Gyártó Korlátolt Felelősségű Társaság beruházásának Gyármentő Programból történő kormányzati támogatásáról,Other,,
2023,2190/2023,A 2014–2020 programozási időszak zárásával összefüggésben egyes európai uniós támogatásból társfinanszírozott projektek sikeres megvalósításához szükséges intézkedésekről,Other,,
2023,2191/2023,"Az egyes ipari parki, iparterületi beruházások jövőjéről szóló 2174/2022. Korm. határozat módosításáról",Other,,
2023,2192/2023,Az ALFÖLDI NYOMDA Zártkörűen Működő Részvénytársaság beruházásának Gyármentő Programból történő kormányzati támogatásáról,Other,,
2023,2193/2023,"A KOVÁCS Vegyesipari, Kereskedelmi és Szolgáltató Korlátolt Felelősségű Társaság beruházásának Gyármentő Programból történő kormányzati támogatásáról",Other,,
2023,2194/2023,A Hódút Freeway Aszfaltkeverék Gyártó és Építő Korlátolt Felelősségű Társaság beruházásának Gyármentő Programból történő kormányzati támogatásáról,Other,,
2023,2195/2023,A Chemark Növényvédőszer Gyártó Zártkörűen Működő Részvénytársaság beruházásának Gyármentő Programból történő kormányzati támogatásáról,Other,,
2023,2196/2023,A Gyermelyi Élelmiszeripari Zártkörűen Működő Részvénytársaság beruházásának Gyármentő Programból történő kormányzati támogatásáról,Other,,
2023,2197/2023,A Europtec Műanyagfeldolgozó Korlátolt Felelősségű Társaság nagybefektető magyarországi beruházásának kormányzati támogatásáról,Other,,
2023,2198/2023,Az AUDI HUNGARIA Zártkörűen Működő Részvénytársaság nagybefektető magyarországi beruházásának kormányzati támogatásáról,Other,,
2023,2200/2023,Az Európai Unió Tanácsa 2024. második félévi magyar elnöksége megvalósítási helyszínének kijelöléséről,Other,,
2023,2201/2023,"Az állami vagyon összetételének és kezelésének felülvizsgálatáról, valamint a kapcsolódó vagyonjogi intézkedések keretében a rekreációs célú ingatlanok felülvizsgálatának első üteméről",Other,,
2023,2202/2023,Az Európai Unió Tanácsa 2024. második félévi magyar elnöksége során a tanácsi formációk elnöklésére vonatkozó kormányzati felelősségi rend megállapításáról,Other,,
2023,2203/2023,A kritikus kapacitást biztosító hazai vállalatok működési feltételeinek biztosításáról,Other,,
2023,2204/2023,Az európai uniós források felhasználásáért felelős intézményrendszer számára meghatározott célok évenkénti értékeléséről,Other,,
2023,2205/2023,"A Budai Egészségközpont Zártkörűen Működő Részvénytársaság közvetlen, vissza nem térítendő költségvetési támogatásával kapcsolatos kormányzati intézkedésekről szóló 2314/2022. Korm. határozat módosításáról",Other,,
2023,2206/2023,"A Ludovika – Andrássy Tüzérlaktanya fejlesztés folytatásáról, valamint további kapcsolódó feladatok megvalósításáról szóló 2058/2023. Korm. határozat módosításáról",Other,,
2023,2207/2023,A Testnevelési Egyetem további fejlesztésének megvalósításáról szóló 2862/2021. Korm. határozat visszavonásáról,Other,,
2023,2208/2023,A Rezsivédelmi Alap javára történő 2024. évi forrásbiztosításról,"4. Infrastruktúra,",Közlekedés és Energetika,Rezsivédelmi Alap 2024
2023,2209/2023,A Belügyminisztérium Országos Katasztrófavédelmi Főigazgatóság védelmi és biztonsági feladatokkal összefüggő igénye jóváhagyásáról,Other,,
2023,2210/2023,A Katonai Nemzetbiztonsági Szolgálat védelmi és biztonsági feladatokkal összefüggő igényei jóváhagyásáról,Other,,
2023,2211/2023,A Katonai Nemzetbiztonsági Szolgálat védelmi képességének fenntartásához szükséges módosított beszerzési terve jóváhagyásáról,Other,,
2023,2212/2023,A Magyar Honvédség Tartalékképző és Támogató Parancsnokság védelmi és biztonsági feladatokkal összefüggő igénye jóváhagyásáról,Other,,
2023,2213/2023,A a Magyar Honvédség Tartalékképző és Támogató Parancsnokság védelmi és biztonsági feladatokkal összefüggő igénye jóváhagyásáról,Other,,
2023,2214/2023,A Nemzeti Közszolgálati Egyetem védelmi és biztonsági feladatokkal összefüggő igénye jóváhagyásáról,Other,,
2023,2215/2023,"Az Európai Védelmi Alap végrehajtásához kapcsolódó nemzeti feladat ellátásáról és az Európai Védelmi Alapból való magyar részvétel növeléséről, valamint a közvetlen irányítású európai uniós programokban való magyar részvétel növeléséről szóló 2041/2020. Korm. határozat módosításáról",Other,,
2023,2216/2023,A miniszterek közötti hatásköri viták felmerülése esetén követendő eljárási szabályokról,Other,,
2023,2217/2023,Az egészségügyi képalkotó diagnosztikai eszközök megvásárlásáról,Other,,
2023,2218/2023,Az MKUK Magyar Kanizsai Udvari Kamaraszínház Nonprofit Korlátolt Felelősségű Társaság történelmi vándorszínházi tevékenységéhez kapcsolódó feladatokról,Other,,
2023,2219/2023,A Nemzeti Korcsolyázó Központ beruházással kapcsolatos kormányzati intézkedésekről,Other,,
2023,2220/2023,Egyes gazdasági társaságok tulajdoni részesedéseinek megszerzéséről szóló 3001/2023. Korm. határozat végrehajtásával összefüggő rendelkezésekről,Other,,
2023,2221/2023,A Budapest-Kelenföld-Ferencváros vasútvonalszakasz kapacitásbővítésének építési munkái (Déli körvasút) projekttel kapcsolatos kormányzati intézkedésekről,Other,,
2023,2222/2023,"Az Orchidea Magyar-Angol Két Tanítási Nyelvű Óvoda, Általános Iskola és Gimnázium fenntartói jogainak és kötelezettségeinek átadásáról szóló 2130/2023 Korm. határozatban meghatározottaktól eltérő rendelkezésekről",Other,,
2023,2223/2023,"Az egyes ipari parki, iparterületi beruházások jövőjéről szóló 2174/2022. Korm. határozat módosításáról",Other,,
2023,2224/2023,A Debrecen Nemzetközi Repülőtér működtetése érdekében szükséges intézkedésekről,Other,,
2023,2225/2023,Az Encsi Zrínyi Ilona Általános Iskola Fügödi Tagintézménye beruházásának támogatásáról,Other,,
2023,2226/2023,A tanárképzésben résztvevők és a pályakezdő tanárok számának növelése és megtartása érdekében hozandó intézkedésekhez szükséges források biztosításáról,Other,,
2023,2227/2023,A meghagyásba bevont munkakörök és feladatkörök felülvizsgálatáról,Other,,
2023,2228/2023,A Széchenyi Kártya Program keretében nyújtott támogatások államháztartási kereteinek korszerűsítéséhez kapcsolódó intézkedésekről,Other,,
2023,2229/2023,A Pázmány Péter Katolikus Egyetem oktatási célú ingatlanjainak bővítéséről és fejlesztéséről,Other,,
2023,2230/2023,Az orosz-ukrán háború következtében Magyarországra menekült és Magyarországon letelepedni szándékozó ukrán családok hosszú távú lakhatásának preferált településeken való biztosítása érdekében kormányzati program kidolgozásához szükséges intézkedésekről szóló 2213/2022. Korm. határozat módosításáról,5. Válságkezelés,,Ukrán menekültek lakhatási programja
2023,2231/2023,A használatidíj- és az útdíjrendszer felülvizsgálatával összefüggésben felmerült fejlesztési költségek fedezetének biztosításáról,Other,,
2023,2232/2023,Az intézeti gyógyszertárak üzemeltetési és ellátási tevékenységének új modell szerinti megvalósításával kapcsolatos intézkedésekről,Other,,
2023,2233/2023,A használatidíj- és az útdíjrendszer felülvizsgálatával összefüggésben felmerült fejlesztési költségek fedezetének biztosításáról,Other,,
2023,2234/2023,A Katonai Nemzetbiztonsági Szolgálat védelmi és biztonsági feladatokkal összefüggő igénye jóváhagyásáról,Other,,
2023,2235/2023,A Magyar Honvédség Tartalékképző és Támogató Parancsnokság védelmi és biztonsági feladatokkal összefüggő igényeinek jóváhagyásáról,Other,,
2023,2236/2023,A Budapest-Belgrád vasútvonal újjáépítési beruházás megvalósítása keretében az észeki (Ferencváros-Sorokság) szakasz megvalósításáról és az ahhoz szükséges forrás biztosításáról,Other,,
2023,2237/2023,A Medicontur Orvostechnikai Korlátolt Felelősségű Társaság beruházásának Gyármentő Programból történő kormányzati támogatásáról,Other,,
2023,2238/2023,A Terrán Tetőcserép Gyártó Korlátolt Felelősségű Társaság beruházásának Gyármentő Programból történő kormányzati támogatásáról,Other,,
2023,2239/2023,"A PIKOPACK Ipari, Kereskedelmi és Szolgáltató Zártkörűen működő Részvénytársaság beruházásának Gyármentő Programból történő kormányzati támogatásáról",Other,,
2023,2240/2023,A MASTER GOOD Termelő és Kereskedelmi Korlátolt Felelősségű Társaság beruházásának Gyármentő Programból történő kormányzati támogatásáról,Other,,
2023,2241/2023,A FASTRON HUNGÁRIA Elektronikai és Finommechanikai Korlátolt Felelősségű Társaság beruházásának Gyármentő Programból történő kormányzati támogatásáról,Other,,
2023,2242/2023,A KUNPLAST-KARSAI Műszaki Műanyagipari Zártkörű Részvénytársaság beruházásának Gyármentő Programból történő kormányzati támogatásáról,Other,,
2023,2243/2023,Az OVM-KARSAI Műanyagfeldolgozó Ipari Zártkörűen Működő Részvénytársaság beruházásának Gyármentő Programból történő kormányzati támogatásáról,Other,,
2023,2244/2023,A nagyberuházások megvalósítására alkalmas iparterületek kialakításának és fejlesztésének kormányzati támogatásáról,Other,,
2023,2245/2023,A KEDVENC Kereskedőház Zártkörűen Működő Részvénytársaság beruházásának Gyármentő Programból történő kormányzati támogatásáról,Other,,
2023,2246/2023,A Belső Biztonsági Alap Program Plusz kiemelt projektjeinek nevesítéséről szóló 2315/2022. Korm. határozat visszavonásáról,Other,,
2023,2247/2023,A Határigazgatási és Vízumpolitikai Eszköz Program Plusz kiemelt projektjeinek nevesítéséről szóló 2295/2022. Korm. határozat módosításáról,Other,,
2023,2248/2023,Az AE-Plasztik Zártkörűen Működő Részvénytársaság beruházásának Gyármentő Programból történő kormányzati támogatásáról,Other,,
2023,2249/2023,A GÉMTECH Gépészeti Mérnöki Technológiai Tervező és Gyártó Korlátolt Felelősségű Társaság beruházásának Gyármentő Programból történő kormányzati támogatásáról,Other,,
2023,2250/2023,Az ANDA PRESENT Kereskedelmi és Szolgáltató Korlátolt Felelősségű Társaság beruházásának Gyármentő Programból történő kormányzati támogatásáról,Other,,
2023,2251/2023,A Debreceni Egyetem debreceni autóipari központ kialakításával összefüggő egyes oktatási és innovációs fejlesztéseihez szükséges intézkedésekről,Other,,
2023,2252/2023,Egyes honvédelmi tárgyú beszerzési eljárások eredményeként kötendő szerződésekkel kapcsolatos kötelezettségvállalások előzetes jóváhagyásáról,Other,,
2023,2253/2023,A Magyar Honvédség infrastrukturális feltételeinek fejlesztését célzó beruházások végrehajtásáról szóló 2223/2022. Korm. határozat módosításáról,Other,,
2023,2254/2023,Az Agrosprint Mezőgazdasági és Ipari Termékforgalmazó Zártkörűen Működő Részvénytársaság beruházásának Gyármentő Programból történő kormányzati támogatásáról,Other,,
2023,2255/2023,Az EPDB Nyomtatási Központ Zártkörűen Működő Részvénytársaság beruházásának Gyármentő Programból történő kormányzati támogatásáról,Other,,
2023,2256/2023,A FONTE VIVA Termelő és Kereskedelmi Korlátolt Felelősségű Társaság beruházásának Gyármentő Programból történő kormányzati támogatásáról,Other,,
2023,2257/2023,A cms electronics hungary Ipari és Kereskedelmi Korlátolt Felelősségű Társaság beruházásának Gyármentő Programból történő kormányzati támogatásáról,Other,,
2023,2258/2023,A FERRO-PRESS Fémipari Szolgáltató Korlátolt Felelősségű Társaság beruházásának Gyármentő Programból történő kormányzati támogatásáról,Other,,
2023,2259/2023,A Ganzeg Gép- és Acélszerkezetgyártó Korlátolt Felelősségű Társaság beruházásának Gyármentő Programból történő kormányzati támogatásáról,Other,,
2023,2260/2023,A PIREHAB Rehabilitációs Foglalkoztató Nonprofit Korlátolt Felelősségű Társaság beruházásának Gyármentő Programból történő kormányzati támogatásáról,Other,,
2023,2261/2023,A Ganz Transzformátor-és Villamos Forgógépgyártó Korlátolt Felelősségű Társaság beruházásának Gyármentő Programból történő kormányzati támogatásáról,Other,,
2023,2263/2023,"A Primavet Produkt Állatgyógyászati Gyártó, Kereskedelmi és Szolgáltató Korlátolt Felelősségű Társaság beruházásának Gyármentő Programból történő kormányzati támogatásáról",Other,,
2023,2264/2023,A Tolnagro Állatgyógyászati Szolgáltató és Kereskedelmi Korlátolt Felelősségű Társaság beruházásának Gyármentő Programból történő kormányzati támogatásáról,Other,,
2023,2265/2023,A Törökszentmiklósi Mezőgazdasági Zártkörűen Működő Részvénytársaság beruházásának Gyármentő Programból történő kormányzati támogatásáról,Other,,
2023,2266/2023,A köznevelési tanulmányi rendszer működéséről,Other,,
2023,2267/2023,Az Energiaügyi Minisztérium szakpolitikai felelősségébe tartozó beruházások megvalósításával kapcsolatos döntésekről,Other,,
2023,2268/2023,Az Egészségügyi Tudományos Tanács etikai eljárásához szükséges forrás biztosításáról,Other,,
2023,2269/2023,A tanárképzésben résztvevők és a pályakezdő tanárok számának növelése és megtartása érdekében hozandó intézkedésekhez szükséges források biztosításáról szóló 2226/2023. Korm. határozat módosításáról,Other,,
2023,2270/2023,A Radioaktív Hulladékokat Kezelő Közhasznú Nonprofit Korlátolt Felelősségű Társaság védelmi és biztonsági feladatokkal összefüggő igényének jóváhagyásáról,Other,,
2023,2271/2023,"A Magyar Honvédség Tartalékképző és Támogató Parancsnokság védelmi és biztonsági feladatokkal, a könnyű helikopterek karbantartásával összefüggő igénye vonatkozásában",Other,,
2023,2272/2023,A Magyar Honvédség Haderőmodernizációs és Transzformációs Parancsnokság védelmi és biztonsági feladatokkal összefüggő igénye jóváhagyásáról,Other,,
2023,2273/2023,Az Országos Rendőr-főkapitányság védelmi és biztonsági feladatokkal összefüggő igénye jóváhagyásáról,Other,,
2023,2274/2023,A Magyar Honvédség Tartalékképző és Támogató Parancsnokság védelmi és biztonsági feladatokkal összefüggő igényeinek jóváhagyásáról,Other,,
2023,2275/2023,Az Alkotmányvédelmi Hivatal védelmi és biztonsági feladatokkal összefüggő igényének jóváhagyásáról,Other,,
2023,2276/2023,Állami légiközlekedési szolgáltató kompetencia központ létrehozásáról,Other,,
2023,2277/2023,Egyes fejlesztésekről szólókormányhatározatok visszavonásáról,Other,,
2023,2278/2023,A Maldív Köztársaság mint hiteladós részére a Magyar Export-Import Bank Zártkörűen Működő Részvénytársaság által nyújtandó szabad felhasználású hitelhez szükséges egyes kormányzati intézkedésekről,Other,,
2023,2279/2023,A hazai logisztikai ágazat versenyképességét növelő intézkedésekről,Other,,
2023,2280/2023,A Magyar Vakok és Gyengénlátók Országos Szövetsége székházfelújításának támogatásához szükséges intézkedésekről,Other,,
2023,2281/2023,A „Judo World Masters 2023” nemzetközi sportesemény megrendezéséhez szükséges kormányzati intézkedésekrő,Other,,
2023,2282/2023,Az állam működésének további egyszerűsítése érdekében szükséges intézkedésekről,Other,,
2023,2283/2023,A meddőségkezeléssel kapcsolatos intézkedésekről,Other,,
2023,2284/2023,"Bogányi-zongora megvásárlásáról és az Európai Unió Tanácsa soros elnökségének brüsszelben helyt adó, állami tulajdonban álló ingatlanban történő elhelyezéséről",Other,,
2023,2285/2023,A thyssenkrupp Components Technology Hungary Korlátolt Felelősségű Társaság nagybefektető magyarországi beruházásának kormányzati támogatásáról,Other,,
2023,2286/2023,A CALLCOMM Zártkörűen Működő Részvénytársaság nagybefektető magyarországi beruházásának kormányzati támogatásáról,Other,,
2023,2287/2023,"Az ECSERI Termelő, Szolgáltató és Kereskedelmi Korlátolt Felelősségű Társaság beruházásának Gyármentő Programból történő kormányzati támogatásáról",Other,,
2023,2288/2023,A FÉMALK Fémöntészeti és Alkatrészgyártó Zártkörű Részvénytársaság beruházásának Gyármentő Programból történő kormányzati támogatásáról,Other,,
2023,2289/2023,A Karsai Pécs Műanyagfeldolgozó és Szerszámgyártó Korlátolt Felelősségű Társaság beruházásának Gyármentő Programból történő kormányzati támogatásáról,Other,,
2023,2290/2023,A Sanatmetal Ortopédiai és Traumatológiai Eszközöket Gyártó Korlátolt Felelősségű Társaság beruházásának Gyármentő Programból történő kormányzati támogatásáról,Other,,
2023,2291/2023,Székkutas vízellátási terület ivóvízminőség-javítása érdekében szükséges intézkedésekről,Other,,
2023,2292/2023,A KNIPL Festéstechnológiai Berendezéseket Gyártó és Forgalmazó Korlátolt Felelősségű Társaság beruházásának Gyármentő Programból történő kormányzati támogatásáról,Other,,
2023,2293/2023,A MASTERPLAST Nyilvánosan működő Részvénytársaság beruházásának Gyármentő Programból történő kormányzati támogatásáról,Other,,
2023,2294/2023,A GRABOPLAST Padlógyártó Zártkörűen Működő Részvénytársaság beruházásának Gyármentő Programból történő kormányzati támogatásáról,Other,,
2023,2295/2023,Az ALU FRONT Felületkezelő Korlátolt Felelősségű Társaság beruházásának Gyármentő Programból történő kormányzati támogatásáról,Other,,
2023,2296/2023,Az FHL BJÖRN HUNGARY Ipari és Kereskedelmi Korlátolt Felelősségű Társaság beruházásának Gyármentő Programból történő kormányzati támogatásáról,Other,,
2023,2297/2023,A BAYER CONSTRUCT Építőipari és Szolgáltató Zártkörűen Működő Részvénytársaság beruházásának Gyármentő Programból történő kormányzati támogatásáról,Other,,
2023,2298/2023,Az MCS Vágóhíd Zártkörűen Működő Részvénytársaság beruházásának Gyármentő Programból történő kormányzati támogatásáról,Other,,
2023,2299/2023,A Tranzit-Food Baromfifeldolgozó és Élelmiszeripari Korlátolt Felelősségű Társaság beruházásának Gyármentő Programból történő kormányzati támogatásáról,Other,,
2023,2300/2023,"A SOLE-MiZo Tejterméket Gyártó, Forgalmazó és Szolgáltató Zártkörűen Működő Részvénytársaság beruházásának Gyármentő Programból történő kormányzati támogatásáról",Other,,
2023,2302/2023,A PEMÜ Műanyagipari Zártkörűen Működő Részvénytársaság beruházásának Gyármentő Programból történő kormányzati támogatásáról,Other,,
2023,2303/2023,A Fenstherm Future Zártkörűen Működő Részvénytársaság beruházásának Gyármentő Programból történő kormányzati támogatásáról,Other,,
2023,2304/2023,A KVGY Kaposvári Villamossági Gyár Korlátolt Felelősségű Társaság beruházásának Gyármentő Programból történő kormányzati támogatásáról,Other,,
2023,2305/2023,Az IKARUS Electric Zártkörűen Működő Részvénytársaság beruházásának Gyármentő Programból történő kormányzati támogatásáról,Other,,
2023,2306/2023,A GALLICOOP Pulykafeldolgozó Zártkörűen Működő Részvénytársaság beruházásának Gyármentő Programból történő kormányzati támogatásáról,Other,,
2023,2307/2023,A Baromfiudvar 2002 Kereskedelmi és Szolgáltató Korlátolt Felelősségű Társaság beruházásának Gyármentő Programból történő kormányzati támogatásáról,Other,,
2023,2308/2023,A HUNGERIT Baromfifeldolgozó és Élelmiszeripari Zártkörűen Működő Részvénytársaság beruházásának Gyármentő Programból történő kormányzati támogatásáról,Other,,
2023,2309/2023,A Nádudvari Élelmiszer Feldolgozó és Kereskedelmi Korlátolt Felelősségű Társaság beruházásának Gyármentő Programból történő kormányzati támogatásáról,Other,,
2023,2310/2023,A Maragoni Élelmiszeripari Zártkörűen Működő Részvénytársaság beruházásának Gyármentő Programból történő kormányzati támogatásáról,Other,,
2023,2311/2023,A Makovecz Campus Alapítvány létrehozásához szükséges feltételek és források biztosításáról szóló 2321/2021. Korm. határozat módosításáról és a végrehajtása kapcsán szükséges intézkedésekről,Other,,
2023,2312/2023,A Patella Medical Korlátolt Felelősségű Társaság nagybefektető magyarországi beruházásának kormányzati támogatásáról,Other,,
2023,2313/2023,A Medicontur Orvostechnikai Korlátolt Felelősségű Társaság nagybefektető magyarországi beruházásának kormányzati támogatásáról,Other,,
2023,2314/2023,A WAREMA Sun Shading Systems Hungary Korlátolt Felelősségű Társaság nagybefektető magyarországi beruházásának kormányzati támogatásáról,Other,,
2023,2315/2023,A HBPO Professional Services Korlátolt Felelősségű Társaság nagybefektető magyarországi beruházásának kormányzati támogatásáról,Other,,
2023,2316/2023,A háború sújtotta ukrajnai vállalkozások kapacitásainak ideiglenes Magyarországra telepítése érdekében szükséges intézkedésekről,Other,,
2023,2317/2023,A védelmi ipari tevékenységet ellátó gazdasági társaságok egységes irányításának következő lépéséről szóló 2845/2021. Korm. határozat módosításáról,Other,,
2023,2318/2023,A 2022/2506. Tanácsi (EU) határozat rendelkezéseihez kapcsolódó kérdésekről szóló 2056/2023. Korm. határozat módosításáról,Other,,
2023,2319/2023,"A Konstantinápolyi Egyetemes Patriarchátus Magyarországi Ortodox Exarchátus Dialógus Központ, Lelkiségi, Kulturális és Tudományos Akadémiája megvalósításának folytatásához szükséges források biztosításáról",Other,,
2023,2320/2023,Szivattyús tározós erőmű létesítéséről,Other,,
2023,2321/2023,A Magyar Honvédség Tartalékképző és Támogató Parancsnokság védelmi és biztonsági feladatokkal összefüggő igényeinek jóváhagyásáról,Other,,
2023,2322/2023,A MÁV-Volán-csoport részére szükséges 2023. évi többletforrás biztosításáról,Other,,
2023,2324/2023,A állami fenntartású fekvőbeteg-szakellátást nyújtó egészségügyi intézményeket érintő informatikai fejlesztésekről,Other,,
2023,2325/2023,Budapesti vasút mellette fejlesztési terület értékesítése kapcsán szükséges további intézkedésekről,Other,,
2023,2326/2023,Az Európai Unió Tanácsa 2024. második félévi magyar elnökségével összefüggő feladatok finanszírozásáról,Other,,
2023,2327/2023,A Siemens Energy Korlátolt Felelősségű Társaság beruházásának Gyármentő Programból történő kormányzati támogatásáról,Other,,
2023,2328/2023,Az agrárminiszter irányítása és tulajdonosi joggyakorlása alatt álló szervezetek egyes építési beruházásaihoz szükséges hozzájárulásról,Other,,
2023,2329/2023,A Száhel-övezezeti humanitárius tevékenység Hungary Helps Program keretében történő támogatásáról,Other,,
2023,2331/2023,A Honvédelem tantárgy bevezetéséhez szükséges intézkedésekről,Other,,
2023,2332/2023,"Az Északi Agrárszakképzési Centrum Vidékfejlesztési Program VP4- 12.1.1-16 kódszámú, Natura 2000 mezőgazdasági területeknek nyújtott kompenzációs kifizetések című felhívásában való részvételéhez történő hozzájárulásról",Other,,
2023,2333/2023,A Nemzeti Bormarketing Stratégiáról,Other,,
2023,2334/2023,"A Hódmezővásárhely, honvéd középiskola és kollégium kivitelezési feladataival összefüggő kötelezettségvállalás előzetes jóváhagyásáról",Other,,
2023,2335/2023,Az Európai Unió Tanácsa 2024. második félévi magyar elnökségével összefüggő további feladatok finanszírozásáról,Other,,
2023,2336/2023,A fenntartható finanszírozás és az egységes vállalati felelősségvállalás ösztönzését szolgáló hazai ESG-keretrendszerrel kapcsolatos szabályozási kérdésekről,Other,,
2023,2337/2023,A Regőczi István Alapítvány a Koronavírus Árváiért működéséhez és szakmai programjaihoz szükséges forrás biztosításáról,Other,,
2023,2338/2023,"A Magyarország Helyreállítási és Ellenállóképességi Tervéhez kapcsolódó, a támogatási keretösszeggel és a kiemelt kedvezményezettek megjelölésével bővített intézkedési lista jóváhagyásáról szóló 2415/2021. Korm. határozat módosításáról",Other,,
2023,2339/2023,Egyes gazdasági társaságok tulajdoni részesedései további hasznosításának vizsgálatáról,Other,,
2023,2340/2023,A Károli Gáspár Református Egyetem elhelyezésével kapcsolatos kormányzati intézkedésekről,Other,,
2023,2341/2023,A Gazdaságfejlesztési és Innovációs Operatív Program Plusz kiemelt projektjeinek nevesítéséről,Other,,
2023,2342/2023,Az egylakásos lakóépületekben telepített felvonók létesítésére és üzemeltetésére vonatkozó adminisztrációs terhek csökkentése érdekében szükséges jogszabályi változtatások előkészítéséről,Other,,
2023,2343/2023,A telekommunikációs iparág megerősítését célzó intézkedésről,Other,,
2023,2344/2023,A kormányzati képzési és oktatási beszerzések tilalmáról,Other,,
2023,2345/2023,A VERITAS Történetkutató Intézet és Levéltárral kapcsolatos intézkedésről,Other,,
2023,2346/2023,"A Nemzeti Oltóanyaggyár és a Nemzeti Koronavírus-Oltóanyaggyár megvalósításának módjáról és ütemezéséről, valamint a Nemzeti Oltóanyaggyár és a Nemzeti Koronavírus-Oltóanyaggyár megvalósításáról szóló 2035/2021. Korm. határozat módosításáról",Other,,
2023,2347/2023,A Talentum Református Általános iskola bővítésének és egyes zempléni református hitéleti célú ingatlanok felújításának támogatásáról szóló 2441/2020. Korm. határozat módosításáról,Other,,
2023,2348/2023,A Magyar Honvédség Logisztikai Támogató Parancsnokság védelmi és biztonsági feladatokkal összefüggő igényeinek jóváhagyásáról,Other,,
2023,2349/2023,A Magyar Honvédség Logisztikai Támogató Parancsnokság védelmi és biztonsági feladatokkal összefüggő igényeinek jóváhagyásáról,Other,,
2023,2350/2023,A Magyar Honvédség Logisztikai Támogató Parancsnokság védelmi és biztonsági feladatokkal összefüggő igénye jóváhagyásáról,Other,,
2023,2352/2023,A Mercedes-Benz Manufacturing Hungary Kft. nagybefektető magyarországi beruházásának kormányzati támogatásáról,Other,,
2023,2353/2023,A METAL HUNGÁRIA HOLDING Építőipari Zártkörűen Működő Részvénytársaság beruházásának Gyármentő Programból történő kormányzati támogatásáról,Other,,
2023,2354/2023,A DAK Acélszerkezeti Korlátolt Felelősségű Társaság beruházásának Gyármentő Programból történő kormányzati támogatásáról,Other,,
2023,2355/2023,A PRIME RATE Szolgáltató és Kereskedelmi Korlátolt Felelősségű Társaság beruházásának Gyármentő Programból történő kormányzati támogatásáról,Other,,
2023,2356/2023,A KEHOP-2.4.0-17 Víziközmű rendszerek fejlesztési koncepciójának és költség-haszon elemzésének támogatása című felhívás kapcsán indított szabálytalansági eljárásban megállapított pénzügyi korrekció rendezéséről,Other,,
2023,2357/2023,A PROVIM Professzionális Villamosipari Megoldások Korlátolt Felelősségű Társaság beruházásának Gyármentő Programból történő kormányzati támogatásáról,Other,,
2023,2358/2023,A KÜHNE Mezőgazdasági Gépgyár Zártkörűen Működő Részvénytársaság beruházásának Gyármentő Programból történő kormányzati támogatásáról,Other,,
2023,2359/2023,"A ""P & P"" Pékárukészítő és Értékesítő Korlátolt Felelősségű Társaság beruházásának Gyármentő Programból történő kormányzati támogatásáról",Other,,
2023,2360/2023,A Baromfi-Coop Termelő és Kereskedelmi Korlátolt Felelősségű Társaság beruházásának Gyármentő Programból történő kormányzati támogatásáról,Other,,
2023,2361/2023,A Keskeny és Társai 2001 Vagyonkezelő és Szolgáltató Korlátolt Felelősségű Társaság beruházásának Gyármentő Programból történő kormányzati támogatásáról,Other,,
2023,2362/2023,A Samsung SDI Magyarország Gyártó és Értékesítő Zártkörűen Működő Részvénytársaság nagybefektető magyarországi beruházásának kormányzati támogatásáról,Other,,
2023,2363/2023,A SZATMÁRI Malom Termelő és Kereskedelmi Korlátolt Felelősségű Társaság beruházásának Gyármentő Programból történő kormányzati támogatásáról,Other,,
2023,2364/2023,A Wamsler SE Háztartástechnikai Európai Részvénytársaság beruházásának Gyármentő Programból történő kormányzati támogatásáról,Other,,
2023,2365/2023,A Rosenberger Magyarország Elektronikai Korlátolt Felelősségű Társaság és a Rosenberger Automotive Cabling Korlátolt Felelősségű Társaság nagybefektetők magyarországi beruházásának kormányzati támogatásáról,Other,,
2023,2366/2023,Az Eximbank Zrt. kamatkiegyenlítése kiadási előirányzat túllépésének jóváhagyásáról,Other,,
2023,2367/2023,Egyes gazdasági társaságok közvetett állami tulajdonban lévő részesedései átruházásáról,Other,,
2023,2369/2023,Az Integritás Hatóság megkeresésének teljesítése érdekében fennálló tájékoztatási kötelezettségről,Other,,
2023,2370/2023,A Külgazdasági és Külügyminisztérium informatikai rendszerének biztonsági megújítási koncepciójáról és annak megvalósításáról,Other,,
2023,2371/2023,"A panaszokról, a közérdekű bejelentésekről, valamint a visszaélések bejelentésével összefüggő szabályokról szóló törvénnyel összefüggésben az Alapvető Jogok Biztosának Hivatala költségvetési forrásigényéről",Other,,
2023,2372/2023,A szendrői új tornacsarnok megvalósításához szükséges kormányzati intézkedésekről,Other,,
2023,2373/2023,"Az 1000 Brüsszel, Rue de la Loi 9. szám alatti ingatlan felújításához és átalakításához szükséges további intézkedésekről szóló 2239/2022. Korm. határozat módosításáról",Other,,
2023,2374/2023,A meghatározott szakpolitikai feladatok ellátásához szükséges intézkedésekről,Other,,
2023,2375/2023,A KARSAI ALBA Műanyagfeldolgozó Korlátolt Felelősségű Társaság beruházásának Gyármentő Programból történő kormányzati támogatásáról,Other,,
2023,2376/2023,"A VAJDA REAL ESTATE Ingatlanhasznosító, Kereskedelmi és Szolgáltató Korlátolt Felelősségű Társaság beruházásának Gyármentő Programból történő kormányzati támogatásáról",Other,,
2023,2377/2023,A Szegedi SZEFO Fonalfeldolgozó „zártkörűen működő” Részvénytársaság beruházásának Gyármentő Programból történő kormányzati támogatásáról,Other,,
2023,2378/2023,A Gerecse-Plusz Korlátolt Felelősségű Társaság beruházásának Gyármentő Programból történő kormányzati támogatásáról,Other,,
2023,2379/2023,A Bonafarm-Bábolna Takarmány Korlátolt Felelősségű Társaság beruházásának Gyármentő Programból történő kormányzati támogatásáról,Other,,
2023,2380/2023,A Szabályozott Tevékenységek Felügyeleti Hatósága középtávú ingatlanhasznosítási koncepciójának megvalósításával kapcsolatos intézkedésekről,Other,,
2023,2381/2023,Egyes határmenti beruházások támogatásáról,Other,,
2023,2382/2023,A Magyar Külügyi Intézet Nonprofit Zártkörűen Működő Részvénytársaság elhelyezéséül szolgáló ingatlan felújításával összefüggő intézkedésekről,Other,,
2023,2383/2023,A MÁV-Volán-csoport és a GYSEV Zrt. által 2023. évben ellátott közszolgáltatási és pályaműködtetési tevékenység finanszírozási többletigényei megtérítéséről,Other,,
2023,2384/2023,A VIASTEIN Korlátolt Felelősségű Társaság beruházásának Gyármentő Programból történő kormányzati támogatásáról,Other,,
2023,2385/2023,Az Integrált Közcélú Víziközmű Adatbázis (IKVA) rendszert érintő követelés pénzügyi rendezéséről,Other,,
2023,2386/2023,Egyes sportcélú beruházásokkal kapcsolatos intézkedésekről,"7. Külpolitika,",EU és Határon Túli Ügyek,EU elnökség előkészítése
2023,2387/2023,A Nemzeti Adó- és Vámhivatal védelmi és biztonsági feladatokkal összefüggő igényeinek jóváhagyásáról,Other,,
2023,2388/2023,Egyes gazdasági társaságok tulajdoni részesedései értékesítéséről,Other,,
2023,2389/2023,A magántulajdonban álló egészségügyi szolgáltatók finanszírozásának felülvizsgálatáról,Other,,
2023,2390/2023,A Magyarországi vasúti fejlesztéseihez szükséges kötelezettségvállalásról,Other,,
2023,2391/2023,Az általános gyermek- és ifjúsági baleset-biztosításhoz szükséges források biztosításáról,Other,,
2023,2392/2023,A Hungary Helps Ügynökség Nonprofit Zártkörűen Működő Részvénytársaság Humanitárius és Fejlesztési Központjának a Száhel- térségben történő létrehozásáról és kapcsolódó támogatási programjairól,Other,,
2023,2393/2023,Magyarország Kairói Nagykövetsége N’Djamenai Irodájának megnyitásához szükséges intézkedésekről,Other,,
2023,2394/2023,A Magyar Honvédség Száhel-övezetben történő tervezett katonai szerepvállalásának vizsgálatához kapcsolódó feladatokról,Other,,
2023,2396/2023,A SIROMA-PLAST Műanyagipari Korlátolt Felelősségű Társaság beruházásának Gyármentő Programból történő kormányzati támogatásáról,Other,,
2023,2397/2023,A Magyar Honvédség csádi katonai szerepvállalását előkészítő Szemrevételező Törzs kiküldéséről,Other,,
2023,2398/2023,A Mathias Corvinus Collegium tehetséggondozási programja végrehajtásához szükséges infrastrukturális fejlesztések megvalósításáról,Other,,
2023,2399/2023,A Boszniai Szerb Köztársaság mint hiteladós részére a Magyar Export- Import Bank Zrt. által nyújtandó szabad felhasználású hitelszerződés módosításáról,Other,,
2023,2400/2023,A Külgazdasági és Külügyminisztérium védelmi képességének fenntartásához szükséges beszerzési terve jóváhagyásáról,Other,,
2023,2401/2023,"A Magyar Honvédség Logisztikai Támogató Parancsnokság védelmi és biztonsági feladatokkal összefüggő igényeinek, tűzszerészkészülékek beszerzése jóváhagyásáról",Other,,
2023,2402/2023,"A Honvéd Vezérkar védelmi és biztonsági feladatokkal összefüggő igényének, LYNX program beszerzése jóváhagyásáról",Other,,
2023,2403/2023,A Nemzeti Közszolgálati Egyetem védelmi és biztonsági feladatokkal összefüggő igénye jóváhagyásáról,Other,,
2023,2404/2023,A Honvéd Vezérkar védelmi és biztonsági feladatokkal összefüggő igényeinek jóváhagyásáról,Other,,
2023,2405/2023,"A Magyar Honvédség Logisztikai Támogató Parancsnokság védelmi és biztonsági feladatokkal összefüggő igényei, vegyijelző műszerek beszerzése jóváhagyásáról",Other,,
2023,2406/2023,"A Nemzeti Adó- és Vámhivatal védelmi és biztonsági feladatokkal összefüggő igénye, kézi röntgen beszerzése jóváhagyásáról",Other,,
2023,2407/2023,A Magyar Honvédség Logisztikai Támogató Parancsnokság védelmi és biztonsági feladatokkal összefüggő igényeinek jóváhagyásáról,Other,,
2023,2408/2023,A Magyar Honvédség Lahner György 2. Ellátóezred védelmi képességének fenntartásához szükséges beszerzési terve jóváhagyásáról,Other,,
2023,2409/2023,A Katonai Nemzetbiztonsági Szolgálat védelmi képességének fenntartásához szükséges módosított beszerzési terve jóváhagyásáról,Other,,
2023,2410/2023,A Magyar Külügyi Intézet Nonprofit Zártkörűen Működő Részvénytársaság elhelyezéséhez szükséges intézkedésekről,Other,,
2023,2411/2023,"A Védelmi Ipari Tőkealap létrehozásáról, az alapkezelő kijelölésről, valamint a szükséges források biztosításáról",Other,,
2023,2412/2023,A Félegyházi Pékség Korlátolt Felelősségű Társaság beruházásának Gyármentő Programból történő kormányzati támogatásáról,Other,,
2023,2413/2023,A Marnevall Kereskedelmi és Szolgáltató Zártkörűen Működő Részvénytársaság beruházásának Gyármentő Programból történő kormányzati támogatásáról,Other,,
2023,2415/2023,A Henkel Magyarország Operations Korlátolt Felelősségű Társaság nagybefektető magyarországi beruházásának kormányzati támogatásáról,Other,,
2023,2416/2023,A Support Services Group Europe Zártkörűen Működő Részvénytársaság nagybefektető magyarországi beruházásának kormányzati támogatásáról,Other,,
2023,2417/2023,A MÁV-START Zrt. profiltisztításának folytatásáról,Other,,
2023,2418/2023,A Gazdaságfejlesztési és Innovációs Operatív Program Plusz kiemelt projektjeinek nevesítéséről,Other,,
2023,2419/2023,A Terrorelhárítási Központ építési beruházása megvalósításához szükséges további intézkedésekről,Other,,
2023,2420/2023,A Terrorelhárítási Központ építési beruházásaival összefüggő intézkedésekről,Other,,
2023,2421/2023,A Magyarországot népszerűsítő nemzetközi marketing kampány lefolytatásával kapcsolatos egyes intézkedésekről szóló 2582/2021. Korm. határozat végrehajtása során alkalmazandó eltérő rendelkezésekről,Other,,
2023,2422/2023,A Debrecen Nemzetközi Repülőtér működtetése érdekében szükséges intézkedésekről szóló 2224/2023. Korm. határozat végrehajtása érdekében szükséges további intézkedésekről,Other,,
2023,2423/2023,"A VAJDA-PAPÍR Gyártó, Kereskedelmi és Szolgáltató Korlátolt Felelősségű Társaság beruházásának Gyármentő Programból történő kormányzati támogatásáról",Other,,
2023,2424/2023,"A ZALA-ELEKTRO Épületvillamossági, Szerelő és Szolgáltató Korlátolt Felelősségű Társaság beruházásának Gyármentő Programból történő kormányzati támogatásáról",Other,,
2023,2425/2023,A KÉSZ Metaltech Korlátolt Felelősségű Társaság beruházásának Gyármentő Programból történő kormányzati támogatásáról,Other,,
2023,2426/2023,"Az Észak-magyarországi Regionális Utánpótlás Központ és partneregyesületei működésének, valamint sportszakmai feladatainak finanszírozásával kapcsolatos intézkedésekről, valamint a határon túli célú költségvetési támogatások biztosításáról szóló 2402/2020. Korm. határozat módosításáról",Other,,
2023,2427/2023,"A győri Szent Mór Bencés Perjelség és a Czuczor Gergely Bencés Gimnázium és Kollégium épületének oktatási, hitéleti és fenntartható működést szolgáló rekonstrukciójával összefüggő kiegészítő forrás biztosításáról",Other,,
2023,2428/2023,A Honvédelmi Minisztérium fejezet részére kötelezettségvállalás engedélyezéséről,Other,,
2023,2429/2023,A Bükki Nemzeti Park Igazgatóság védelmi képességének fenntartásához szükséges beszerzési terve jóváhagyásáról,Other,,
2023,2430/2023,A Fővárosi Katasztrófavédelmi Igazgatóság védelmi képességének fenntartásához szükséges beszerzési terve jóváhagyásáról,Other,,
2023,2431/2023,A Magyar Honvédség Logisztikai Támogató Parancsnokság védelmi és biztonsági feladatokkal összefüggő igényeinek – CZ kézifegyver beszerzés – jóváhagyásáról,Other,,
2023,2432/2023,A Magyar Honvédség Logisztikai Támogató Parancsnokság védelmi és biztonsági feladatokkal összefüggő igényeinek jóváhagyásáról,Other,,
2023,2433/2023,A Magyar Honvédség Logisztikai Támogató Parancsnokság védelmi és biztonsági feladatokkal összefüggő igényeinek –Mentesítő anyag beszerzése és MH képzés – jóváhagyásáról,Other,,
2023,2434/2023,Védelmi és biztonsági feladatokkal összefüggő beszerzési igények hatékony kielégítése érdekében keretmegállapodás megkötésének jóváhagyásáról,Other,,
2023,2435/2023,A HUNGARORING Sport Zártkörűen Működő Részvénytársaság Stratégiai Fejlesztési Programjának 2. ütemében megvalósuló beruházás megvalósításáról,Other,,
2023,2436/2023,Egyes bányászati kérdésekről,Other,,
2023,2437/2023,A regionális Gazdaságfejlesztési Támogatási Program folytatásáról,Other,,
2023,2438/2023,A Nemzeti Virtuális Tér kialakításához szükséges feladatokról és források biztosításáról,Other,,
2023,2439/2023,A kormányzati képzések és oktatások központosított beszerzési rendszeréhez szükséges központi költségvetési forrás biztosításáról,Other,,
2023,2440/2023,"Az Iskola Alapítvány ""Iskolaidőn kívüli oktatás"" programjának támogatása finanszírozásához szükséges forrás biztosításáról",Other,,
2023,2441/2023,Az autóipari kábelkorbács gyártó üzem létrehozására irányuló beruházás kormányzati támogatási lehetőségének megvizsgálásáról,Other,,
2023,2442/2023,A stratégiai építési termékek egyszerűsített környezeti értékeléséről és fokozott piacfelügyeleti ellenőrzéséről,Other,,
2023,2443/2023,A 2024. évi Olympic Qualifier Series of Urban Sports (Utcai Sportok Olimpiai Fesztiválja) budapesti állomásának megrendezése érdekében szükséges kormányzati intézkedésekről,Other,,
2023,2444/2023,"A ""Phoenix Mecano Kecskemét"" Termelő és Kereskedelmi Korlátolt Felelősségű Társaság nagybefektető magyarországi beruházásának kormányzati támogatásáról",Other,,
2023,2445/2023,Az egyes határmenti gazdaságfejlesztési célok támogatásáról,Other,,
2023,2446/2023,Az Integrált Közlekedésfeljesztési Operatív Program Plusz kiemelt projektjeinek megállapításáról,Other,,
2023,2447/2023,Az egri Déli Ipari Park villamosenergia-hálózatfejlesztés megvalósítása érdekében szükséges további intézkedések szempontjairól,Other,,
2023,2448/2023,A Magyar Honvédség harcászati repülő képesség fejlesztéséhez kapcsolódó intézkedésekről,Other,,
2023,2449/2023,Az aktuális közéleti kérdésekről szóló nemzeti konzultációról,Other,,
2023,2450/2023,A Környezeti és Energiahatékonysági Operatív Program Plusz kiemelt projektjeinek nevesítéséről,Other,,
2023,2452/2023,A KARSAI PLAST Műanyagfeldolgozó Korlátolt Felelősségű Társaság beruházásának Gyármentő Programból történő kormányzati támogatásáról,Other,,
2023,2453/2023,A Robert Bosch Elektronika Gyártó Kft. nagybefektető magyarországi beruházásának kormányzati támogatásáról,Other,,
2023,2454/2023,A BIO-FUNGI Termelő és Kereskedelmi Korlátolt Felelősségű Társaság beruházásának Gyármentő Programból történő kormányzati támogatásáról,Other,,
2023,2455/2023,Az UNIÓ COOP Szövetkezeti Kereskedelmi Zártkörűen működő Részvénytársaság beruházásának Gyármentő Programból történő kormányzati támogatásáról,Other,,
2023,2456/2023,A CAOLA Kozmetikai és Háztartás vegyipari Zártkörűen Működő Részvénytársaság beruházásának Gyármentő Programból történő kormányzati támogatásáról,Other,,
2023,2457/2023,A LIGHTTECH Lámpatechnológiai Korlátolt Felelősségű Társaság beruházásának Gyármentő Programból történő kormányzati támogatásáról,Other,,
2023,2458/2023,Az MVM OVIT Országos Villamostávvezeték Zártkörűen Működő Részvénytársaság beruházásának Gyármentő Programból történő kormányzati támogatásáról,Other,,
2023,2459/2023,Az Apollo Tyres (Hungary) Korlátolt Felelősségű Társaság nagybefektető magyarországi beruházásának kormányzati támogatásáról,Other,,
2023,2460/2023,A Schaeffler Savaria Korlátolt Felelősségű Társaság nagybefektető magyarországi beruházásának kormányzati támogatásáról,Other,,
2023,2461/2023,Az Emberi Erőforrás Fejlesztési Operatív Program Plusz kiemelt projektjeinek nevesítéséről szóló 2185/2023. Korm. határozat módosításáról,Other,,
2023,2462/2023,A felülvizsgált Nemzeti Energia- és Klímatervről,Other,,
2023,2463/2023,A DANUBIANA Borkereskedő- és Termelő Korlátolt Felelősségű Társaság beruházásának Gyármentő Programból történő kormányzati támogatásáról,Other,,
2023,2464/2023,A Nestlé Hungária Korlátolt Felelősségű Társaság beruházásának Gyármentő Programból történő kormányzati támogatásáról,Other,,
2023,2465/2023,A víziközmű-ágazat fenntartható működését biztosító finanszírozásról,Other,,
2023,2466/2023,A GYSEV Zrt. tulajdoni hányadának megszerzéséről,Other,,
2023,2467/2023,Egyes kisebbségi állami tulajdonban álló társaságok átalakulásáról,Other,,
2023,2468/2023,A DRENIK Hungary Korlátolt Felelősségű Társaság beruházásának Gyármentő Programból történő kormányzati támogatásáról,Other,,
2023,2469/2023,A sátoraljaújhelyi Rákóczi Tábor további fejlesztéséhez kapcsolódó beruházás megvalósítása érdekében szükséges kormányzati intézkedésekről,Other,,
2023,2470/2023,A Samsung SDI Magyarország Gyártó és Értékesítő Zártkörűen Működő Részvénytársaság beruházásának Gyármentő Programból történő kormányzati támogatásáról,Other,,
2023,2471/2023,Egyes honvédelmi tárgyú beszerzési eljárások eredményeként kötendő szerződésekkel kapcsolatos kötelezettségvállalások előzetes jóváhagyásáról,Other,,
2023,2472/2023,Az Európai Bizottság Technikai Támogatási Eszköze 2024. évi pályázati körében benyújtani javasolt pályázatokról,Other,,
2023,2473/2023,A Nemzeti Adó- és Vámhivatal foglalkoztatottjainak illetményemeléséről,Other,,
2023,2474/2023,Magyarország Bernben található nagyköveti hivatalának elhelyezéséhez szükséges intézkedésekről,Other,,
2023,2475/2023,A Krausz Ferenc Nobel-díjas fizikus által vezetett Molekuláris- Ujjlenyomat Kutató Központ Nonprofit Korlátolt Felelősségű Társaság (CMF) 2030-ig tartó stratégiai céljainak megvalósításához szükséges intézkedésekről,Other,,
2023,2476/2023,A TDK Hungary Components Korlátolt Felelősségű Társaság beruházásának Gyármentő Programból történő kormányzati támogatásáról,Other,,
2023,2477/2023,A veszélyhelyzet idején a villamosenergia-ellátás folyamatos biztosítása érdekében szükséges villamosenergia-termelő költségeinek ellentételezéséről szóló 1950/2021. (XII. 22.) Korm. határozat és a veszélyhelyzet idején a villamosenergia-ellátás folyamatos biztosítása érdekében szükséges villamosenergia-termelő kijelöléséről szóló 754/2021. (XII. 22.) Korm. rendelet végrehajtásához kapcsolódó egyes feladatokról,Other,,
2023,2478/2023,A MÁV-START Zrt. profiltisztításának folytatásáról szóló 2417/2023. Korm. határozat módosításáról,Other,,
2023,2479/2023,Egyes uszodák üzemeltetési támogatásával kapcsolatos további intézkedésekről,Other,,
2023,2480/2023,A Gazdaságfejlesztési és Innovációs Operatív Program Plusz keretében kiegészítő forrás biztosításáról,Other,,
2023,2481/2023,COVID-19 (SARS-CoV-2) Omicron koronavírus elleni védőoltás beszerzéséhez szükséges többletforrás biztosításáról,Other,,
2023,2482/2023,"A Honvéd Vezérkar védelmi és biztonsági feladatokkal összefüggő igényeinek, valamint kézi rádió teljesítményerősítés beszerzésének jóváhagyásáról",Other,,
2023,2483/2023,A MÁV Magyar Államvasutak Zrt. védelmi és biztonsági feladatokkal összefüggő igénye jóváhagyásáról jóváhagyásáról,Other,,
2023,2484/2023,"A Magyar Honvédség Logisztikai Támogató Parancsnokság védelmi és biztonsági feladatokkal összefüggő igényeinek, Internet alapú telefonok jóváhagyásáról",Other,,
2023,2485/2023,A Honvéd Vezérkar védelmi és biztonsági feladatokkal összefüggő igényeinek jóváhagyásáról,Other,,
2023,2486/2023,A Magyar Honvédség Logisztikai Támogató Parancsnokság védelmi és biztonsági feladatokkal összefüggő igényeinek jóváhagyásáról,Other,,
2023,2487/2023,A Rendőrségi Oktatási és Kiképző Központ védelmi képességének fenntartásához szükséges beszerzési terve jóváhagyásáról,Other,,
2023,2488/2023,A Borsod-Abaúj-Zemplén Vármegyei Rendőr-főkapitányság védelmi képességének fenntartásához szükséges beszerzési terve jóváhagyásáról,Other,,
2023,2489/2023,A Baranya Vármegyei Katasztrófavédelmi Igazgatóság védelmi képességének fenntartásához szükséges beszerzési terve jóváhagyásáról,Other,,
2023,2490/2023,Az Országos Idegenrendészeti Főigazgatóság védelmi képességének fenntartásához szükséges beszerzési terve jóváhagyásáról,Other,,
2023,2491/2023,A Vas Vármegyei Katasztrófavédelmi Igazgatóság védelmi képességének fenntartásához szükséges beszerzési terve jóváhagyásáról,Other,,
2023,2492/2023,A Pest Vármegyei Rendőr-főkapitányság védelmi képességének fenntartásához szükséges beszerzési terve jóváhagyásáról,Other,,
2023,2493/2023,A Tolna Vármegyei Katasztrófavédelmi Igazgatóság védelmi képességének fenntartásához szükséges beszerzési terve jóváhagyásáról,Other,,
2023,2494/2023,A Békés Vármegyei Katasztrófavédelmi Igazgatóság védelmi képességének fenntartásához szükséges beszerzési terve jóváhagyásáról,Other,,
2023,2495/2023,A Nemzeti Szakértői és Kutató Központ védelmi képességének fenntartásához szükséges beszerzési terve jóváhagyásáról,Other,,
2023,2496/2023,A Borsod-Abaúj-Zemplén Vármegyei Katasztrófavédelmi Igazgatóság védelmi képességének fenntartásához szükséges beszerzési terve jóváhagyásáról,Other,,
2023,2497/2023,A Szabolcs-Szatmár-Bereg Vármegyei Rendőr-főkapitányság védelmi képességének fenntartásához szükséges beszerzési terve jóváhagyásáról,Other,,
2023,2498/2023,A Szabolcs-Szatmár-Bereg Vármegyei Katasztrófavédelmi Igazgatóság védelmi képességének fenntartásához szükséges beszerzési terve jóváhagyásáról,Other,,
2023,2499/2023,A Somogy Vármegyei Katasztrófavédelmi Igazgatóság védelmi képességének fenntartásához szükséges beszerzési terve jóváhagyásáról,Other,,
2023,2500/2023,A Miskolci Rendvédelmi Technikum védelmi képességének fenntartásához szükséges beszerzési terve jóváhagyásáról,Other,,
2023,2501/2023,A Fejér Vármegyei Katasztrófavédelmi Igazgatóság védelmi képességének fenntartásához szükséges beszerzési terve jóváhagyásáról,Other,,
2023,2502/2023,A Fejér Vármegyei Rendőr-főkapitányság védelmi képességének fenntartásához szükséges beszerzési terve jóváhagyásáról,Other,,
2023,2503/2023,A Komárom-Esztergom Vármegyei Katasztrófavédelmi Igazgatóság védelmi képességének fenntartásához szükséges beszerzési terve jóváhagyásáról,Other,,
2023,2504/2023,A Csongrád-Csanád Vármegyei Katasztrófavédelmi Igazgatóság védelmi képességének fenntartásához szükséges beszerzési terve jóváhagyásáról,Other,,
2023,2505/2023,A Győr-Moson-Sopron Vármegyei Katasztrófavédelmi Igazgatóság védelmi képességének fenntartásához szükséges beszerzési terve jóváhagyásáról,Other,,
2023,2506/2023,A Pest Vármegyei Katasztrófavédelmi Igazgatóság védelmi képességének fenntartásához szükséges beszerzési terve jóváhagyásáról,Other,,
2023,2507/2023,A Veszprém Vármegyei Katasztrófavédelmi Igazgatóság védelmi képességének fenntartásához szükséges beszerzési terve jóváhagyásáról,Other,,
2023,2508/2023,A Bács-Kiskun Vármegyei Rendőr-főkapitányság védelmi képességének fenntartásához szükséges beszerzési terve jóváhagyásáról,Other,,
2023,2509/2023,Az MVM BSZK Biztonsági Szolgáltató Központ Zártkörűen Működő Részvénytársaság védelmi képességének fenntartásához szükséges beszerzési terve jóváhagyásáról,Other,,
2023,2510/2023,A Radioaktív Hulladékokat Kezelő Közhasznú Nonprofit Korlátolt Felelősségű Társaság védelmi képességének fenntartásához szükséges beszerzési terve jóváhagyásáról,Other,,
2023,2511/2023,A honvédelmi tárgyú beszerzési eljárás eredményeként kötendő szerződésre vonatkozó kötelezettségvállalás előzetes jóváhagyásáról,Other,,
2023,2512/2023,A 4614. jelű összekötő út nyomvonalának módosítását érintő beruházás előkészítéséről,Other,,
2023,2515/2023,A külföldön élő magyarok hazatérésének ösztönzéséről,Other,,
2023,2516/2023,Egy gazdasági társaság irányítási jogának megszerzéséről,Other,,
2023,2517/2023,A háztartási méretű kiserőművek által a hálózatba betáplált és kivett villamos energia bruttó elszámolásának bevezetéséhez kapcsolódó egyéb intézkedésekről,Other,,
2023,2518/2023,"Egyes egyes minisztériumok, központi költségvetési szervek és állami tulajdonú gazdasági társaságok elhelyezésével kapcsolatos további kormányzati intézkedésekről",Other,,
2023,2519/2023,A Magyar Olimpiai Bizottságot érintő egyes kérdésekről,Other,,
2023,2520/2023,A frankofón kapcsolatok 2023-2027. évi fejlesztéséhez szükséges intézkedésekről,Other,,
2023,2521/2023,Az Ukrajnából érkezők foglalkoztatásának ösztönzéséről,Other,,
2023,2522/2023,A HELL ENERGY Magyarország Korlátolt Felelősségű Társaság beruházásának Gyármentő Programból történő kormányzati támogatásáról,Other,,
2023,2523/2023,A Merian Foods Élelmiszeripari Korlátolt Felelősségű Társaság beruházásának Gyármentő Programból történő kormányzati támogatásáról,Other,,
2023,2524/2023,A Ceres Sütőipari Zártkörűen Működő Részvénytársaság beruházásának Gyármentő Programból történő kormányzati támogatásáról,Other,,
2023,2525/2023,A BioTech USA Korlátolt Felelősségű Társaság beruházásának Gyármentő Programból történő kormányzati támogatásáról,Other,,
2023,2526/2023,"A Tamási-Hús Húsipari, Kereskedelmi és Szolgáltató Korlátolt Felelősségű Társaság beruházásának Gyármentő Programból történő kormányzati támogatásáról",Other,,
2023,2527/2023,Az Agro-Chemie Korlátolt Felelősségű Társaság beruházásának Gyármentő Programból történő kormányzati támogatásáról,Other,,
2023,2528/2023,A Simon Plastics Korlátolt Felelősségű Társaság beruházásának Gyármentő Programból történő kormányzati támogatásáról,Other,,
2023,2529/2023,A HAJDU Hajdúsági Ipari Zártkörűen Működő Részvénytársaság beruházásának Gyármentő Programból történő kormányzati támogatásáról,Other,,
2023,2530/2023,Az ÓAM ÓZDI ACÉLMÜVEK Korlátolt Felelősségű Társaság beruházásának Gyármentő Programból történő kormányzati támogatásáról,Other,,
2023,2531/2023,A VÁLL-KER Vállalkozói és Kereskedelmi Korlátolt Felelősségű Társaság beruházásának Gyármentő Programból történő kormányzati támogatásáról,Other,,
2023,2532/2023,A FERROKOV Vas és Fémipari Korlátolt Felelősségű Társaság beruházásának Gyármentő Programból történő kormányzati támogatásáról,Other,,
2023,2533/2023,A Richter Gedeon Vegyészeti Gyár Nyilvánosan Működő Rt. beruházásának Gyármentő Programból történő kormányzati támogatásáról,Other,,
2023,2534/2023,A TRIOTECHNIK Ipari és Szolgáltató Korlátolt Felelősségű Társaság beruházásának Gyármentő Programból történő kormányzati támogatásáról,Other,,
2023,2535/2023,A LINDE GÁZ Magyarország Zártkörűen Működő Részvénytársaság beruházásának Gyármentő Programból történő kormányzati támogatásáról,Other,,
2023,2536/2023,Az ÖKOIL Alapanyag Előállító és Kereskedelmi Korlátolt Felelősségű Társaság beruházásának Gyármentő Programból történő kormányzati támogatásáról,Other,,
2023,2537/2023,A Robert Bosch Energy and Body Systems Gépjárműelektromossági Alkatrész Gyártó és Forgalmazó Korlátolt Felelősségű Társaság nagybefektető magyarországi beruházásának kormányzati támogatásáról,Other,,
2023,2538/2023,A Samsung SDI Magyarország Gyártó és Értékesítő Zártkörűen Működő Részvénytársaság nagybefektető magyarországi beruházásának kormányzati támogatásáról,Other,,
2023,2539/2023,A Gerulus Kereskedelmi és Szolgáltató Korlátolt Felelősségű Társaság beruházásának Gyármentő Programból történő kormnyzati támogatásáról,Other,,
2023,2540/2023,A HAJDU Autotechnika Ipari Zártkörűen Működő Részvénytársaság beruházásának Gyármentő Programból történő kormányzati támogatásáról,Other,,
2023,2541/2023,A MOL-LUB Kenőanyag Gyártó Forgalmazó és Szolgáltató Korlátolt Felelősségű Társaság beruházásának Gyármentő Programból történő kormányzati támogatásáról,Other,,
2023,2542/2023,A Wellis Magyarország Kereskedelmi és Szolgáltató Zártkörűen Működő Részvénytársaság beruházásának Gyármentő Programból történő kormányzati támogatásáról,Other,,
2023,2543/2023,A Valeo Auto-Electric Magyarország Korlátolt Felelősségű Társaság nagybefektető magyarországi beruházásának kormányzati támogatásáról,Other,,
2023,2544/2023,A SEMCORP Hungary Korlátolt Felelősségű Társaság nagybefektető magyarországi beruházásának kormányzati támogatásáról,Other,,
2023,2545/2023,A SE-CEE Schneider Electric Közép-Kelet Európai Korlátolt Felelősségű Társaság nagybefektető magyarországi beruházásának kormányzati támogatásáról,Other,,
2023,2547/2023,A DBC Dél-Budai Centrum Projekt Beruházó és Ingatlanfejlesztő Zártkörűen Működő Részvénytársaságnak az Egészségügyi Infrastruktúra Fejlesztő Nonprofit Korlátolt Felelősségű Társaságba történő beolvadásáról,Other,,
2023,2548/2023,A déli határnál található elhagyott járművekkel kapcsolatos intézkedésekkel összefüggő forrásbiztosításról,Other,,
2023,2549/2023,Az állami légiközlekedési szolgáltató kompetencia központ létrehozásáról szóló 2276/2023. Korm. határozat módosításáról,Other,,
2023,2550/2023,A Prysmian MKM Magyar Kábel Művek Korlátolt Felelősségű Társaság beruházásának Gyármentő Programból történő kormányzati támogatásáról,Other,,
2023,2551/2023,A FLAIR-PLASTIC Korlátolt Felelősségű Társaság beruházásának Gyármentő Programból történő kormányzati támogatásáról,Other,,
2023,2552/2023,A paksi atomerőmű és a veszélyes üzemek környezetében telepített monitoring és lakossági riasztó rendszer működtetéséhez szükséges források biztosításáról,Other,,
2023,2553/2023,A magyar államnak a Nemzetközi Beruházási Bankból történő kilépése révén a Bankban fennálló tulajdoni részesedése érvényesítéséhez szükséges egyes intézkedésekről,Other,,
2023,2554/2023,Az Észak-Pesti Centrumkórház – Honvédkórház részére átadott informatikai eszközök ingyenessége biztosításáról,Other,,
2023,2555/2023,A magyar-török évad megnyitójának kiemelt fontosságú rendezvénnyé nyilvánításáról,Other,,
2023,2556/2023,Az azerbajdzsáni Soltanli településen iskolakomplexum megvalósításáról,Other,,
2023,2557/2023,A MA-KA Takarmánykeverő és Forgalmazó Korlátolt Felelősségű Társaság beruházásának Gyármentő Programból történő kormányzati támogatásáról,Other,,
2023,2558/2023,A Kőröstej Tejfeldolgozó és Kereskedelmi Korlátolt Felelősségű Társaság beruházásának Gyármentő Programból történő kormányzati támogatásáról,Other,,
2023,2559/2023,"A Közlekedési, Környezeti és Energiahatékonysági Operatív Programok kapcsán indított szabálytalansági eljárásokban megállapított pénzügyi korrekciók rendezéséről",Other,,
2023,2561/2023,A meddőségkezeléssel kapcsolatos szakmai tapasztalatok átvételéről,Other,,
2023,2562/2023,Egyes határmenti beruházások támogatásáról,Other,,
2023,2563/2023,"Egyes határon túli gazdaságfejlesztési programok megvalósításhoz, kiemelten a Vajdasági Gazdaságfejlesztési Program folytatásához szükséges többletforrások biztosításáról",Other,,
2023,2564/2023,A HUNGARORING SFP Korlátolt Felelősségű Társaság létrehozásáról,Other,,
2023,2565/2023,A térítésmentes tankönyvellátás folyamatos megvalósítása érdekében szükséges finanszírozásról,Other,,
2023,2567/2023,A Tour de Hongrie nemzeti kerékpáros körverseny évenkénti megrendezése és hosszútávú fejlesztésének biztosítása érdekében szükséges kormányzati intézkedésekről szóló 2708/2021. Korm. határozat módosításáról,Other,,
2023,2568/2023,A MOL Magyar Olaj- és Gázipari Nyilvánosan Működő Részvénytársaság beruházásának Gyármentő Programból történő kormányzati támogatásáról,Other,,
2023,2569/2023,A Pátria Nyomda Zártkörűen Működő Részvénytársaság beruházásának Gyármentő Programból történő kormányzati támogatásáról,Other,,
2023,2570/2023,A Kiss és Társa Vas- és Fémipari Kft beruházásának Gyármentő Programból történő kormányzati támogatásáról,Other,,
2023,2571/2023,Az ANY Biztonsági Nyomda Nyilvánosan Működő Részvénytársaság beruházásának Gyármentő Programból történő kormányzati támogatásáról,Other,,
2023,2572/2023,A hazai gazdasági szereplők versenyképességének erősítésével és a villamosenergia-tárolók villamosenergia-rendszerben történő alkalmazásának ösztönzésével kapcsolatos intézkedésekről,Other,,
2023,2574/2023,A Terrorelhárítási Központ építési beruházásaival összefüggő intézkedésekről szóló 2420/2023. Korm. határozat módosításáról,Other,,
2023,2575/2023,A QUALITY PACK Zártkörűen Működő Részvénytársaság beruházásának Gyármentő Programból történő kormányzati támogatásáról,Other,,
2023,2576/2023,A diákhitelezés intézményrendszerének átalakításáról,Other,,
2023,2577/2023,A Talentis International Construction Investments Korlátolt Felelősségű Társaság részére az MFB Magyar Fejlesztési Bank Zártkörűen Működő Részvénytársaság által nyújtandó hitelhez kapcsolódó állami készfizető kezességvállalásról,Other,,
2023,2578/2023,A háború elől menekülő örmény közösségek támogatásához szükséges intézkedésekről,Other,,
2023,2579/2023,Az Európai Unió Tanácsa 2024. második félévi magyar elnökségével kapcsolatos akkreditációs rendszerről,Other,,
2023,2581/2023,A Nemzeti Kastélyprogram és Nemzeti Várprogram részét képező egyes projektek mérföldköveinek meghatározásáról szóló kormányhatározat felülvizsgálatáról,Other,,
2023,2582/2023,A Dunántúl déli és délnyugati térségeiben az iparfejlesztés előmozdítása érdekében szükséges intézkedésekről,Other,,
2023,2583/2023,A BHS Trans Korlátolt Felelősségű Társaság nagybefektető magyarországi beruházásának kormányzati támogatásáról,Other,,
2023,2584/2023,A QUALITY PACK CASPIAN AFEZCO és a QUALITY PACK International Kft. mint hiteladósok részére a Magyar Export-Import Bank Zártkörűen Működő Részvénytársaság által nyújtandó hitelekhez szükséges egyes kormányzati intézkedésekről,Other,,
2023,2586/2023,Az erdőkből kitermelt faanyag hatékonyabb hasznosítása érdekében szükséges intézkedésekről,Other,,
2023,2587/2023,A HUNGARORING Sport Zártkörűen Működő Részvénytársaság Stratégiai Fejlesztési Programjának 2. ütemében megvalósuló beruházással kapcsolatos kormányzati intézkedésekről,Other,,
2023,2588/2023,A Kovács Katalin Nemzeti Kajak–Kenu Sportakadémia működésének megkezdéséhez szükséges intézkedésekről,Other,,
2023,2589/2023,Egy gazdasági társaság többségi tulajdoni részesedéseinek megszerzéséről,Other,,
2023,2590/2023,A Magyar Export-Import Bank Zártkörűen Működő Részvénytársaság által a Corvinus Nemzetközi Befektetési Zártkörűen Működő Részvénytársaság részére nyújtandó hitelhez kapcsolódó egyes kormányzati intézkedésekről,Other,,
2023,2591/2023,Egy gazdasági társaság irányítási jogának megszerzéséről,Other,,
2023,2592/2023,A Magyarországot népszerűsítő nemzetközi marketing kampány lefolytatásával kapcsolatos egyes intézkedésekről szóló 2144/2023. Korm. határozat végrehajtása során alkalmazandó eltérő rendelkezésekről,Other,,
2023,2593/2023,Az Alkotmányvédelmi Hivatal védelmi képességének fenntartásához szükséges beszerzési terve jóváhagyásáról,Other,,
2023,2594/2023,Az Alkotmányvédelmi Hivatal védelmi és biztonsági feladatokkal összefüggő igénye jóváhagyásáról,Other,,
2023,2595/2023,A Bács-Kiskun Vármegyei Katasztrófavédelmi Igazgatóság védelmi képességének fenntartásához szükséges beszerzési terve jóváhagyásáról,Other,,
2023,2596/2023,A Belügyminisztérium Országos Katasztrófavédelmi Főigazgatóság Gazdasági Ellátó Központ védelmi képességének fenntartásához szükséges beszerzési terve jóváhagyásáról,Other,,
2023,2597/2023,A Belügyminisztérium Országos Katasztrófavédelmi Főigazgatóság védelmi képességének fenntartásához szükséges beszerzési terve jóváhagyásáról,Other,,
2023,2598/2023,A Budapesti Rendőr-főkapitányság védelmi képességének fenntartásához szükséges beszerzési terve jóváhagyásáról,Other,,
2023,2599/2023,A Büntetés-végrehajtás Gazdasági Ellátó Intézet védelmi képességének fenntartásához szükséges beszerzési terve jóváhagyásáról,Other,,
2023,2600/2023,A Büntetés-végrehajtás Országos Parancsnoksága védelmi képességének fenntartásához szükséges beszerzési terve jóváhagyásáról,Other,,
2023,2601/2023,A Baranya Vármegyei Rendőr-főkapitányság védelmi képességének fenntartásához szükséges beszerzési terve jóváhagyásáról,Other,,
2023,2602/2023,A Csongrád-Csanád Vármegyei Rendőr-főkapitányság védelmi képességének fenntartásához szükséges beszerzési terve jóváhagyásáról,Other,,
2023,2603/2023,A Honvédelmi Minisztérium védelmi képességének fenntartásához szükséges beszerzési terve jóváhagyásáról,Other,,
2023,2604/2023,A Heves Vármegyei Katasztrófavédelmi Igazgatóság védelmi képességének fenntartásához szükséges beszerzési terve jóváhagyásáról,Other,,
2023,2605/2023,Az Információs Hivatal védelmi képességének fenntartásához szükséges beszerzési terve jóváhagyásáról,Other,,
2023,2606/2023,A Katonai Nemzetbiztonsági Szolgálat védelmi képességének fenntartásához szükséges beszerzési terve jóváhagyásáról,Other,,
2023,2607/2023,A Magyar Állami Operaház védelmi képességének fenntartásához szükséges beszerzési terve jóváhagyásáról,Other,,
2023,2608/2023,A Magyar Honvédség Kinizsi Pál 30. Páncélozott Gyalogdandár védelmi képességének fenntartásához szükséges beszerzési terve jóváhagyásáról,Other,,
2023,2609/2023,A Magyar Honvédség vitéz Szentgyörgyi Dezső 101. Repülődandár védelmi képességének fenntartásához szükséges beszerzési terve jóváhagyásáról,Other,,
2023,2612/2023,A Nemzetbiztonsági Szakszolgálat védelmi képességének fenntartásához szükséges beszerzési terve jóváhagyásáról,Other,,
2023,2613/2023,A Nemzeti Információs Központ védelmi képességének fenntartásához szükséges beszerzési terve jóváhagyásáról,Other,,
2023,2614/2023,A Nemzeti Közszolgálati Egyetem védelmi és biztonsági feladatokkal összefüggő igénye jóváhagyásáról,Other,,
2023,2615/2023,Az NKÖV Nemzeti Kulturális Örökség Védelmi Nonprofit Korlátolt Felelősségű Társaság védelmi képességének fenntartásához szükséges beszerzési terve jóváhagyásáról,Other,,
2023,2616/2023,A Nemzetbiztonsági Szakszolgálat védelmi és biztonsági feladatokkal összefüggő igénye jóváhagyásáról,Other,,
2023,2617/2023,A Nógrád Vármegyei Katasztrófavédelmi Igazgatóság védelmi képességének fenntartásához szükséges beszerzési terve jóváhagyásáról,Other,,
2023,2618/2023,A Nemzeti Védelmi Szolgálat védelmi képességének fenntartásához szükséges beszerzési terve jóváhagyásáról,Other,,
2023,2619/2023,A Repülőtéri Rendőri Igazgatóság védelmi képességének fenntartásához szükséges beszerzési terve jóváhagyásáról,Other,,
2023,2620/2023,A Somogy Vármegyei Rendőr-főkapitányság védelmi képességének fenntartásához szükséges beszerzési terve jóváhagyásáról,Other,,
2023,2622/2023,A Tolna Vármegyei Rendőr-főkapitányság védelmi képességének fenntartásához szükséges beszerzési terve jóváhagyásáról,Other,,
2023,2623/2023,A Vas Vármegyei Rendőr-főkapitányság védelmi képességének fenntartásához szükséges beszerzési terve jóváhagyásáról,Other,,
2023,2624/2023,A Veszprém Vármegyei Rendőr-főkapitányság védelmi képességének fenntartásához szükséges beszerzési terve jóváhagyásáról,Other,,
2023,2625/2023,A PICK SZEGED Szalámigyár és Húsüzem Zártkörűen Működő Részvénytársaság beruházásának Gyármentő Programból történő kormányzati támogatásáról,Other,,
2023,2626/2023,A kárpátaljai magyar közösségek támogatásához szükséges intézkedésekről,Other,,
2023,2627/2023,A Gazdaság-újraindítási Akcióterv keretében a Csíkszeredai Főkonzulátus új hivatali épület felújításának megvalósításáról szóló 2277/2021. Korm. határozat módosításáról,Other,,
2023,2628/2023,A kiskőrösi Petőfi Szülőház méltó környezetének megteremtése érdekében szükséges intézkedésekről,Other,,
2023,2629/2023,A Budapesti Vasutas Sport Club - Zugló Közhasznú Egyesület 2020−2024. évi sportcélú létesítmény-fejlesztési programja megvalósításához szükséges intézkedésekről szóló 2036/2020. Korm. határozat módosításáról,Other,,
2023,2630/2023,Az Európai Unió Tanácsa 2024. második félévi magyar elnökségével összefüggő feladatok finanszírozásáról,Other,,
2023,2631/2023,A Paks város Borsócséplői vízműtelep és ivóvízellátó távvezeték fejlesztéséről,Other,,
2023,2632/2023,A MÁV-START Zrt. profiltisztításának folytatásáról szóló 2417/2023. Korm. határozat módosításáról,Other,,
2023,2633/2023,A Jász-Nagykun-Szolnok Vármegyei Rendőr-főkapitányság védelmi képességének fenntartásához szükséges beszerzési terve jóváhagyásáról,Other,,
2023,2635/2023,A Nemzeti Közszolgálati Egyetem védelmi és biztonsági feladatokkal összefüggő igényének jóváhagyásáról,Other,,
2023,2636/2023,A Magyar Honvédség Logisztikai Támogató Parancsnokság védelmi és biztonsági feladatokkal összefüggő igényének jóváhagyásáról,Other,,
2023,2637/2023,A Magyar Honvédség Logisztikai Támogató Parancsnokság védelmi és biztonsági feladatokkal összefüggő igényének jóváhagyásáról,Other,,
2023,2638/2023,A Hajdú-Bihar Vármegyei Rendőr-főkapitányság védelmi képességének fenntartásához szükséges beszerzési terve jóváhagyásáról,Other,,
2023,2640/2023,A Nemzeti Adó- és Vámhivatal védelmi képességének fenntartásához szükséges beszerzési terve jóváhagyásáról,Other,,
2023,2641/2023,A Nógrád Vármegyei Rendőr-főkapitányság védelmi képességének fenntartásához szükséges beszerzési terve jóváhagyásáról,Other,,
2023,2643/2023,Az MVM Paksi Atomerőmű Zrt. védelmi képességének fenntartásához szükséges beszerzési terve jóváhagyásáról,Other,,
2023,2644/2023,A Magyar Kutatási Hálózat Központjának elhelyezéséhez szükséges források biztosításáról,Other,,
2023,2645/2023,Az UBM Feed Zártkörűen Működő Részvénytársaság beruházásának Gyármentő Programból történő kormányzati támogatásáról,Other,,
2023,2646/2023,A Flex Films Europa Korlátolt Felelősségű Társaság beruházásának Gyármentő Programból történő kormányzati támogatásáról,Other,,
2023,2648/2023,Az egyes kulturális intézmények és szakmai programok támogatása érdekében szükséges intézkedésekről szóló 2163/2021. Korm. határozat módosításáról,Other,,
2023,2649/2023,A Magyar Honvédség Logisztikai Támogató Parancsnokság védelmi és biztonsági feladatokkal összefüggő igénye vonatkozásában,Other,,
2023,2650/2023,A Magyar Export-Import Bank Zártkörűen Működő Részvénytársaság által a Liberty Steel CENTRAL EUROPE Korlátolt Felelősségű Társaság részére nyújtott hitel meghosszabbításához kapcsolódó egyes kormányzati intézkedésekről,Other,,
2023,2651/2023,Egyes védelmi beszerzési kérdésekről,Other,,
2023,2652/2023,A Főnix-Gold FC. Utánpótlásnevelő Sportegyesület létesítményfejlesztési programjának megvalósításáról,Other,,
2023,2653/2023,A Gazdaságfejlesztési és Innovációs Operatív Program Plusz kiemelt projektjeinek nevesítéséről,Other,,
2023,2654/2023,A MotoGP és a Superbike versenyek magyarországi megrendezésével kapcsolatos kormányzati intézkedésekről,Other,,
2023,2656/2023,A Határigazgatási és Vízumpolitikai Eszköz Program Plusz kiemelt projektjeinek nevesítéséről szóló 2295/2022. Korm. határozat módosításáról,Other,,
2023,2657/2023,A METRANS Zalaegerszeg Korlátolt Felelősségű Társaság nagybefektető magyarországi beruházásának kormányzati támogatásáról,Other,,
2023,2658/2023,A Jövő Nemzedék Földje Alapítvány stratégiai agráreszköz-vásárlási programja első ütemének finanszírozásához szükséges forrás biztosításáról,Other,,
2023,2659/2023,A Nemzeti Virtuális Tér kialakításához szükséges feladatokról és források biztosításáról szóló 2438/2023. Korm. határozat módosításáról,Other,,
2023,2660/2023,Az ADAPT Munkaerő-kölcsönző és Szolgáltató Korlátolt Felelősségű Társaság beruházásának Gyármentő Programból történő kormányzati támogatásáról,Other,,
2023,2661/2023,"Egy gazdasági társaság többségi tulajdoni részesedéseinek megszerzésével, valamint egy gazdasági társaság irányítási jogának megszerzésével kapcsolatos további intézkedésekről",Other,,
2023,2662/2023,A Magyarországot népszerűsítő nyugat-balkáni és egyéb desztinációkat érintő nemzetközi marketingkampány lefolytatásával kapcsolatos egyes intézkedésekről,Other,,
2023,2664/2023,A Nemzeti Hauszmann Program II. ütemének végrehajtásához szükséges 2024. évi többletforrások biztosításáról,Other,,
2023,2665/2023,A Gazdaság-újraindítási Akcióterv keretében a Honvéd Főparancsnokság újjáépítésének megvalósításáról szóló 2139/2021. Korm. határozat módosításáról,Other,,
2023,2668/2023,A Stipendium Peregrinum ösztöndíjprogram céljára történő forrásbiztosításról,Other,,
2023,2669/2023,"A Gazdaságvédelmi Alap létrehozásáról, valamint kiadási előirányzatainak felhasználásáról",Other,,
2023,2670/2023,Egyes humanitárius segítségnyújtási projektek Hungary Helps Program keretében történő támogatásáról,Other,,
2023,2671/2023,Az Ukrajna és Oroszország közötti fegyveres konfliktus következményeként Kisvárdára és Miskolcra menekült kárpátaljai sportolók és kísérőik elhelyezésének további támogatásáról,Other,,
2023,2672/2023,Az egyes egyházi mozgalmak és közösségek támogatásáról,Other,,
2023,2678/2023,Befizetési kötelezettség előírásáról,Other,,
2014,2001/2014,Az új budapesti konferencia-központ létesítésére kiválasztott ingatlan megvásárlásáról.,3. Állami,"Vagyongazdálkodás, Költségvetés és Közigazgatás",Ingatlanvásárlás
2014,2002/2014,A gáz csatlakozó vezetékek és felhasználói berendezések műszaki biztonsági felülvizsgálatával kapcsolatos további szükséges intézkedésekről.,"4. Infrastruktúra,",Közlekedés és Energetika,Gázvezetékek
2014,2003/2014,Az e-Curia rendszerhez való csatlakozáshoz szükséges egyes intézkedésekről.,"7. Külpolitika,",EU és Határon Túli Ügyek,E-Curia
2014,2004/2014,"Társasági részesedés megszerzése érdekében szándéknyilatkozat kiadásáról. (Fővárosi Gázművek Zrt., MVM Zrt., MNV Zrt.)",3. Állami,"Vagyongazdálkodás, Költségvetés és Közigazgatás",Társasági részesedés
2014,2005/2014,Az állami tankönyvfejlesztés és kiadás feltételeinek megteremtése érdekében a tulajdonszerzés és a tulajdonosi joggyakorlás egyes kérdéseiről.,"6. Kultúra,","Sport, Oktatás, Egészségügy és Egyházak",Tankönyvkiadás
2014,2006/2014,Társasági részesedés megszerzése érdekében szándéknyilatkozat kiadásáról szóló 2014/2004. Korm. határozat visszavonásáról.,3. Állami,"Vagyongazdálkodás, Költségvetés és Közigazgatás",
2014,2007/2014,A rezsicsökkentés végrehajtásával összefüggő további feladatokról.,"4. Infrastruktúra,",Közlekedés és Energetika,Rezsicsökkentés
2014,2008/2014,A Fővárosi Gázművek Zártkörűen Működő Részvénytársaságnak a Budapest Főváros Önkormányzata tulajdonában lévő társasági részesedése megszerzésének érdekében szükséges további intézkedésekről.,3. Állami,"Vagyongazdálkodás, Költségvetés és Közigazgatás",Fővárosi Gázművek
2014,2009/2014,A Hamburger Hungária Erőmű Kft. beruházásához igényelt fejlesztési adókedvezmény engedélyezéséről.,1. Gazdaságfejlesztés,és Vállalati Támogatások,Adókedvezmény
2014,2010/2014,A Vierium Investment Zrt. beruházásához igényelt fejlesztési adókedvezmény engedélyezéséről.,1. Gazdaságfejlesztés,és Vállalati Támogatások,Adókedvezmény
2014,2011/2014,Az állami tankönyvfejlesztés és kiadás feltételeinek megteremtése érdekében a tulajdonszerzés és a tulajdonosi joggyakorlás egyes kérdéseiről.,"6. Kultúra,","Sport, Oktatás, Egészségügy és Egyházak",Tankönyvkiadás
2014,2012/2014,Az új budapesti konferencia-központ létesítésének előkészítéséhez kapcsolódó tanulmányterv elkészíttetéséről.,3. Állami,"Vagyongazdálkodás, Költségvetés és Közigazgatás",Konferencia-központ
2014,2013/2014,A HYGINETT Magyar-Amerikai Higiéniai Cikkeket Gyártó Kft. beruházáshoz igényelt fejlesztési adókedvezmény engedélyezéséről.,1. Gazdaságfejlesztés,és Vállalati Támogatások,Adókedvezmény
2014,2014/2014,Az AVE Magyarország Hulladékgazdálkodási Korlátolt Felelősségű Társaság állami tulajdonba vételéhez szükséges forrás biztosításáról.,3. Állami,"Vagyongazdálkodás, Költségvetés és Közigazgatás",Állami tulajdonba vétel
2014,2015/2014,A Ludovika Campus ingatlan egységes tulajdonosi szerkezetének és a budapesti 4-es metró P+R parkolóinak kialakításához szükséges lépésekről.,3. Állami,"Vagyongazdálkodás, Költségvetés és Közigazgatás",Ingatlan rendezés
2014,2016/2014,A 2007-2013. közötti európai uniós programok lebonyolítását támogató intézményrendszer folyamatos feladatellátásának biztosításáról.,3. Állami,"Vagyongazdálkodás, Költségvetés és Közigazgatás",EU programok intézménye
2014,2017/2014,A Bridgestone Tatabánya Termelő Kft. beruházásához igényelt fejlesztési adókedvezmény engedélyezéséről.,1. Gazdaságfejlesztés,és Vállalati Támogatások,Bridgestone
2014,2018/2014,A Hankook Tire Magyarország Gyártó és Kereskedelmi Kft. beruházásához igényelt fejlesztési adókedvezmény engedélyezéséről.,1. Gazdaságfejlesztés,és Vállalati Támogatások,Hankook
2014,2019/2014,Egyes társaságok által a beruházásukhoz igényelt fejlesztési adókedvezmény engedélyezéséről.,1. Gazdaságfejlesztés,és Vállalati Támogatások,
2014,2020/2014,A Nitrogénművek Vegyipari Zrt. beruházásukhoz igényelt fejlesztési adókedvezmény engedélyezéséről.,1. Gazdaságfejlesztés,és Vállalati Támogatások,Nitrogénművek
2014,2021/2014,A ZF Lenksysteme Hungária Kft. beruházásukhoz igényelt fejlesztési adókedvezmény engedélyezéséről.,1. Gazdaságfejlesztés,és Vállalati Támogatások,ZF Lenksysteme
2014,2022/2014,A Magyar Honvédség légvédelmi rakétarendszeréhez kapcsolódó beszerzések engedélyezéséről.,"2. Honvédelem,",Rendvédelem és Nemzetbiztonság,Légvédelmi rakétarendszer
2014,2023/2014,A külképviseleti hálózat korszerűsítésével kapcsolatos feladatokról.,"7. Külpolitika,",EU és Határon Túli Ügyek,Külképviseletek
2014,2024/2014,A Bombardier MÁV Hungary Kft. Bombardier Transportation GmbH tulajdonában lévő részesedésének megvásárlásáról.,3. Állami,"Vagyongazdálkodás, Költségvetés és Közigazgatás",Bombardier MÁV felvásárlás
2014,2025/2014,A Budapest Arport Zrt. és a Magyar Nemzeti Vagyonkezelő Zrt. között fennálló Közvetlen Megállapodás módosításáról.,3. Állami,"Vagyongazdálkodás, Költségvetés és Közigazgatás",Budapest Airport
2014,2026/2014,"Hat nagybefektető magyarországi beruházásának kormányzati támogatásáról.(Halla Visteon Hungary Kft., Hungary Borsod Biochemical Kft., GE Infrastructure Hungary Holding Kft., TU- PLAST Kft., EcoSolifer Modulgyártó Kft., ContiTech Fluid Automotive Hungaria Kft.)",1. Gazdaságfejlesztés,és Vállalati Támogatások,Kormányzati támogatások
2014,2027/2014,A Bombardier MÁV Hungary Kft. Bombardier Transportation GmbH tulajdonában lévő részesedésének megvásárlásáról szóló 2014./2024 Korm. határozat módosításáról.,3. Állami,"Vagyongazdálkodás, Költségvetés és Közigazgatás",
2014,2028/2014,A nemzeti közműszolgáltatási rendszer megszervezésével összefüggő egyes intézkedésekről.,"4. Infrastruktúra,",Közlekedés és Energetika,Nemzeti közműszolgáltatás
2014,2029/2014,A Nemzetközi Energia Ügynökség székházáthelyezésével kapcsolatos intézkedésekről.,"7. Külpolitika,",EU és Határon Túli Ügyek,Nemzetközi Energia Ügynökség
2014,2030/2014,A hulladékgazdálkodási közszolgáltatás fenntartható működésének biztosításáról.,"4. Infrastruktúra,",Közlekedés és Energetika,Hulladékgazdálkodás
2014,2031/2014,"egyes beruházások közös érdekű projektté nyilvánításával kapcsolatos intézkedésekről.(földgáz-projektek, villamos energia projektek)","4. Infrastruktúra,",Közlekedés és Energetika,Energiaprojektek
2014,2035/2014,"társasági részesedés Magyar Állam javára történő megvásárlásáról.(Duna Passage Ingatlanfejlesztő, Kereskedelmi és Szolgáltató Kft.)",3. Állami,"Vagyongazdálkodás, Költségvetés és Közigazgatás",Cégvásárlás
2014,2036/2014,a külképviseleti hálózat korszerűsítésével kapcsolatos feladatokról szóló 2023/2014. Korm. határozat módosításáról.,"7. Külpolitika,",EU és Határon Túli Ügyek,
2016,2001/2016,"Magyarország Washington D.C-ben található Nagykövetségének új épületében történő elhelyezésével, új épület vásárlásával kapcsolatos intézkedésekről.","7. Külpolitika,",EU és Határon Túli Ügyek,Washingtoni Nagykövetség
2016,2002/2016,A Hatvan város külterületén tervezett ipari fejlesztés megvalósításához szükséges feladatokról.,1. Gazdaságfejlesztés,és Vállalati Támogatások,Hatvani ipari fejlesztés
2016,2003/2016,A nyugat-balkáni légi-járatok üzemeltetéséhez kapcsolódó pénzügyi intézkedésekről.,"4. Infrastruktúra,",Közlekedés és Energetika,Légi-járatok
2016,2004/2016,Országos népszavazás kezdeményezéséről.,3. Állami,"Vagyongazdálkodás, Költségvetés és Közigazgatás",Népszavazás
2016,2005/2016,A földgáz egyetemes szolgáltatáshoz kapcsolódó 2016/2017. gázévi éves kapacitás-lekötések érdekében szükséges intézkedésekről.,"4. Infrastruktúra,",Közlekedés és Energetika,Földgáz
2016,2006/2016,Az Erzsébet téri Kulturális Központ és Park létesítményeinek működtetésével összefüggő egyes intézkedésekről.,"6. Kultúra,","Sport, Oktatás, Egészségügy és Egyházak",Erzsébet tér
2016,2007/2016,A földgáz egyetemes szolgáltatási díjainak megállapításához kapcsolódó intézkedésekről.,"4. Infrastruktúra,",Közlekedés és Energetika,Földgáz
2016,2008/2016,Kecskemét város környéke villamosenergia-ellátásának fejlesztéséről.,"4. Infrastruktúra,",Közlekedés és Energetika,Áramellátás Kecskemét
2016,2009/2016,A Nemzeti Tengelysúly- és kapcsolódó ellenőrzéseket támogató hálózat kialakításához szükséges intézkedésekről.,"4. Infrastruktúra,",Közlekedés és Energetika,Tengelysúly-ellenőrzés
2016,2010/2016,Az energia-megtakarítási eredményező szakpolitikai intézkedésekről.,"4. Infrastruktúra,",Közlekedés és Energetika,Energia-megtakarítás
2016,2011/2016,A pécsi Nemzeti Kosárlabda Akadémia megvalósítása érdekében szükséges intézkedésekről.,"6. Kultúra,","Sport, Oktatás, Egészségügy és Egyházak",Kosárlabda Akadémia
2016,2013/2016,"A Hell Energy Csoport (HELL ENERGY Magyarország Korlátolt Felelősségű Társaság, Üvegszikla Korlátolt Felelősségű Társaság, AVALON PARK Korlátolt Felelősségű Társaság, Quality Pack Zártkörűen Működő Részvénytársaság) nagybefektető magyarországi beruházásának kormányzati támogatásáról.",1. Gazdaságfejlesztés,és Vállalati Támogatások,Hell Energy
2016,2014/2016,A turizmussal összefüggő jogi szabályozás felülvizsgálatáról.,1. Gazdaságfejlesztés,és Vállalati Támogatások,Turizmus
2016,2015/2016,A nemzeti autóbuszgyártásról.,1. Gazdaságfejlesztés,és Vállalati Támogatások,Autóbuszgyártás
2016,2016/2016,A Szombathely és Kőszeg közötti 2x2 sávos gyorsforgalmi út tervezési költségeinek biztosításáról.,"4. Infrastruktúra,",Közlekedés és Energetika,Gyorsforgalmi út
2016,2017/2016,Az Erzsébet-program egyes ágazati programelemeinek folytatásáról.,"6. Kultúra,","Sport, Oktatás, Egészségügy és Egyházak",Erzsébet-program
2016,2018/2016,Az 1956-os emlékévhez kapcsolódó nemzetközi kommunikációs feladatokról.,"6. Kultúra,","Sport, Oktatás, Egészségügy és Egyházak",1956-os emlékév
2016,2019/2016,Kényszerbetelepítéssel és az egészségüggyel kapcsolatos tájékoztató tevékenység keretében felmerülő feladatokról.,3. Állami,"Vagyongazdálkodás, Költségvetés és Közigazgatás",Kényszerbetelepítés tájékoztató
2016,2020/2016,A Budakalász Város Önkormányzata és a Nemzeti Fejlesztési Minisztérium között folyamatban levő polgári peres eljárás lezárásához szükséges intézkedésekről.,3. Állami,"Vagyongazdálkodás, Költségvetés és Közigazgatás",Polgári per
2016,2021/2016,A Budapest-Belgrád Vasútvonal felújítása műszaki specifikációjának módosításáról.,"4. Infrastruktúra,",Közlekedés és Energetika,Budapest-Belgrád vasútvonal
2016,2022/2016,A Norbal Kft. nagybefektető magyarországi beruházásának kormányzati támogatásáról.,1. Gazdaságfejlesztés,és Vállalati Támogatások,Norbal Kft.
2016,2023/2016,A CSABAcast Könnyűfémöntőde Korlátolt Felelősségű Társaság nagybefektető magyarországi beruházásának kormányzati támogatásáról.,1. Gazdaságfejlesztés,és Vállalati Támogatások,CSABAcast
2016,2024/2016,A Külgazdasági és Külügyminisztérium és az Európai Külügyi Szolgálat brazíliavárosi együttműködésével összefüggésben szükséges kormányzati felhatalmazásról.,"7. Külpolitika,",EU és Határon Túli Ügyek,Európai Külügyi Szolgálat
2016,2025/2016,A Gül Baba türbéje és környezet kiemelkedő értékeinek megőrzésével és hasznosításával kapcsolatos intézkedésekről.,"6. Kultúra,","Sport, Oktatás, Egészségügy és Egyházak",Gül Baba türbéje
2016,2026/2016,A Thyssen-Krupp Presta Hungary Korlátolt Felelősségű Társaság nagybefektető magyarországi beruházásának kormányzati támogatásáról.,1. Gazdaságfejlesztés,és Vállalati Támogatások,Thyssen-Krupp
2016,2027/2016,A Richter Gedeon Vegyészeti Gyár Nyilvánosan Működő Részvénytársaság nagybefektető magyarországi beruházásának kormányzati támogatásáról.,1. Gazdaságfejlesztés,és Vállalati Támogatások,Richter Gedeon
2016,2028/2016,A Szombathely és Kőszeg közötti 2x2 sávos gyorsforgalmi út tervezési költségeinek biztosításáról szóló 2016/2016. Korm. határozat visszavonásáról.,"4. Infrastruktúra,",Közlekedés és Energetika,Gyorsforgalmi út visszavonás
2016,2029/2016,A Nemzeti Tengelysúly-és kapcsolódó ellenőrzéseket támogató hálózat kialakításához szükséges intézkedésekről szóló 2009/2016. Korm. határozat módosításáról.,"4. Infrastruktúra,",Közlekedés és Energetika,Tengelysúly-ellenőrzés
2016,2030/2016,A kényszerbetelepítéssel és a népszavazással kapcsolatos lakossági tájékoztató tevékenység keretében felmerülő feladatokról.,3. Állami,"Vagyongazdálkodás, Költségvetés és Közigazgatás",Tájékoztató kampány
2016,2031/2016,A Budakalász-Pomáz elkerülő út 11. sz. főút és 1111. sz. út közötti szakasz megvalósításáról.,"4. Infrastruktúra,",Közlekedés és Energetika,Elkerülő út
2016,2032/2016,Az Egységes Szabadalmi Bíróság Elsőfokú Bírósága központi divíziója londoni szekciója székhelyének Budapestre történő áthelyezésének elvi támogatásáról.,"7. Külpolitika,",EU és Határon Túli Ügyek,Egységes Szabadalmi Bíróság
2016,2033/2016,Az Egyesült Királyság Európai Unióból való kilépésével összefüggő aktuális fejleményekről és gazdaságpolitikai kérdésekről.,"7. Külpolitika,",EU és Határon Túli Ügyek,Brexit
2016,2034/2016,Az egészségügyi Világszervezet főigazgatói posztjának betöltésére kiírt felhívásra Dr. Szócska Miklós által benyújtandó pályázat támogatásáról.,"7. Külpolitika,",EU és Határon Túli Ügyek,WHO pályázat
2016,2035/2016,A sportról szóló 2004. évi I. törvény szerinti vagyoni értékű jogok 2016/2017.- es bajnoki évadban történő hasznosításáról.,"6. Kultúra,","Sport, Oktatás, Egészségügy és Egyházak",Sport vagyoni jogok
2016,2036/2016,A Flowserve Hungary Services Korlátolt Felelősségű Társaság nagybefektető magyarországi beruházásának kormányzati támogatásáról.,1. Gazdaságfejlesztés,és Vállalati Támogatások,Flowserve
2016,2037/2016,A Bp2017 Világbajnokság Szervező és Lebonyolító Nonprofit Korlátolt Felelősségű Társaság feladatainak támogatásához szükséges forrás biztosításáról.,"6. Kultúra,","Sport, Oktatás, Egészségügy és Egyházak",Bp2017 Világbajnokság
2016,2038/2016,"A KAF Központi Adatgyűjtő Zrt., valamint KOM Központi Okos Mérés Zrt. tevékenységének felülvizsgálatáról.",3. Állami,"Vagyongazdálkodás, Költségvetés és Közigazgatás",Állami vállalatok
2016,2039/2016,A Ludovika Campus ingatlan egységes tulajdonosi szerkezetének és a budapesti 4-es metró P+R parkolóinak kialakításához szükséges lépésekről szóló 2014/2015. Korm. határozat módosításáról.,3. Állami,"Vagyongazdálkodás, Költségvetés és Közigazgatás",Ludovika Campus
2016,2040/2016,"Az NI Hungary Software Gyártó Korlátolt Felelősségű Társaság nagybefektető magyarországi, elektronikai-eszköz gyártó üzem bővítését célzó beruházásának kormányzati támogatásáról (2016-2020.évek)",1. Gazdaságfejlesztés,és Vállalati Támogatások,NI Hungary
2016,2041/2016,"Az NI Hungary Softwaare és Hardware Gyártó Korlátolt Felelősségű Társaság nagybefektető magyarországi, regionális szolgáltató központ bővítését célzó beruházásának kormányzati támogatásáról (2016-2021. évek)",1. Gazdaságfejlesztés,és Vállalati Támogatások,NI Hungary
2016,2042/2016,A kényszerbetelepítésről szóló országos népszavazás eredményével összefüggő kormányzati intézkedésekkel kapcsolatos tájékoztató tevékenység keretében felmerülő feladatokról.,3. Állami,"Vagyongazdálkodás, Költségvetés és Közigazgatás",Tájékoztató kampány
2016,2043/2016,A Bp2017 Világbajnokság Szervező és Lebonyolító Nonprofit Korlátolt Felelősségű Társaság feladatainak támogatásához szükséges további forrás biztosításáról.,"6. Kultúra,","Sport, Oktatás, Egészségügy és Egyházak",Bp2017 Világbajnokság
2016,2044/2016,Az OTTO FUCHS Hungary Korlátolt Felelősségű Társaság nagybefektető magyarországi beruházásának kormányzati támogatásáról.,1. Gazdaságfejlesztés,és Vállalati Támogatások,OTTO FUCHS
2016,2045/2016,A lakosság pénzügyi tudatosságának fejlesztéséről.,3. Állami,"Vagyongazdálkodás, Költségvetés és Közigazgatás",Pénzügyi tudatosság
2016,2046/2016,"Egyezmény Magyarország Kormánya és a Kínai Népköztársaság Kormánya között a Budapest-Belgrád vasútvonal újjáépítési beruházás magyarországi szakaszának fejlesztése, kivitelezése és finanszírozása kapcsán 6. cikkében foglaltak végrehajtásáról.","7. Külpolitika,",EU és Határon Túli Ügyek,Kínai vasútegyezmény
2016,2047/2016,A Nemzeti Tengelysúly-és kapcsolódó ellenőrzéseket támogató hálózat kialakításához szükséges intézkedésekről szóló 2009/2016. Korm. határozat módosításáról.,"4. Infrastruktúra,",Közlekedés és Energetika,Tengelysúly-ellenőrzés
2016,2048/2016,A hulladékgazdálkodási közszolgáltatás fenntartható működésének biztosításáról.,"4. Infrastruktúra,",Közlekedés és Energetika,Hulladékgazdálkodás
2016,2049/2016,"Az Erzsébet utalvány kibocsátásával, valamint a béren kívüli és egyes meghatározott juttatások átalakításával kapcsolatos egyes kérdésekről.",3. Állami,"Vagyongazdálkodás, Költségvetés és Közigazgatás",Erzsébet utalvány
2016,2050/2016,Magyarország Münchenben található főkonzulátusának új épületben történő elhelyezésével kapcsolatos intézkedésekről.,"7. Külpolitika,",EU és Határon Túli Ügyek,Müncheni főkonzulátus
2016,2051/2016,Az Étkezési Erzsébet utalvány formájában biztosítandó egyszeri jóléti juttatás nyújtásához szükséges feladatokról.,3. Állami,"Vagyongazdálkodás, Költségvetés és Közigazgatás",Erzsébet utalvány
2016,2052/2016,A nyugat-balkáni légijáratok üzemeltetéséhez kapcsolódó pénzügyi intézkedésekről szóló 2003/2016. Korm. határozat módosításáról.,"4. Infrastruktúra,",Közlekedés és Energetika,Légijáratok
2016,2053/2016,A Photel Online Solutions Korlátolt Felelősségű Társaság beruházásának kormányzati támogatásáról.,1. Gazdaságfejlesztés,és Vállalati Támogatások,Több nagybefektető
2016,2054/2016,"A Le Bélier Magyarország Formaöntőde Zártkörűen Működő Részvénytársaság, a Le Bélier Mohács Formaöntőde és Fémárúgyártó Korlátolt Felelősségű Társaság és a BSM Magyarország Fémmegmunkáló Korlátolt Felelősségű Társaság nagybefektetők magyarországi beruházásának kormányzati támogatásáról.",1. Gazdaságfejlesztés,és Vállalati Támogatások,Több nagybefektető
2016,2055/2016,A Yanfeng Hungary Automotive Interior Systems Korlátolt Felelősségű Társaság nagybefektető magyarországi beruházásának kormányzati támogatásáról.,1. Gazdaságfejlesztés,és Vállalati Támogatások,Több nagybefektető
2016,2056/2016,A Linamar Hungary Autóipari és Gépgyártó Zártkörűen Működő Részvénytársaság nagybefektető magyarországi beruházásának kormányzati támogatásáról.,1. Gazdaságfejlesztés,és Vállalati Támogatások,Több nagybefektető
2016,2057/2016,A Takata Safety Systems Hungary Korlátolt Felelősségű Társaság nagybefektető magyarországi beruházásának kormányzati támogatásáról.,1. Gazdaságfejlesztés,és Vállalati Támogatások,Több nagybefektető
2016,2058/2016,A Continental Automotive Hungary Korlátolt Felelősségű Társaság nagybefektető magyarországi beruházásának kormányzati támogatásáról.,1. Gazdaságfejlesztés,és Vállalati Támogatások,Több nagybefektető
2016,2059/2016,A Robert Bosch Elektronika Gyártó Kft. Nagybefektető magyarországi beruházásának kormányzati támogatásáról.,1. Gazdaságfejlesztés,és Vállalati Támogatások,Több nagybefektető
2016,2060/2016,Az Étkezési Erzsébet utalvány formájában biztosítandó egyszeri jóléti juttatás nyújtásához szükséges feladatokról.,3. Állami,"Vagyongazdálkodás, Költségvetés és Közigazgatás",Erzsébet utalvány
2016,2061/2016,A 2024. évi XXXIII. Nyári Olimpiai Játékok és a XVII. Nyári Paralimpiai Játékok Budapesten történő megrendezésével összefüggő pályázat állami tulajdonú gazdasági társaságok általi támogatásáról.,"6. Kultúra,","Sport, Oktatás, Egészségügy és Egyházak",Olimpiai pályázat
2016,2062/2016,A többfunkciós autóbuszok beszerzésével kapcsolatos feladatokról.,"4. Infrastruktúra,",Közlekedés és Energetika,Autóbusz beszerzés
2016,2063/2016,A fóti Károlyi István Gyermekközpont helyzetének rendezéséről.,"6. Kultúra,","Sport, Oktatás, Egészségügy és Egyházak",Fóti Gyermekközpont
2016,2064/2016,A szociális hozzájárulási adó további csökkentéséről.,3. Állami,"Vagyongazdálkodás, Költségvetés és Közigazgatás",Adócsökkentés
2016,2065/2016,Egyes fogyasztóvédelmi és a munkavállalók védelmével kapcsolatos intézkedések előkészítéséről.,3. Állami,"Vagyongazdálkodás, Költségvetés és Közigazgatás",Munkavállalók védelme
2016,2066/2016,A Magyar Állam és a MOL Magyar Olaj-és Gázipari Nyilvánosan Működő Részvénytársaság között 2005. december 22-én létrejött szerződés megszüntetéséről.,3. Állami,"Vagyongazdálkodás, Költségvetés és Közigazgatás",MOL szerződés
2016,2067/2016,A Visegrádi Együttműködés keretében létrehozandó közös televízió-csatorna felállításáról szóló megállapodásról folyó tárgyalások megkezdésére adott felhatalmazásról.,"7. Külpolitika,",EU és Határon Túli Ügyek,Visegrádi tv-csatorna
2016,2068/2016,"A Nyugat-Európában élő magyarok részére a magyar identitás megőrzését elősegítő, valamint az állampolgársággal összefüggő ügyek intézését biztosító külföldi intézményhálózat megerősítéséről és az ehhez szükséges intézkedésekről.","7. Külpolitika,",EU és Határon Túli Ügyek,Diaszpóra hálózat
2016,2069/2016,Az M-FelxiLog Kft. Nagybefektető magyarországi beruházásának kormányzati támogatásáról.,1. Gazdaságfejlesztés,és Vállalati Támogatások,Több nagybefektető
2016,2070/2016,Az EPAM System Fejlesztő Korlátolt Felelősségű Társaság nagybefektető magyarországi beruházásának kormányzati támogatásról.,1. Gazdaságfejlesztés,és Vállalati Támogatások,Több nagybefektető
2016,2071/2016,A Mercedes-Benz Manufacturing Hungary Fejlesztő Korlátolt Felelősségű Társaság nagybefektető magyarországi beruházásának kormányzati támogatásáról.,1. Gazdaságfejlesztés,és Vállalati Támogatások,Több nagybefektető
2016,2073/2016,"A XVII. Úszó-, Vízilabda-, Műugró, Műúszó és Nyíltvízi Világbajnoksággal összefüggő Broadcasting/IT feladatok ellátásának támogatásához szükséges további forrás biztosításáról.","6. Kultúra,","Sport, Oktatás, Egészségügy és Egyházak",Vizes VB
2016,2074/2016,"A XVII. Úszó-, Vízilabda-, Műugró, Műúszó és Nyíltvízi Világbajnoksággal összefüggő Kommunikáció, PR, Marketing, Rendezvények feladatok ellátásának támogatásához szükséges további forrás biztosításáról.","6. Kultúra,","Sport, Oktatás, Egészségügy és Egyházak",Vizes VB
2016,2075/2016,A transzplantációs műtétekhez szükséges közbeszerzési eljárás lefolytatásához nyújtott támogatásról.,"6. Kultúra,","Sport, Oktatás, Egészségügy és Egyházak",Egészségügyi közbeszerzés
2016,2081/2016,A Kormány egyes kiemelt intézkedéseivel kapcsolatos tájékoztató tevékenység keretében felmerülő feladatokról.,3. Állami,"Vagyongazdálkodás, Költségvetés és Közigazgatás",Kormányzati tájékoztatás
2019,2002/2019,Lakitelek Népfőiskola beruházás folytatásához szükséges kormányzati intézkedésekről,"6. Kultúra,","Sport, Oktatás, Egészségügy és Egyházak",Lakitelek Népfőiskola
2019,2003/2019,A BBCA Citromsavgyár beruházási projekt megvalósításához szükséges állami önrészhányad biztosításáról,Other,,
2019,2004/2019,Az azonnali létszámzárlat elrendeléséről szóló 2051/2018. Korm. határozat végrehajtásával kapcsolatos egyes kérdésekről (XIV.),Other,,
2019,2005/2019,A közvetlen irányítású uniós orrások hatákony felhasználásának és hozzáférésének javítása érdekében szükséges intézkedésekről,"7. Külpolitika,",EU és Határon Túli Ügyek,Közvetlen uniós források
2019,2006/2019,Budapesti ingatlan és a hozzá tartozó ingóságok állami tulajdonba vétele érdekében szükséges intézkedésekről,Other,,
2019,2007/2019,A GS Yuasa Magyarország Korlátolt Felelősségű Társaság nagybefektető magyarországi beruházásának kormányzati támogatásáról,Other,,
2019,2008/2019,Az Erbslöh Hungaria Alumíniumfeldolgozó Korlátolt Felelősségű Társaság nagybefektető magyarországi beruházásának kormányzati támogatásáról,Other,,
2019,2009/2019,Az F.Segura Hungária Ipari és Kereskedelmi Korlátolt Felelősségű Társaság nagybefektető magyarországi beruházásának kormányzati támogatásáról,Other,,
2019,2010/2019,A Soroksár-Kelebia vasútfejlesztés tenderének költségcsökkentő és gyors lezárásáról,Other,,
2019,2011/2019,"A Petőfi Irodalmi Múzeum jövőbeni működéséről, valamint működéséhez szükséges forrásokról","6. Kultúra,","Sport, Oktatás, Egészségügy és Egyházak",Petőfi Irodalmi Múzeum
2019,2012/2019,Az azonnali létszámzárlat elrendeléséről szóló 2051/2018. Korm. határozat végrehajtásával kapcsolatos egyes kérdésekről (XV.),Other,,
2019,2013/2019,Az azonnali létszámzárlat elrendeléséről szóló 2051/2018. Korm. határozat visszavonásáról,Other,,
2019,2014/2019,A HUNGEXPO Budapesti Vásárközpont fejlesztése érdekében szükséges intézkedésekről és források biztosításáról,Other,,
2019,2015/2019,Az egyes budapesti beruházások előkészítéséhez és megvalósításához szükséges ingatlanok állami tulajdonba kerüléséhez szükséges források biztosításáról,Other,,
2019,2016/2019,"A WINGPROJEKT 6 Ingatlanfejlesztő, Kereskedelmi és Szolgáltató Korlátolt Felelősségű Társaság üzletrészének megvásárlásáról",Other,,
2019,2017/2019,A HAMBURGER Hungária Korlátolt Felelősségű Társaság nagybefektető magyarországi beruházásának kormányzati támogatásáról,Other,,
2019,2018/2019,"Az Intertech Hungary Gyártó, Szolgáltató Korlátolt Felelősségű Társaság nagybefektető magyarországi beruházásának kormányzati támogatásáról",Other,,
2019,2019/2019,A DUOCOR Ipari Betéti Társaság nagybefektető magyarországi beruházásának kormányzati támogatásáról,Other,,
2019,2020/2019,"A Balatoni Halgazdaság Nonprofit Zártkörűen Működő Részvénytársaság Magyar Halgazdálkodási Operatív Program MAHOP-2.5.2018. kódszámú, ""A környezetvédelmi szolgáltatásokat biztosító akvakultúra fejlesztésének előmozdítása"" című pályázatán való részvételéről",Other,,
2019,2021/2019,"Magyarország Kormánya és az AIRBUS HELICOPTERS között létrejött egyetértési megállapodás jóváhagyásáról, valamint a végrehajtáshoz szükséges további intézkedésekről","2. Honvédelem,",Rendvédelem és Nemzetbiztonság,AIRBUS HELICOPTERS
2019,2022/2019,"A hazai autó- és motorsport nyugat-magyarországi régióban való fejlesztése, támogatása kapcsán szükséges intézkedésekről",Other,,
2019,2023/2019,Az Eissmann Automotive Hungaria Autóipari Beltérirészegység-gyártó Korlátolt Felelősségű Társaság nagybefektető magyarországi beruházásának kormányzati támogatásáról,Other,,
2019,2024/2019,A GMD CAST Hungary Korlátolt Felelősségű Társaság és a GMD Electronics Korlátolt Felelősségű Társaság nagybefektetők magyarországi beruházásának kormányzati támogatásáról,Other,,
2019,2025/2019,A REHAU-Automotive Korlátolt Felelősségű Társaság nagybefektető magyarországi beruházásának kormányzati támogatásáról,Other,,
2019,2027/2019,A 2019-2027 közötti idegen nyelvi stratégia megvalósítása érdekében szükséges intézkedésekről,Other,,
2019,2028/2019,A Digitális Kormányzati Ügynökség felállításával kapcsolatos egyes feladatok átütemezéséről,3. Állami,"Vagyongazdálkodás, Költségvetés és Közigazgatás",Digitális Kormányzati Ügynökség
2019,2029/2019,Magyarország 2020-2021. évi földgázellátásához szükséges külön intézkedésekről,"4. Infrastruktúra,",Közlekedés és Energetika,Földgázellátás
2019,2030/2019,Magyarország 2020-2021. évi földgázellátására történő felkészüléshez szükséges intézkedésekről,"4. Infrastruktúra,",Közlekedés és Energetika,Földgázellátás
2019,2031/2019,August Renoir Fekvő női akt (Gabriella) cimű festménye magyar állam javára történő megszerzéséhez szükséges intézkedésekről,Other,,
2019,2032/2019,A határon túli magyar állampolgárok részére küldendő kormányzati tájékoztató levélről,Other,,
2019,2033/2019,A Sodex Pass International SAS v. Magyarország tárgyú választottbírósági eljárásban hozott ítélet végrehajtásával kapcsolatos intézkedésekről,Other,,
2019,2034/2019,A Continental Automotíve Hungary Korlátolt Felelősségű Társaság nagybefektető magyarországi beruházásának kormányzati támogatásáról,Other,,
2019,2035/2019,A Thomas Duvenbeck Immobilien Invest Korlátolt Felelősségű Társaság nagybefektető magyarországi beruházásának kormányzati támogatásáról,Other,,
2019,2036/2019,A Kárpát-medencei Művészeti Tematikus Népfőiskola részére történő ingatlanvásárláshoz szükséges forrás biztosításáról,Other,,
2019,2038/2019,Az NFSI Nemzeti Fejlesztési és Stratégiai Intézet Nonprofit Korlátolt Felelősségű Társaság feladatainak fokozatos átadásáról és megszüntetéséről,Other,,
2019,2039/2019,"A ""30 éve szabadon"" emlékév keretében az Antall-kormány és a Boross-kormány üléseiről szóló írásos jegyzőkönyvek elkészítéséről, és kutatási program kidolgozásáról","6. Kultúra,","Sport, Oktatás, Egészségügy és Egyházak","""30 éve szabadon"" emlékév"
2019,2040/2019,Az Országos Atomenergia Hivatal hosszú távú elhelyezésének vizsgálatáról,Other,,
2019,2041/2019,Állami tulajdonban álló ingatlanon lévő felépítmények bontásával és az ingatlan értékesítésével kapcsolatos intézkedésekről,Other,,
2019,2042/2019,Társasági részesedés megszerzéséről,Other,,
2019,2043/2019,A fővárosi és megyei kormányhivatalok működésének egyszerűsítéséről,Other,,
2019,2045/2019,"A Tusnádfürdő 50102 és 50103 helyrajzi számú, természetben 535100 Tusnádfürdő, Kovács Miklós utca 52. szám alatti ingatlanok megvásárlásához szükséges intézkedésekről",Other,,
2019,2046/2019,Az SRF EUROPE Korlátolt Felelősségű Társaság nagybefektető magyarországi beruházásának kormányzati támogatásáról,Other,,
2019,2047/2019,A SAMSONITE-HUNGÁRIA Bőrönd Kft. nagybefektető magyarországi beruházásának kormányzati támogatásáról,Other,,
2019,2048/2019,A GÜNTNER-TATA Hűtötechnikai Kft. és a JH 100 Kereskedelmi és Szolgáltató Korlátolt Felelősségű Társaság nagybefektetők magyarországi beruházásának kormányzati támogatásáról,Other,,
2019,2049/2019,Egyes határon túli ingtlanok megvásárlásához szükséges intézkedésekről,Other,,
2019,2050/2019,A Gyermek Jézus csíksomlyói búcsút követő kulturális programok Erdélyben elnevezésű programcsomag támogatásáról,Other,,
2019,2051/2019,Az állami intézmények elhelyezésének racionalizálásával és költséghatékonyabbá tételével kapcsolatos intézkedésekről,Other,,
2019,2052/2019,A Sodex Pass International SAS v. Magyarország tárgyú választottbírósági eljárásban hozott ítélet végrehajtásával kapcsolatos intézkedésekről szóló 2033/2019. Korm. határozat végrehajtásához kapcsolódó további rendelkezésről,Other,,
2019,2053/2019,A BOURGOGNE GASTRONOMIE Szolgáltató Korlátolt Felelősségű Társaság nagybefektető magyarországi beruházásának Nemzeti Foglalkoztatási Alapból történő kormányzati támogatásáról,Other,,
2019,2054/2019,A Kiemelt budapesti közösségi fejlesztések keretében az egykori Józsefvárosi pályaudvar és az egykori MÁV Északi Járműjavító területén megvalósítandó közcélú beruházások közlekedési kiszolgálásához szükséges intézkedésekről,Other,,
2019,2055/2019,A bökönyi görögkatolikus templom felújításához szükséges forrásbiztosításról,Other,,
2019,2056/2019,"Az Emberi Erőforrások Minisztriuma Budapest V. kerület, Arany János utca 6-8. szám alatti épületének értékesítéséről",Other,,
2019,2057/2019,A Csángó ügyekkel kapcsolatos feladat- és hatáskörök gyakorlásáról,Other,,
2019,2058/2019,"A Kaposvári Egyetem MAHOP-2.1-2016. azonosító számú, ""Az akvakultúra terén történő innováció ösztönzése"" című, valamint a Nyíregyházi Egyetem VP3-16.1.1- 4.1.5-4.2.1-4.2.2-8.1.1-8.2.1-8.3.1-8.5.1-8.5.2-8.6.1-17. azonosító számú, ""Innovációs operatív csoportok létrehozása és az innovatív projekt megvalósításához szükséges beruházás támogatása"" című felhíváson történő részvételéről",Other,,
2019,2059/2019,A kolozsvári Szent Mihály templom rekonstrukciójának támogatásához szükséges kormányzati intézkedésekről,Other,,
2019,2060/2019,A 2021-2027 közötti uniós kohéziós célú támogatások kifizetését lehetővé tevő feljogosító feltételek teljesítéséhez szükséges intézkedésekről,Other,,
2019,2061/2019,A COOP Logisztikai Korlátolt Felelősségű Társaság nagybefektető magyarországi beruházásának kormányzati támogatásáról,Other,,
2019,2062/2019,A DUVENBECK IMMO Logisztikai Korlátolt Felelősségű Társaság nagybefektető magyarországi beruházásának kormányzati támogatásáról,Other,,
2019,2063/2019,Az Opel Szentgotthárd Autóipari Korlátolt Felelősségű Társaság nagybefektető magyarországi beruházásának kormányzati támogatásáról,Other,,
2019,2064/2019,"A Kárpát-medencei Művészeti Tematikus Népfőiskola részére történő ingatlanvásárláshoz szükséges forrás biztosításáról, valamint a Kárpát-medencei Művészeti Tematikus Népfőiskola részére történő ingatlanvásárláshoz szükséges forrás biztosításáról szóló 2036/2019. Korm. határozat visszavonásáról",Other,,
2019,2065/2019,Adattároló központ felújításával kapcsolatos beruházás előkészítéséhez szükséges források biztosításáról,Other,,
2019,2066/2019,Az olaszországi trieszti kikötőben ingatlanok és a kapcsolódó koncessziós jog megszerzéséhez szükséges intézkedésekről,Other,,
2019,2067/2019,"Az általános európai uniós, valamint az európai uniós fejlesztéspolitikai területen kitűzött célok eléréséhez szükséges szervezett utánpótlás biztosításáról",Other,,
2019,2068/2019,A földgáz biztonsági készletezési szolgáltatást nyújtó társaságban fennálóó társasági részesedés értékesítéséről,Other,,
2019,2070/2019,A VÁRDA MEAT Termelő és Kereskedelmi Korlátolt Felelősségű Társaság nagybefektető magyarországi beruházásának kormányzati támogatásáról,Other,,
2019,2071/2019,"A ""Program a Versenyképesebb Magyarországért"" intézkedéscsomag megvalósításáról",Other,,
2019,2072/2019,A Wittelsbach bajor királyi család sárvári gyűjteménye egyes elemeinek a Magyar Állam javára történő megvásárlásáról,Other,,
2019,2073/2019,A városmajori közparkfejlesztés megvalósításához szükséges ingatlanok biztosításával kapcsolatos intézkedésekről,Other,,
2019,2075/2019,A The Hungary Initiatives Foundation Inc. támogatásáról,Other,,
2019,2077/2019,A nemzeti közműszolgáltatási rendszer továbbfejlesztéséhez szükséges társasági részesedés megszerzéséről,Other,,
2019,2078/2019,A 2019. évi forrásbiztosítási kötelezettségek teljesítéséhez szükséges intézkedésekről,Other,,
2019,2079/2019,A VOLÁNBUSZ Közlekedési zártkörűen működő Részvénytársaság és a regionális Közlekedési Központok integrációjáról,Other,,
2019,2080/2019,"A HERMES Hitel és Faktor Zártkörűen Működő Részvénytársaság Magyar Állammal, mint zálogkötelezettel szemben fennálló követelésének teljesítéséhez szükséges intézkedésekről",Other,,
2019,2081/2019,A Becton Dickinson Hungary Kereskedelmi Korlátolt Felelősségű Társaság nagybefektető magyarországi beruházásának kormányzati támogatásáról,Other,,
2019,2082/2019,A Diehl Aviation Hungary Korlátolt Felelősségű Társaság nagybefektető magyarországi beruházásának kormányzati támogatásáról,Other,,
2019,2083/2019,A Robert Bosch Elektronika Gyártó Kft. nagybefektető magyarországi beruházásának kormányzati támogatásáról,Other,,
2019,2084/2019,A TBZ Táp Korlátolt Felelősségű Társaság nagybefektető magyarországi beruházásának kormányzati támogatásáról,Other,,
2019,2085/2019,A Technical Services Hungaria Járműjavító Korlátolt Felelősségű Társaság nagybefektető magyarországi beruházásának kormányzati támogatásáról,Other,,
2019,2086/2019,A Bridgestone Tatabánya Termelő Korlátolt Felelősségű Társaság nagybefektető magyarországi beruházásának kormányzati támogatásáról,Other,,
2019,2088/2019,A Continental Powertrain Hungary Korlátolt Felelősségű Társaság nagybefektető magyarországi beruházásának kormányzati támogatásáról,Other,,
2019,2091/2019,A minisztériumok elhelyezésének racionalizálásával kapcsolatos egyes feladatok ellátásáról,Other,,
2019,2092/2019,A Liget Budapest projekt megvalósításával kapcsolatos intézkedésekről,Other,,
2019,2093/2019,A Városliget Ingatlanfejlesztő Zártkörűen Működő Részvénytársaság tulajdonosi joggyakorlásával kapcsolatos kérdésekről,Other,,
2019,2098/2019,"A házasságkötéssel, továbbá az elhalálozással kapcsolatos államigazgatási folyamatok egyszerűsítéséről és automatizálásáról",Other,,
2019,2099/2019,Az Avalon International School létrehozásához szükséges forrás biztosításáról,Other,,
2019,2100/2019,Az NT Élelmiszertermelő és Kereskedelmi Korlátolt Felelősségű Társaság nagybefektető magyarországi beruházásának kormányzati támogatásáról,Other,,
2019,2101/2019,"Egyes külképviseletek, rezidenciák, illetve a magyar közösségek összetartását elősegítő intézmények saját tulajdonú ingatlanban történő elhelyezésével kapcsolatos intézkedésekről",Other,,
2019,2102/2019,A Fiumei Magyar Ház vásárlásával kapcsolatos intézkedésekről,Other,,
2019,2104/2019,"A Petőfi Irodalmi Múzeum átfogó fejlesztését, megújítását szolgáló további intézkedésekről",Other,,
2019,2105/2019,A haditechnikai eszköz beszerzések tilalmának azonnali elrendeléséről,"2. Honvédelem,",Rendvédelem és Nemzetbiztonság,Haditechnikai eszköz tilalom
2019,2106/2019,A kistelepülések kiskereskedelmi ellátásának biztosítása érdekében szükséges kormányzati intézkedésekről,Other,,
2019,2108/2019,Egyes felvidéki ingatlanok megvásárlásához szükséges intézkedésekről,Other,,
2019,2109/2019,A VESTFROST Zártkörűen Működő Részvénytársaság nagybefektető magyarországi beruházásának kormányzati támogatásáról,Other,,
2019,2110/2019,"A vezetői engedély igényléséhez, kiállításához és nyilvántartásához kapcsolódó eljárások egyszerűsítéséről és elektronizálásáról",Other,,
2019,2111/2019,A nyugellátásokban és egyes más ellátásokban részesülő személyek részére juttatandó rezsi-utalványhoz szükséges intézkedésekről,3. Állami,"Vagyongazdálkodás, Költségvetés és Közigazgatás",Rezsiutalvány nyugdíjasoknak
2019,2113/2019,Az állami tankönyvkiadás feltételrendszerének megteremtése érdekében szükséges nyomdai kapacitás folyamatos biztosításáról,Other,,
2019,2114/2019,A Nemzeti Autó-motorsport Fejlesztési Stratégia előkészítéséről,Other,,
2019,2115/2019,A kormányzati informatikai beszerzések ellenőrzésének egységes rendszeréről,3. Állami,"Vagyongazdálkodás, Költségvetés és Közigazgatás",Informatikai beszerzések ellenőrzése
2019,2116/2019,A Felvidéki Magyar Evangélikus Misszió Központ elhelyezésével kapcsolatos intézkedésekről,Other,,
2019,2117/2019,A Zöldgazdaság Finanszírozási Rendszer jogcímcsoport forrásainak támogatási célú felhasználásáról és a tartalékképzésről,Other,,
2019,2118/2019,A Magyar Nemzeti Társadalmi Felzárkózás Stratégia II. végrehajtásának a 2020-ig szóló kormányzati intézkedési tervéről,Other,,
2019,2120/2019,A Külgazdasági és Külügyminisztérium egyes informatikai beszerzési eljárásainak saját hatáskörben történő megindításának engedélyezéséről,Other,,
2019,2121/2019,Az Agrárminisztérium egyes informatikai beszerzési eljárásainak saját hatáskörben történő megindításának engedélyezéséről,Other,,
2019,2122/2019,A Belügyminisztérium egyes informatikai beszerzési eljárásainak engedélyezéséről,Other,,
2019,2123/2019,A Pénzügyminisztérium irányítása alá tartozó Magyar Államkincstár egyes informatikai beszerzési eljárásainak saját hatáskörben történő megindításának engedélyezéséről,Other,,
2019,2124/2019,A nemzeti vagyon kezeléséért felelős tárca nélküli miniszter tulajdonosi joggyakorlása alá tartozó gazdasági társaságok egyes informatikai beszerzési eljárásainak engedélyezéséről,Other,,
2019,2125/2019,A Kormányzati Ellenőrzési Hivatal egyes informatikai beszerzési eljárásainak saját hatáskörben történő megindításának engedélyezéséről,Other,,
2019,2126/2019,Az Emberi Erőforrások Minisztriuma irányítása alá tartozó egyes szervezetek informatikai beszerzési eljárásainak engedélyezéséről,Other,,
2019,2127/2019,A Miniszterelnöki Kabinetiroda irányítása alá tartozó szervezetek egyes informatikai beszerzési eljárásainak engedélyezéséről,Other,,
2019,2128/2019,Az Innovációs és Technológiai Minisztérium tulajdonosi joggyakorlása alá tartozó szervezetek egyes informatikai beszerzési eljárásainak engedélyezéséről,Other,,
2019,2129/2019,A Miniszterelnökség és a miniszterelnökséget vezető miniszter tulajdonosi joggyakorlása alá tartozó gazdasági társaságok egyes informatikai beszerzési eljárásainak engedélyezéséről,Other,,
2019,2130/2019,A Belügyminisztérium egyes informatikai beszerzési eljárásainak engedélyezéséről,Other,,
2019,2131/2019,A Miniszterelnökség és a miniszterelnökséget vezető miniszter tulajdonosi joggyakorlása alá tartozó gazdasági társaságok egyes informatikai beszerzési eljárásainak engedélyezéséről szóló 2129/2019. Korm. határozat egyes rendelkezéseinek visszavonásáról és kiegészítéséről,Other,,
2019,2132/2019,A Központi Statisztikai Hivatal egyes informatikai beszerzési eljárásainak saját hatáskörben történő megindításának engedélyezéséről,Other,,
2019,2133/2019,A Felszámolók Névjegyzékét Vezető Hatóság egyes informatikai beszerzési eljárásainak saját hatáskörben történő megindításának engedélyezéséről,Other,,
2019,2134/2019,"A 2020. évi Úszó-, Nyíltvízi-, Műugró-, Műúszó- és Masters Európa-bajnokság megrendezéséhez szükséges többletforrás biztosításáról",Other,,
2019,2135/2019,Az aradi Andrényi-palota megvásárlásához szükséges intézkedésekről,Other,,
2019,2136/2019,"A Csíkszereda, Petőfi Sándor utca 38. szám alatti ingatlan megvásárlásához szükséges intézkedésekről",Other,,
2019,2137/2019,Az oktatás ágazgati irányításának módosításával kapcsolatos egyes feladatok átadásáról,Other,,
2019,2138/2019,A Belügyminisztérium tulajdonosi joggyakorlása alá eső gazdasági társaságok egyes informatikai beszerzési eljárásainak engedélyezéséről,Other,,
2019,2139/2019,A Közép-Duna Menti Kiemelt Térség lehatárolásával kapcsolatos egyes feladatokról,Other,,
2019,2140/2019,Az Igazságügyi Minisztérium egyes informatikai beszerzési eljárásainak engedélyezéséről,Other,,
2019,2141/2019,"A Máramarossziget, Szabadság tér 14. szám alatti ingatlan megvásárlásához szükséges intézkedésekről",Other,,
2019,2142/2019,Az Agrosprint Mezőgazdasági és Ipari Termékforgalmazó Zártkörűen Működő Részvénytársaság nagybefektető magyarországi beruházásának kormányzati támogatásáról,Other,,
2019,2143/2019,Az OTTO FUCHS Hungary Korlátolt Felelősségű Társaság nagybefektető magyarországi beruházásának kormányzati támogatásáról,Other,,
2019,2144/2019,Az evosoft Hungary Számítástechnikai Kft. nagybefektető magyarországi beruházásának kormányzati támogatásáról,Other,,
2019,2145/2019,A Flex Films Europa Korlátolt Felelősségű Társaság nagybefektető magyarországi beruházásának kormányzati támogatásáról,Other,,
2019,2146/2019,"A Tamási-Hús Húsipari, Kereskedelmi és Szolgáltató Korlátolt Felelősségű Társaság nagybefektető magyarországi beruházásának kormányzati támogatásáról",Other,,
2019,2147/2019,A Giant Gyártó Hungary Kft. nagybefektető magyarországi beruházásának kormányzati támogatásáról,Other,,
2019,2148/2019,A Robert Bosch Power Tool Elektromos Szerszámgyártó Korlátolt Felelősségű Társaság nagybefektető magyarországi beruházásának kormányzati támogatásáról,Other,,
2019,2149/2019,A MIAS HUNGARY Korlátolt Felelősségű Társaság nagybefektető magyarországi beruházásának kormányzati támogatásáról,Other,,
2019,2150/2019,"Az Egyetemes Postaegyesület (Universal Postal Union) 3. Rendkívüli Kongresszusán az elszámolási rendszer (végdíj rendszer) átalakításáról szóló döntési javaslatokkal kapcsolatos tagállami álláspont képviseletére adott felhatalmazásról, valamint az Egyetemes Postaegyezmény és az Egyetemes Postaegyezmény Szabályzatai módosításai szövegének végleges megállapításáról",Other,,
2019,2151/2019,"Az Állami Egészségügyi Ellátó Központ középirányítása és tulajdonosi joggyakorlása alá tartozó, illetve a XX. Emberi Erőforrások Minisztériuma fejezetbe besorolt, központi költségvetési szerv formában működő egészségügyi szolgáltatók 2019. évre vonatkozó villamos energia ellátására irányuló közbeszerzési szerződés pénzügyi teljesítéséhez szükséges többletforrás biztosításáról",Other,,
2019,2152/2019,A Nemzeti Agrárkutatási és Innovációs Központ Magyar Halgazdálkodási Operatív Program MAHOP-2.1-2016. kódszámú „Az akvakultúra területén történő innováció ösztönzése” című pályázatán való részvételéről,Other,,
2019,2153/2019,A Magyar Állami Operaház beruházásainak megvalósításával kapcsolatos intézkedésekről,Other,,
2019,2154/2019,Az Esztergomi kistérség hosszú távú árvízi biztonsága és ármentesítése érdekében szükséges árvízvédelmi fejlesztésekhez szükséges terület biztosításáról,Other,,
2019,2155/2019,A 2024. évi Női Kézilabda Európa-bajnokság megrendezésére irányuló pályázattal összefüggő kormányzati intézkedésekről,Other,,
2019,2159/2019,A Formlabs Korlátolt Felelősségű Társaság nagybefektető magyarországi beruházásának kormányzati támogatásáról,Other,,
2019,2160/2019,Egy nemzetközi zenei rendezvény megtartására történő jelentkezésről,Other,,
2019,2161/2019,"A Magyar Posta Zrt. által az állam részére nyújtott egyes szolgáltatások 2020. évet követő forrásigényének biztosításáról, valamint a Bélyegzőmúzeumban található egyes gyűjtemények állami tulajdonba vételéhez szükséges intézkedésekről szóló 2150/2018. Korm. határozat módosításáról",Other,,
2019,2162/2019,A Robert Bosch Energy and Body Systems Gépjárműelektromossági Altakrész Gyártó és Forgalmazó Korlátolt Felelősségű Társaság nagybefektető magyarországi beruházásának kormányzati támogatásáról,Other,,
2019,2163/2019,Az Itron Labs Korlátolt Felelősségű Társaság nagybefektető magyarországi beruházásának kormányzati támogatásáról,Other,,
2019,2164/2019,Az erdélyi magyar történelmi egyházak egyes műemléktemplomainak restaurálásához szükséges források biztosításáról,Other,,
2019,2165/2019,Egyes informatikai beszerzési eljárások engedélyeihez kapcsolódó határidők megállapításáról és az engedélyek visszavonásáról,Other,,
2019,2166/2019,"A Lengyelország, Krakkó, Lubicz utca 17/h. szám alatti ingatlan vásárlásával kapcsolatos intézkedésekről",Other,,
2019,2167/2019,A Bartók Béla Emlékház fejlesztéséhez és a Bartók Kulturális Információs Központ létrehozásához szükséges feladatokról,Other,,
2019,2168/2019,A Szövetkezeti Hitelintézetek Integrációs Szervezetében fennálló tagsággal kapcsolatos kérdésekről,Other,,
2019,2169/2019,A Nemzetközi Távközlési Egyesület 2019. ávi Rádiótávközlési Világértekezletén a magyar álláspont képviseletéről,Other,,
2019,2170/2019,"Az általános európai uniós, valamint az európai uniós fejlesztéspolitikai területen kitűzött célok eléréséhez szükséges szervezett utánpótlás biztosításáról szóló 2067/2019. Korm. határozat módosításáról",Other,,
2019,2171/2019,A Ravaber Hungary Korlátolt Felelősségű Társaság nagybefektető magyarországi beruházásának kormányzati támogatásáról,Other,,
2019,2172/2019,Az AUDI HUNGARIA Zártkörűen Működő Részvénytársaság nagybefektető magyarországi beruházásának kormányzati támogatásáról,Other,,
2019,2173/2019,A BHS Trans Korlátolt Felelősségű Társaság nagybefektető magyarországi beruházásának kormányzati támogatásáról,Other,,
2019,2174/2019,Az állami főépítészi feladatellátás megerősítéséről,Other,,
2019,2175/2019,A Magyar Export-Import Bank Zártkörűen Működő Részvénytársaság részére nyújtandó tőkeemeléshez szükséges forrás biztosításáról,Other,,
2019,2176/2019,A higanyról szóló Minamata Egyezmény módosítására vonatkozó szöveg végleges megállapítására adott felhatalmazásról,Other,,
2019,2177/2019,Az Andrássy Archívum digitalizálásának szükségességéről,Other,,
2019,2178/2019,Az Európai Bizottság által teljesítendő időközi átutalások előmozdítása érdekében szükséges intézkedésekről,Other,,
2019,2179/2019,A Kormány bírósági eljárásokban való képviseletéről,Other,,
2019,2180/2019,Egyes horvátországi magyar intézmények fejlesztéseinek támogatásáról,Other,,
2019,2181/2019,Az Energetikai Ásványvagyon-hasznosítási és Készletgazdálkodási Cselekvési Tervhez kapcsolódó egyes intézkedésekről,Other,,
2019,2182/2019,A debreceni kollégium férőhelybővítés megvalósításával összefüggő intézkedésekről,Other,,
2019,2183/2019,A Fővárosi és megyei kormányhivatalok által országos illetékességgel ellátott feladat- és hatáskörök hatékonyabb intézéséről,Other,,
2019,2184/2019,A fővárosi és megyei kormányhivatalok működésének egyszerűsítésével összefüggő egyes kérdésekről,Other,,
2019,2185/2019,A számla on-line adatszolgáltatás bevezetésével kapcsolatos további döntések meghozataláról,Other,,
2019,2186/2019,A Pozitív országkép kialakításához szükséges forrás biztosításáról,Other,,
2019,2187/2019,"Az általános európai uniós, valamint az európai uniós fejlesztéspolitikai területen kitűzött célok eléréséhez szükséges szervezett utánpótlás biztosításáról szóló 2067/2019. Korm. határozat módosításáról",Other,,
2019,2188/2019,A marosvásárhelyi Bornemissza-ház megvásárlásához szükséges intézkedésekről,Other,,
2019,2189/2019,"A 430321 Nagybánya, Szabadság tér 7. szám alatti ingatlan megvásárlásához szükséges intézkedésekről",Other,,
2019,2190/2019,"Az Európai Unió bíróságai előtt folyamatban levő, a C-594/18. P. számú és a T- 101/18. számú, az Osztrák Köztársaság kontra Európai Bizottság ügyekbe történő beavatkozással kapcsolatos kormányhatározatok módosításáról",Other,,
2019,2191/2019,Magyarország Kormánya és RHEINMETALL LANDSYSTEME GmBH között létrejött Szándéknyilatkozat jóváhagyásáról,Other,,
2019,2192/2019,Az emelt szintű könnyűzenei képzési központ létrehozásával kapcsolatos intézkedésekről,Other,,
2019,2193/2019,A Szeged-Szabadka vasútvonal szerbiai szakaszának kivitelezéséről,Other,,
2019,2195/2019,Az EDAG HUNGARY Autófejlesztő Mérnöki Korlátolt Felelősségű Társaság nagybefektető magyarországi beruházásának kormányzati támogatásáról,Other,,
2019,2196/2019,A Varian Medical Systems Hungary Korlátolt Felelősségű Társaság nagybefektető magyarországi beruházásának kormányzati támogatásáról,Other,,
2019,2197/2019,Az IBM Magyarországi Korlátolt Felelősségű Társaság nagybefektető magyarországi beruházásának kormányzati támogatásáról,Other,,
2019,2198/2019,"Az Ungvár, Pravoszláv rakpart 11. szám alatti ingatlan megvásárlásához szükséges intézkedésekről",Other,,
2019,2200/2019,Az Országos Atomenergia Hivatal hosszú távú elhelyezéséhez szükséges intézkedésekről,Other,,
2019,2202/2019,A Comitatus-Energia Beruházási Kereskedelmi és Szolgáltató Zártkörűen Működő Részvénytársaság tőkeemeléséről,Other,,
2019,2204/2019,A beregszászi művelődési ház (volt nagyzsinagóga) helyreállításához szükséges intézkedésekről és a tervezési költségek biztosításáról,Other,,
2019,2205/2019,Az egy nemzetközi zenei rendezvény megtartására történő jelentkezésről szóló 2160/2019. Korm. határozat módosításáról,Other,,
2019,2206/2019,A honvédelmi szervezetek feladat-ellátásának megerősítését szolgáló többfunkciós autóbusz beszerzéshez szükséges költségvetési forrás biztosításáról,Other,,
2019,2208/2019,A Magyar Természettudományi Múzeum Debrecenben történő elhelyezése érdekében szükséges intézkedésekről,"6. Kultúra,","Sport, Oktatás, Egészségügy és Egyházak",Természettudományi Múzeum Debrecenben
2019,2209/2019,A kormányzati iratkezelés technikai feltételeinek informatikai fejlesztésével kapcsolatos intézkedésekről,Other,,
2019,2210/2019,A révkomáromi Eötvös utcai Alapiskola felújításáról,Other,,
2019,2211/2019,"A Budapesti Műszaki és Gazdaságtudományi Egyetem ""V2"" megjelölésű épületének bontásával kapcsolatos intézkedésekről",Other,,
2019,2212/2019,A Digitális Kormányzati Ügynökség Portál üzemeltetésével kapcsolatos egyes kérdésekről,Other,,
2019,2215/2019,A kiberbiztonság megerősítéséhez szükséges kormányzati intézkedésekről és Kiberbiztonsági Központ és Kutatóintézet létrehozásáról,Other,,
2021,2004/2021,"A védelmi ipari kapacitásokról, azok fenntartásáról és fejlesztéséről, valamint a védelmi ipari kutatás-fejlesztési rendszer kialakításáról",Other,,
2021,2005/2021,A Tranzit-Food Baromfifeldolgozó és Élelmiszeripari Korlátolt Felelősségű Társaság nagybefektető magyarországi beruházásának kormányzati támogatásáról,Other,,
2021,2006/2021,Az egészségügyi feladatokat ellátó szervek elhelyezését biztosító beruházással kapcsolatos intézkedésekről szóló 2137/2020. Korm. határozat végrehajtása során alkalmazandó eltérő rendelkezésekről,Other,,
2021,2007/2021,Állami tulajdonú gazdasági társaság alapításáról,Other,,
2021,2010/2021,A Magyar Testgyakorlók Köre Budapest létesítményfejlesztési programja megvalósításához szükséges további intézkedésekről,Other,,
2021,2011/2021,A Szabolcs-Szatmár-Bereg Megyei Rendőr-főkapitányság védelmi és biztonsági feladatokkal összefüggő igényének jóváhagyásáról,Other,,
2021,2012/2021,A Terrorelhárítási Központ védelmi és biztonsági feladatokkal összefüggő igényének jóváhagyásáról,Other,,
2021,2013/2021,A Magyar Honvédség Parancsnoksága védelmi és biztonsági feladatokkal összefüggő igényének jóváhagyásáról,Other,,
2021,2014/2021,A Magyar Honvédség Parancsnoksága védelmi képességének fenntartásához szükséges tervek jóváhagyásáról,Other,,
2021,2016/2021,A Radioaktív Hulladékokat Kezelő Közhasznú Nonprofit Korlátolt Felelősségű Társaság védelmi és biztonsági feladatokkal összefüggő igényének jóváhagyásáról,Other,,
2021,2017/2021,A Terrorelhárítási Központ védelmi és biztonsági feladatokkal összefüggő igényének jóváhagyásáról,Other,,
2021,2018/2021,Az Alkotmányvédelmi Hivatal védelmi képességének fenntartásához szükséges beszerzési terve jóváhagyásáról,Other,,
2021,2019/2021,A Magyar Honvédség Parancsnoksága védelmi és biztonsági feladatokkal összefüggő igényeinek jóváhagyásáról,Other,,
2021,2020/2021,"A Nemzeti Védelmi Szolgálat védelmi és biztonsági feladatokkal összefüggő igényének, valamint védelmi képességének fenntartásához szükséges beszerzési tervének jóváhagyásáról",Other,,
2021,2021/2021,Az Országos Rendőr-főkapitányság védelmi és biztonsági feladatokkal összefüggő igényeinek jóváhagyásáról,Other,,
2021,2022/2021,Az Alkotmányvédelmi Hivatal védelmi képességének fenntartásához szükséges minősített beszerzési terve jóváhagyásáról,Other,,
2021,2023/2021,A koronavírus elleni védőoltással kapcsolatos előzetes igényfelmérésről és tájékoztatásról szóló 2315/2020 Korm. határozat módosításáról,Other,,
2021,2024/2021,"Egy új Galileo TTCFTelemetria, Nyomkövető és Vezérlő Állomány antenna központ Magyarországon történő létrehozása érdekében pályázat benyújtásáról",Other,,
2021,2025/2021,A Leier Hungária Építőanyaggyártó Korlátolt Felelősségű Társaság nagybefektető magyarországi beruházásának kormányzati támogatásáról,Other,,
2021,2026/2021,A NEOPAC Hungary Korlátolt Felelősségű Társaság nagybefektető magyarországi beruházásának kormányzati támogatásáról,Other,,
2021,2027/2021,A SUGO FOOD Korlátolt Felelősségű Társaság nagybefektető magyarországi beruházásának kormányzati támogatásáról,Other,,
2021,2028/2021,A KISCHEMICALS Gyártó és Kereskedelmi Korlátolt Felelősségű Társaság nagybefektető magyarországi beruházásának kormányzati támogatásáról,Other,,
2021,,Az ARM Hungary Szolgáltó Korlátolt Felelősségű Társaság nagybefektető magyarországi beruházásának kormányzati támogatásáról,Other,,
2021,2030/2021,A Nemzeti Védelmi Szolgálat védelmi és biztonsági feladatokkal összefüggő igényének jóváhagyásáról,Other,,
2021,2031/2021,A Készenléti Rendőrség védelmi és biztonsági feladatokkal összefüggő igényeinek jóváhagyásáról,Other,,
2021,2033/2021,A Magyar Honvédség Parancsnoksága védelmi és biztonsági feladatokkal összefüggő igényeinek jóváhagyásáról,Other,,
2021,2034/2021,A Digitális Kormányzati Fejlesztés és Projektmenedzsment Korlátolt Felelősségű Társaság működési feltételeinek biztosításáról,Other,,
2021,2035/2021,A Nemzeti Oltóanyaggyár és a Nemzeti Koronavírus-Oltóanyaggyár megvalósításáról,5. Válságkezelés,,"Nemzeti Oltóanyaggyár, Koronavírus-Oltóanyaggyár"
2021,2036/2021,A Záhony közúti határátkelőhely fejlesztését célzó beruházások előkészítéséhez kapcsolódó intézkedésekről,Other,,
2021,2037/2021,A gyógyszerek párhuzamos kereskedelme szabályozásának és gyakorlatának felülvizsgálatáról,Other,,
2021,2038/2021,A hulladékgazdálkodási hatóság felállításával kapcsolatos forrás biztosításáról,Other,,
2021,2039/2021,Az Állami Egészségügyi Tartalék raktárkapacitásának fejlesztésével összefüggő egyes intézkedésekről,Other,,
2021,2040/2021,A Visegrádi Együttműködés magyar elnökségének gyógyszereket érintő prioritásairól,Other,,
2021,2041/2021,A koronavírus elleni védettség igazolásához szükséges feladatokról,5. Válságkezelés,,Koronavírus elleni védettség igazolása
2021,2042/2021,Az Országos Rendőr-főkapitányság védelmi és biztonsági feladatokkal összefüggő igényeinek jóváhagyásáról,Other,,
2021,2043/2021,A csíkszeredai sürgősségi intervencionális kardiológiai ellátás támogatásához szükséges forrás biztosításáról,Other,,
2021,2044/2021,Az állami tulajdonú gazdasági társaságok közös beszerzési hatákonyságának további növeléséről,Other,,
2021,2045/2021,A REACT EU forrás vonatkozásában az Európai Bizottsággal történő tárgyalásokhoz szükséges intézkedésekről szóló 2226/2020. Korm. határozat visszavonásáról,Other,,
2021,2046/2021,Az International Center for Settlement Of Investment Disputes előtt indított eljárásban történő állami perképviselet ellátásához szükséges forrás biztosításáról,Other,,
2021,2047/2021,"A Paks II. Zrt. „Beruházási terület aktív védelmi rendszer kiépítése” tárgyú beszerzésének a Nemzeti Hírközlési és Informatikai Tanácsról, valamint a Digitális Kormányzati Ügynökség Zártkörűen Működő Részvénytársaság és a kormányzati informatikai beszerzések központosított közbeszerzési rendszeréről szóló 301/2018. (XII. 27.) Korm. rendelet szerinti központosított közbeszerzési eljárási szabályok alkalmazása alóli mentesítéséről",Other,,
2021,2050/2021,Az Európai Unió és az Egyesült Királyság jövőbeli kapcsolatrendszerének 2021. január 1-jét követő hazai koordinációjából adódó feladatok és a brexit miatti kiigazításokra képzett tartalék (BAR - Brexit Adjustment Reserve) keretében nyújtott vissza nem térítendő támogatással járó irányítási feladatok külgazdasági és külügyminiszter felelősségi körébe történő helyezéséről és az ezzel kapcsolatos intézkedésekről,"7. Külpolitika,",EU és Határon Túli Ügyek,Brexit miatti kiigazítási tartalék
2021,2051/2021,A JYSK Kereskedelmi Korlátolt Felelősségű Társaság nagybefektető magyarországi beruházásának kormányzati támogatásáról,Other,,
2021,,"A Nemzeti Atlétikai Központ beruházás által érintett, a Pest Megyei Kormányhivatal részbeni vagyonkezelésében álló ingatlannal kapcsolatos intézkedésekről",Other,,
2021,2054/2021,A Gazdaság-újraindítási Akcióterv keretében a Miskolci Egyetem Tudományos és Innovációs Park beruházás előkészítéséről és megvalósításáról,5. Válságkezelés,,Gazdaság-újraindítási Akcióterv - Egyetemi innovációs parkok
2021,2055/2021,A Gazdaság-újraindítási Akcióterv keretében a Pannon Egyetem Tudományos és Innovációs Park kialakítása és komplex fejlesztése beruházás előkészítéséről és megvalósításáról,5. Válságkezelés,,Gazdaság-újraindítási Akcióterv - Egyetemi innovációs parkok
2021,2056/2021,A Gazdaság-újraindítási Akcióterv keretében a Széchenyi István Egyetem Tudományos és Innovációs Park kialakítása és komplex fejlesztése beruházás előkészítéséről és megvalósításáról,5. Válságkezelés,,Gazdaság-újraindítási Akcióterv - Egyetemi innovációs parkok
2021,2057/2021,A Gazdaság-újraindítási Akcióterv keretében a Budapesti Műszaki és Gazdaságtudományi Egyetem Tudományos és Innovációs Park kialakítása és komplex fejlesztése beruházás előkészítéséről és megvalósításáról,5. Válságkezelés,,Gazdaság-újraindítási Akcióterv - Egyetemi innovációs parkok
2021,2058/2021,A Gazdaság-újraindítási Akcióterv keretében a Pécsi Tudományegyetem Tudományos és Innovációs Park beruházás előkészítéséről és megvalósításáról,5. Válságkezelés,,Gazdaság-újraindítási Akcióterv - Egyetemi innovációs parkok
2021,2059/2021,A Gazdaság-újraindítási Akcióterv keretében a Debreceni Egyetem Tudományos és Innovációs Park beruházás előkészítéséről és megvalósításáról,5. Válságkezelés,,Gazdaság-újraindítási Akcióterv - Egyetemi innovációs parkok
2021,2060/2021,A Gazdaság-újraindítási Akcióterv keretében a Semmelweis Egyetem Tudományos és Innováicós Park és iMedTech Kiválósági Központ kialakítása és komplex fejlesztése beruházás megvalósításáról,5. Válságkezelés,,Gazdaság-újraindítási Akcióterv - Egyetemi innovációs parkok
2021,2061/2021,A Gazdaság-újraindítási Akcióterv keretében a Szegedi Tudományegyetem Tudományos és Innovációs Park kialakítása és komplex fejlesztése beruházás előkészítéséről és megvalósításáról,Other,,
2021,2062/2021,Egy kezdeményezés támogatásához szükséges forrás biztosításáról,Other,,
2021,2063/2021,A Magyar Birkózó Szövetség megalakulásának 100. évfordulójával összefüggő centenáriumi program lebonyolításához és a 2021. évre halasztott Birkózó Európai Kontinens Olimpiai Kvalifikációs Verseny megrendezéséhez szükséges kormányzati intézkedésekről,Other,,
2021,2064/2021,A Siemens Mobility Korlátolt Felelősségű Társaság nagybefektető magyarországi beruházásának kormányzati támogatásáról,Other,,
2021,2065/2021,A versenyképes vasúti és iparfejlesztési programról,Other,,
2021,2066/2021,A Magyar Honvédség Modernizációs Intézet védelmi és biztonsági feladatokkal összefüggő igényének jóváhagyásáról,Other,,
2021,2067/2021,A Magyar Honvédség Parancsnoksága védelmi és biztonsági feladatokkal összefüggő igényeinek jóváhagyásáról,Other,,
2021,2068/2021,A QUALITY PACK Zártkörűen Működő Részvénytársaság nagybefektető magyarországi beruházásának kormányzati támogatásáról,Other,,
2021,2069/2021,A Szépművészeti Múzeum tagintézményeként működő Magyar Nemzeti Galéria Budavári Palota „A” és „B” épületrészeiből való kiköltözésével összefüggő intézkedésekről,Other,,
2021,2070/2021,A hazai építőipar teljesítményének növelését szolgáló egyes kormányzati feladatokról,Other,,
2021,2072/2021,A Gazdaság-újraindítási Akcióterv keretében a debreceni autóipari központ kialakításával összefüggő oktatási és innovációs fejlesztések megvalósításáról,Other,,
2021,2074/2021,A Gazdaság-újraindítási Akcióterv keretében Gödön új iskola építésének megvalósításáról,5. Válságkezelés,,"Gazdaság-újraindítási Akcióterv - Iskolák, utak, egészségügy"
2021,,A Gazdaság-újraindítási Akcióterv keretében a Váci és Pápai Tankerületi Központ fenntartásában működő köznevelési intézmények infrastrukturális fejlesztésének megvalósításáról,Other,,
2021,2076/2021,A Gazdaság-újraindítási Akcióterv keretében az egészségügyi dolgozók lakhatási feltételeinek fejlesztéséhez szükséges beruházások megvalósításáról,5. Válságkezelés,,"Gazdaság-újraindítási Akcióterv - Iskolák, utak, egészségügy"
2021,2077/2021,"A Gazdaság-újraindítási Akcióterv keretében a Zalaegerszeg - M7 autópálya közötti gyorsforgalmi kapcsolat létesítése, Keszthely 2x2 sávos főúti bekötésének (71. sz. főút) megvalósítása, valamint a 71. sz. főút és a 71345 sz. út csomópontjának átépítése körforgalmi csomóponttá és a 71. sz. főút Fenyves allé felé vezető szakasz felújításának előkészítéséről és megvalósításáról",5. Válságkezelés,,"Gazdaság-újraindítási Akcióterv - Iskolák, utak, egészségügy"
2021,2078/2021,"A Gazdaság-újraindítási Akcióterv keretében az M34 gyorsforgalmi út Vásárosnamény-Záhony közötti szakasz, mérnökségi teleppel beruházás előkészítéséről és megvalósításáról",5. Válságkezelés,,"Gazdaság-újraindítási Akcióterv - Iskolák, utak, egészségügy"
2021,2079/2021,"A Gazdaság-újraindítási Akcióterv keretében az M49 gyorsforgalmi út, M3 autópálya - (Őr) - Ököritófülpös (Porcsalma) közötti szakasz, Kocsord térségében mérnökségi teleppel beruházás előkészítéséről és megvalósításáról",5. Válságkezelés,,"Gazdaság-újraindítási Akcióterv - Iskolák, utak, egészségügy"
2021,2080/2021,"A Gazdaság-újraindítási Akcióterv keretében a Miskolc, 3. számú főút tehermentesítő szakasz (Y hídhoz kapcsolódó III-IV. szakaszok) beruházás előkészítéséről és megvalósításáról",5. Válságkezelés,,"Gazdaság-újraindítási Akcióterv - Iskolák, utak, egészségügy"
2021,2081/2021,"A Gazdaság-újraindítási Akcióterv keretében az 57. számú főút, 56. számú főút és 51. számú főút közötti szakasz (Mohács, új 2x2 sávos Duna-híd) megvalósításáról",5. Válságkezelés,,"Gazdaság-újraindítási Akcióterv - Iskolák, utak, egészségügy"
2021,2082/2021,"A Gazdaság-újraindítási Akcióterv keretében a Veszprém, Arany-völgy feletti új völgyhíd beruházás előkészítéséről és megvalósításáról",5. Válságkezelés,,"Gazdaság-újraindítási Akcióterv - Iskolák, utak, egészségügy"
2021,2083/2021,"A Gazdaság-újraindítási Akcióterv keretében az M4 gyorsforgalmi út, Törökszentmiklós és Püspökladány közötti szakasz, Kisújszállás új mérnökségi teleppel beruházás előkészítéséről és megvalósításáról",5. Válságkezelés,,"Gazdaság-újraindítási Akcióterv - Iskolák, utak, egészségügy"
2021,2084/2021,"A Gazdaság-újraindítási Akcióterv keretében Győr, 82. számú főút új bevezető szakasz előkészítéséről és megvalósításáról",5. Válságkezelés,,"Gazdaság-újraindítási Akcióterv - Iskolák, utak, egészségügy"
2021,2085/2021,A Gazdaság-újraindítási Akcióterv keretében a Gubacsi vasúti híd és a kapcsolódó vasúti pálya átépítésének előkészítéséről és megvalósításáról,5. Válságkezelés,,"Gazdaság-újraindítási Akcióterv - Iskolák, utak, egészségügy"
2021,2086/2021,A Gazdaság-újraindítási Akcióterv keretében az M76 autóút Misefa - Zalaegerszeg Észak közötti szakaszának előkészítéséről és megvalósításáról,5. Válságkezelés,,"Gazdaság-újraindítási Akcióterv - Iskolák, utak, egészségügy"
2021,2087/2021,A Gazdaság-újraindítási Akcióterv keretében az M76 autóút Fenékpuszta - Misefa közötti szakaszának az építése és az M76 autóút Zalaegerszeg - M7 autópálya közötti szakaszhoz kapcsolódó Nemesrádói mérnökség telep építésének előkészítéséről és megvalósításáról,5. Válságkezelés,,"Gazdaság-újraindítási Akcióterv - Iskolák, utak, egészségügy"
2021,2088/2021,A Gazdaság-újraindítási Akcióterv keretében az M100 autóút (102. sz. út) Esztergom - M1 közötti szakasz megvalósítása mérnökségi teleppel beruházás előkészítéséről és megvalósításáról,5. Válságkezelés,,"Gazdaság-újraindítási Akcióterv - Iskolák, utak, egészségügy"
2021,2089/2021,"A Gazdaság-újraindítási Akcióterv keretében az 52. számú főút M5 autópálya és Kecskemét, Nagykörút közötti szakasz négysávossá történő kapacitásbővítése beruházás előkészítéséről és megvalósításáról",5. Válságkezelés,,"Gazdaság-újraindítási Akcióterv - Iskolák, utak, egészségügy"
2021,2090/2021,"A Gazdaság-újraindítási Akcióterv keretében az M44 gyorsforgalmi út, M5 autópálya és Szentkirály közötti szakasz előkészítéséről és megvalósításáról",5. Válságkezelés,,"Gazdaság-újraindítási Akcióterv - Iskolák, utak, egészségügy"
2021,2091/2021,"A Gazdaság-újraindítási Akcióterv keretében a Győr, Mártírok útja és az 1301. jelű út közötti szakasz (új Mosoni-Duna-híd) (1. sz. főút - 1301. jelű út között, városi belső elkerülő) beruházás előkészítéséről és megvalósításáról",5. Válságkezelés,,"Gazdaság-újraindítási Akcióterv - Iskolák, utak, egészségügy"
2021,,A 2024. évi Női kézilabda Európa-bajnokság megrendezésére irányuló pályázattal összefüggő kormányzati intézkedésekről szóló 2155/2019. Korm. határozat végrehajtása során alkalmazandó eltérő rendelkezésekről,Other,,
2021,2093/2021,Egy állami tulajdonú út felújítása érdekében szükséges intézkedésekről,Other,,
2021,2094/2021,A szatmárnémeti római katolikus székesegyház felújításához szükséges forrás biztosításáról,Other,,
2021,2095/2021,A Badacsony és térségének komplex turisztikai fejlesztéséről,Other,,
2021,2096/2021,A Gazdaság-újraindítási Akcióterv keretében a Sopron Rendészeti Integrált Központ megvalósításáról,Other,,
2021,2097/2021,A zártkörű pályázat kiírásáról való döntésről,Other,,
2021,2098/2021,A Családbarát Ország Nonprofit Közhasznú Korlátolt Felelősségű Társaság EFOP- 1.2.6-VEKOP-17-2017-00001 azonosító számú „Családbarát ország” című projekt megvalósításához szükséges intézkedésekről,Other,,
2021,2099/2021,A Készenléti Rendőrség védelmi és biztonsági feladatokkal összefüggő igényének jóváhagyásáról,Other,,
2021,2100/2021,A Magyar Honvédség Parancsnoksága védelmi és biztonsági feladatokkal összefüggő igényeinek jóváhagyásáról,Other,,
2021,2101/2021,A Tiszta Ország Program megvalósításához szükséges további intézkedésekről szóló 2309/2020. Korm. határozathoz kapcsolódó kiegészítő intézkedésekről,Other,,
2021,2102/2021,A Budapest III. kerület Gróf Esterházy János rakpart és az Óbudai-sziget közötti gyalogos és kerékpáros forgalmat bonyolító híd megvalósítása érdekében szükséges intézkedésekről,Other,,
2021,2103/2021,"A debreceni Észak-Nyugati Gazdasági Övezet kialakításával összefüggő logisztikai, kombinált fuvarozási szolgáltatásról",Other,,
2021,2104/2021,Magyarország vasúti fejlesztéseihez szükséges kötelezettségvállalásról,Other,,
2021,2105/2021,Egyes költségvetési intézkedésekről,Other,,
2021,2106/2021,"A 2022. évi országgyűlési képviselőválasztásra való felkészüléshez szükséges 2021. évi források biztosításáról, valamint a Nemzeti Atlétikai Központ beruházás által érintett, a Pest Megyei Kormányhivatal részbeni vagyonkezelésében álló ingatlannal kapcsolatos intézkedésekről szóló 2053/2021. Korm. határozat módosításáról",Other,,
2021,2108/2021,Egy ingatlan-beruházás megvalósításához szükséges többletforrás biztosításáról,Other,,
2021,2109/2021,"Az 52. Nemzetközi Eucharisztikus Kongresszus megrendezésével összefüggő szervezési, koordinációs és lebonyolsítási feladatok további támogatásához szükséges kormányzati intézkedésekről",Other,,
2021,2110/2021,Az Erdélyi Médiatér Egyesület működésének és fejlesztési terveinek támogatásához szükséges forrás biztosításáról,Other,,
2021,2111/2021,A Nemzeti Kommunikációs Hivatal előirányzatainak terhére történő éven túli kötelezettségvállalás biztosításáról,Other,,
2021,2112/2021,"A védelmi ipari kapacitásokról, azok fenntartásáról és fejlesztéséről, valamint a védelmi ipari kutatás-fejlesztési rendszer kialakításáról szóló 2004/2021. Korm. határozat végrehajtása során alkalmazandó eltérő rendelkezésekről",Other,,
2021,2113/2021,A multimediális kampány megvalósításáról szóló 2079/2020. Korm. határozat módosításáról,Other,,
2021,2114/2021,A Nemzeti Kulturális alap maradványa felhasználásáról,Other,,
2021,2115/2021,"A ”TRANSIT-SPEED"" Fuvarozó és Kereskedelmi Korlátolt Felelősségű Társaság nagybefektető magyarországi beruházásának kormányzati támogatásáról",Other,,
2021,,Egyes turisztikai fejlesztésekhez kapcsolódó intézkedésekről,Other,,
2021,2117/2021,"A Bakonybél belterület 781, 782, 783 és 784 helyrajzi számú, állami tulajdonban álló ingatlanokkal kapcsolatos intézkedésekről",Other,,
2021,2119/2021,"A Gazdaság-újraindítási Akcióterv keretében a Népliget jelenleg is sportolásra hasznosított területének, valamint a Ferencvárosi Torna Club létesítményeinek fejlesztéséről",5. Válságkezelés,,"Gazdaság-újraindítási Akcióterv - Sport, kultúra, turizmus, ipar"
2021,2120/2021,A Gazdaság-újraindítási Akcióterv keretében a Kovács Katalin Nemzeti Kajak-Kenu Sportakadémia megvalósításáról,5. Válságkezelés,,"Gazdaság-újraindítási Akcióterv - Sport, kultúra, turizmus, ipar"
2021,2121/2021,A Gazdaság-újraindítási Akcióterv keretében a Pécsi Mecsek Futball Club új stadionjának megvalósításáról,5. Válságkezelés,,"Gazdaság-újraindítási Akcióterv - Sport, kultúra, turizmus, ipar"
2021,2122/2021,A Gazdaság-újraindítási Akcióterv keretében a Magyar Nemzeti Táncegyüttes állandó játszóhelyének kialakítását célzó beruházás megvalósításáról,5. Válságkezelés,,"Gazdaság-újraindítási Akcióterv - Sport, kultúra, turizmus, ipar"
2021,2123/2021,A Gazdaság-újraindítási Akcióterv keretében a Székesfehérváron megvalósuló új multifunkcionális rendezvény- és sportcsarnok-beruházás megvalósításáról,5. Válságkezelés,,"Gazdaság-újraindítási Akcióterv - Sport, kultúra, turizmus, ipar"
2021,2124/2021,A Gazdaság-újraindítási Akcióterv keretében a zalaegerszegi új városi multifunkciós rendezvény- és sportcsarnok-beruházás előkészítéséről és megvalósításáról,5. Válságkezelés,,"Gazdaság-újraindítási Akcióterv - Sport, kultúra, turizmus, ipar"
2021,2125/2021,A Gazdaság-újraindítási Akcióterv keretében az Alba Airport Repülőtér fejlesztése megvalósításáról,5. Válságkezelés,,"Gazdaság-újraindítási Akcióterv - Sport, kultúra, turizmus, ipar"
2021,2126/2021,A Gazdaság-újraindítási Akcióterv keretében a Farkasvölgyi úti kollégium fejlesztésének előkészítéséről és megvalósításáról,5. Válságkezelés,,"Gazdaság-újraindítási Akcióterv - Sport, kultúra, turizmus, ipar"
2021,2127/2021,A Gazdaság-újraindítási Akcióterv keretében a Szekszárdi Ipari Projektek előkészítéséről és megvalósításáról,5. Válságkezelés,,"Gazdaság-újraindítási Akcióterv - Sport, kultúra, turizmus, ipar"
2021,2128/2021,A Gazdaság-újraindítási Akcióterv keretében 1200 fős munkásszálló Kalocsa megvalósításáról,5. Válságkezelés,,"Gazdaság-újraindítási Akcióterv - Sport, kultúra, turizmus, ipar"
2021,2129/2021,A Gazdaság-újraindítási Akcióterv keretében 1500 db lakóegység (lakás) megvalósításáról,5. Válságkezelés,,"Gazdaság-újraindítási Akcióterv - Sport, kultúra, turizmus, ipar"
2021,2130/2021,A Gazdaság-újraindítási Akcióterv keretében a kalocsai Foktő laktanya munkásszállás megvalósításáról,5. Válságkezelés,,"Gazdaság-újraindítási Akcióterv - Sport, kultúra, turizmus, ipar"
2021,2131/2021,A Gazdaság-újraindítási Akcióterv keretében Gödi Adatközpont beruházás megvalósításáról,5. Válságkezelés,,"Gazdaság-újraindítási Akcióterv - Sport, kultúra, turizmus, ipar"
2021,2133/2021,A Gazdaság-újraindítási Akcióterv keretében a Paks munkásszálló megvalósításáról,5. Válságkezelés,,"Gazdaság-újraindítási Akcióterv - Sport, kultúra, turizmus, ipar"
2021,2134/2021,A Gazdaság-újraindítási Akcióterv keretében a Budapesti Nemzeti Tornasport- akadémia és egyéb kiegészítő sportági létesítmények megvalósításáról,5. Válságkezelés,,"Gazdaság-újraindítási Akcióterv - Sport, kultúra, turizmus, ipar"
2021,2135/2021,A Gazdaság-újraindítási Akcióterv keretében a csepeli Jedlik Ányos Gimnázium fejlesztés megvalósításáról,5. Válságkezelés,,"Gazdaság-újraindítási Akcióterv - Sport, kultúra, turizmus, ipar"
2021,2136/2021,A Gazdaság-újraindítási Akcióterv keretében a Makó Városi Termál- és Gyógyfürdő (Hagymatikum) fejlesztésének megvalósításáról,5. Válságkezelés,,"Gazdaság-újraindítási Akcióterv - Sport, kultúra, turizmus, ipar"
2021,2137/2021,A Gazdaság-újraindítási Akcióterv keretében a Ráckevei (Soroksári) Duna-ág komplex revitalizációja előkészítéséről és megvalósításáról,5. Válságkezelés,,"Gazdaság-újraindítási Akcióterv - Sport, kultúra, turizmus, ipar"
2021,2139/2021,A Gazdaság-újraindítási Akcióterv keretében a Honvéd Főparancsnokság újjáépítésének megvalósításáról,5. Válságkezelés,,"Gazdaság-újraindítási Akcióterv - Sport, kultúra, turizmus, ipar"
2021,2140/2021,"A Gazdaság-újraindítási Akcióterv keretében a József Főhercegi Palota, a Neoreneszánsz kert és istálló újjáépítésének megvalósításáról",5. Válságkezelés,,"Gazdaság-újraindítási Akcióterv - Sport, kultúra, turizmus, ipar"
2021,2141/2021,A Gazdaság-újraindítási Akcióterv keretében az egykori Külügyminisztérium épülete újjáépítésének megvalósításáról,5. Válságkezelés,,"Gazdaság-újraindítási Akcióterv - Sport, kultúra, turizmus, ipar"
2021,,A Gazdaság-újraindítási Akcióterv keretében a Budavári palota teljes felmérése és halaszthatatlan beruházások megvalósításáról,Other,,
2021,2143/2021,A Gazdaság-újraindítási Akcióterv keretében a Várgarázs beruházás III. ütemének megvalósításáról,5. Válságkezelés,,"Gazdaság-újraindítási Akcióterv - Sport, kultúra, turizmus, ipar"
2021,2144/2021,A Gazdaság-újraindítási Akcióterv keretében a Nyíregyházi Állatpark feljesztése részeként a Jégkorszak Interaktyv Állatbemutató II-V. üteme fejlesztésének megvalósításáról,5. Válságkezelés,,"Gazdaság-újraindítási Akcióterv - Sport, kultúra, turizmus, ipar"
2021,2145/2021,A Gazdaság-újraindítási Akcióterv keretében a Közép-Duna Menti Térségben megvalósuló fejlesztések előkészítéséről és megvalósításáról,5. Válságkezelés,,"Gazdaság-újraindítási Akcióterv - Sport, kultúra, turizmus, ipar"
2021,2146/2021,A Gazdaság-újraindítási Akcióterv keretében a Csepel Infra II. kivitelezés megvalósításáról,5. Válságkezelés,,"Gazdaság-újraindítási Akcióterv - Sport, kultúra, turizmus, ipar"
2021,2148/2021,A Gazdaság-újraindítási Akcióterv keretében a Víziközmű fejlesztések (Paks és térsége) megvalósításáról,5. Válságkezelés,,"Gazdaság-újraindítási Akcióterv - Sport, kultúra, turizmus, ipar"
2021,2151/2021,"A Gazdaság-újraindítási Akcióterv keretében a 451. sz. főút 11,5 tonnás burkolatmegerősítés Kiskunfélegyháza - Szentes közötti szakasz beruházás megvalósításáról",5. Válságkezelés,,"Gazdaság-újraindítási Akcióterv - Sport, kultúra, turizmus, ipar"
2021,2155/2021,A Gazdaság-újraindítási Akcióterv keretében a Pénzügyminisztérium budai Várnegyedben történő elhelyezését szolgáló beruházás II. üteméről,5. Válságkezelés,,"Gazdaság-újraindítási Akcióterv - Sport, kultúra, turizmus, ipar"
2021,2158/2021,A Gazdaság-újraindítási Akcióterv keretében az országos közúthálózatot érintő hídfelújítások tárgyú program megvalósításáról,5. Válságkezelés,,"Gazdaság-újraindítási Akcióterv - Sport, kultúra, turizmus, ipar"
2021,2159/2021,A védelmi ipari kapacitások fenntartásával és fejlesztésével összefüggő célok megvalósítása érdekében megalkotott védelmi ipar fejlesztési stratégiáról,Other,,
2021,2160/2021,"A védelmi ipari kapacitásokról, azok fenntarásáról és fejlesztéséről, valamint a védelmi ipari kutatás-fejlesztési rendszer kialakításáról szóló 2004/2021. Korm. határozat egyes pontjainak visszavonásáról",Other,,
2021,2161/2021,A Fudan Egyetem részvételével magyar felsőoktatási intézmény létrehozására irányuló intézkedésekről,Other,,
2021,2162/2021,"A 35. Úszó-, Nyíltvízi-, Műugró és Műúszó-Európa-bajnokság megrendezéséhez szükséges kormányzati intézkedésekről",Other,,
2021,2163/2021,Egyes kulturális intézmények és szakmai programok támogatása érdekében szükséges intézkedésekről,Other,,
2021,2165/2021,A Gazdaság-újraindítási Akcióterv keretében egy Őrbottyánban működő köznevelési intézmény 24 tanteremmel történő bővítésének megvalósításáról,Other,,
2021,2166/2021,A Gazdaság-újraindítási Akcióterv keretében a Nyíregyháza Spartacus-Bozsik József Labdarugó Akadémia örökösföldi edzőközpont megvalósításáról,Other,,
2021,2167/2021,A Gazdaság-újraindítási Akcióterv keretében a Nemzeti Korcsolyázó Központ előkészítéséről,Other,,
2021,2169/2021,A Gazdaság-újraindítási Akcióterv keretében a Városmajor park átfogó rekonstrukciója előkészítéséről és megvalósításáról,Other,,
2021,2171/2021,A Gazdaság-újraindítási Akcióterv keretében a Békéscsaba Repülőtér beruházás megvalósításáról,Other,,
2021,2176/2021,"A Gazdaság-újraindítási Akcióterv keretében a Kodály Zoltán Magyar Kórusiskola Katolikus Általános Iskola, Gimnázium, Alapfokú Művészeti Iskola és Szakgimnázium infrastrukturális fejlesztésének előkészítéséről és megvalósításáról",Other,,
2021,2178/2021,A Gazdaság-újraindítási Akcióterv keretében az ELTE Lágymányos Déli tömb új épületszárnya építésének (FIEK) további előkészítéséről és megvalósításáról,Other,,
2021,,A Gazdaság-újraindítási Akcióterv keretében a Kecskeméti Szakképzési Centrum Kada Elek Technikum építésének megvalósításáról,Other,,
2021,2180/2021,A Gazdaság-újraindítási Akcióterv keretében az algíri külképviselet hivatali épülete beruházásának megvalósításáról,Other,,
2021,2181/2021,A Gazdaság-újraindítási Akcióterv keretében a nagykanizsai konferencia- és rendezvényközpont előkészítéséről és megvalósításáról,Other,,
2021,2185/2021,"A Gazdaság-újraindítási Akcióterv keretében a brazíliavárosi külképviselet ingatlanának teljes rekonstrukciója, valamint új hivatali- és lakásépületek építése megvalósításáról",Other,,
2021,2186/2021,A Gazdaság-újraindítási Akcióterv keretében a pekingi hivatali épület átalakítása kapcsán megvalósuló beruházás megvalósításáról,Other,,
2021,2187/2021,A Gazdaság-újraindítási Akcióterv keretében Magyarország Újdelhi Nagykövetsége meglévő épületállományának teljes körű felújításával kapcsolatos beruházás I. üteme megvalósításáról,Other,,
2021,2188/2021,A Gazdaság-újraindítási Akcióterv keretében a varsói külképviselet jelenlegi hivatali épülete rekonstrukciójának megvalósításáról,Other,,
2021,2189/2021,A Gazdaság-újraindítási Akcióterv keretében a Gemenci Természeti Bemutató Ökocentrum és Kalandpark előkészítéséről és megvalósításáról,Other,,
2021,2190/2021,A Gazdaság-újraindítási Akcióterv keretében Veresegyházán 24 osztálytermes új iskola megépítésének előkészítéséről és megvalósításáról,Other,,
2021,2191/2021,A Gazdaság-újraindítási Akcióterv keretében Csömörön 16 osztálytermes új iskola megvalósításáról,Other,,
2021,2192/2021,A Gazdaság-újraindítási Akcióterv keretében a Hódmezővásárhelyi Szakképzési Centrum fejlesztésének megvalósításáról,Other,,
2021,2193/2021,A Gazdaság-újraindítási Akcióterv keretében a Közbeszerzési és Ellátási Főigazgatóság részére központi garázs építési beruházás megvalósításáról,Other,,
2021,2194/2021,A Gazdaság-újraindítási Akcióterv keretében a Bicskei Egészségügyi Központ felújításának előkészítéséről és megvalósításáról,Other,,
2021,2195/2021,A Gazdaság-újraindítási Akcióterv keretében az Eötvös Loránd Tudományegyetem Trefort Ágoston Gyakorló Gimnázium Trefort utca 8. szám alatti ingatlana felújításának előkészítéséről és megvalósításáról,Other,,
2021,2196/2021,A Gazdaság-újraindítási Akcióterv keretében a Dunaharasztin új 24 osztályos iskola megépítésének további előkészítéséről és megvalósításáról,Other,,
2021,2197/2021,A Gazdaság-újraindítási Akcióterv keretében a Kistarcsán új 16 osztályos iskola megépítésének megvalósításáról,Other,,
2021,2198/2021,A Gazdaság-újraindítási Akcióterv keretében Szigetszentmiklóson 16 tantermes iskolaépület és tornaterem megépítésének megvalósításáról,Other,,
2021,2199/2021,A Gazdaság-újraindítási Akcióterv keretében az Eötvös Lóránd Tudományegyetem Trefort-kerti campus infrastrukturális feljesztésének előkészítéséről és megvalósításáról,Other,,
2021,2200/2021,A Gazdaság-újraindítási Akcióterv keretében az Eötvös Lóránd Tudományegyetem Trefort Ágoston Gyakorló Gimnázium Szentkirályi utca 7. szám alatti ingatlana infrastrukturális fejlesztésének előkészítéséről és megvalósításáról,Other,,
2021,2201/2021,A Gazdaság-újraindítási Akcióterv keretében az Eötvös Lóránd Tudományegyetem Trefort Ágoston Gyakorló Gimnázium Puskin utca 6. szám alatti ingatlana infrastrukturális fejlesztésének előkészítéséről és megvalósításáról,Other,,
2021,2202/2021,A Gazdaság-újraindítási Akcióterv keretében a Farkasvölgyi úti kollégium fejlesztésének előkészítéséről és megvalósításáról,Other,,
2021,,A Gazdaság-újraindítási Akcióterv keretében a Lővérek Program keretében Nemzetközi Konferenciaközpont előkészítéséről és megvalósításáról,Other,,
2021,2205/2021,A kormányzati elektronikus információbiztonság növeléséhez szükséges egyes intézkedésekről és beruházásokról,Other,,
2021,2206/2021,A polgári kiberbiztonság megerősítéséhez szükséges kormányzati intézkedésekről és a Kiberbiztonsági Központ és Kutatóintézet egyes feladataival összefüggő források biztosításáról,Other,,
2021,2207/2021,Egy soproni ingatlan Győri Egyházmegye által történő megvásárlásához szükséges intézkedésekről és további források biztosításáról,Other,,
2021,2209/2021,A Magyar Honvédség Modernizációs Intézet védelmi és biztonsági feladatokkal összefüggő igényének jóváhagyásáról,Other,,
2021,2210/2021,A Magyar Honvédség Parancsnoksága védelmi és biztonsági feladatokkal összefüggő igényeinek jóváhagyásáról,Other,,
2021,2211/2021,A Nemzeti Adó- és Vámhivatal védelmi és biztonsági feladatokkal összefüggő igényének jóváhagyásáról,Other,,
2021,2212/2021,Védelmi és biztonsági feladatokkal összefüggő beszerzési igények hatékony kielégítése érdekében keretmegállapodás megkötésének jóváhagyásáról,Other,,
2021,2213/2021,A szerkezetátalakítási és az adósságrendezési eljárásokkal kapcsolatos fejlesztési és működési feladatok forrásigényének biztosításáról,Other,,
2021,2214/2021,A Gazdaság-újraindítási Akcióterv keretében az Állatorvostudományi Egyetem Kampusz teljeskörű fejlesztésének megvalósításáról,Other,,
2021,2215/2021,A Központi Nukleáris Pénzügyi Alap értékállóságának biztosításához szükséges intézkedésekről,Other,,
2021,2216/2021,Az egyes kulturális intézmények és szakmai programok támogatása érdekében szükséges intézkedésekről szóló 2163/2021. Korm. határozat módosításáról,Other,,
2021,2217/2021,Az atomerőmű Központi Nukleáris Pénzügyi Alapba történő befizetésének meghatározásáról,Other,,
2021,2218/2021,A Lidl Magyarország Kereskedelmi Betéti Társaság nagybefektető magyarországi beruházásának kormányzati támogatásáról,Other,,
2021,2219/2021,A Magyar Honvédség Parancsnoksága védelmi és biztonsági feladatokkal összefüggő igényeinek jóváhagyásáról,Other,,
2021,2220/2021,A Terrorelhárítási Központ védelmi és biztonsági feladatokkal összefüggő igényének jóváhagyásáról,Other,,
2021,2221/2021,A 2021. évi Magyarok Világjátéka elnevezésű esemény elhalasztása érdekében szükséges kormányzati intézkedésekről,Other,,
2021,2222/2021,A Nemzeti Eszközkezelő Programban részt vevő természetes személyek otthonteremtésének biztosításáról szóló törvényből eredő állami feladatok karitatív szervezetek általi átvállalásáról,Other,,
2021,2223/2021,A REACT EU forrás felhasználásának további irányairól,Other,,
2021,2224/2021,A Külső Határok Alap Európai Bizottsági ellenőrzésének eredményéről szóló Végleges Auditjelentésben meghatározott visszafizetési kötelezettség teljesítéséről,Other,,
2021,2225/2021,"A Tiszalöki Országos Büntetés-végrehajtási Intézet PPP konstrukcióból történő kivásárlásáról, a volt Büntetés-végrehajtási Központi Kórház zárkásításáról, valamint egyéb férőhelyteremtő beruházásokról",Other,,
2021,2226/2021,A Magyar Állami tulajdont érintő stratégiai vagyonnal kapcsolatos feladatokról,Other,,
2021,2227/2021,A Közép-európai Oktatási Alapítvány létrehozásához szükséges forrás biztosításáról,Other,,
2021,,A Külgazdasági és Külügyminisztérium használatában lévő ingatlan részbeni felújításáról,Other,,
2021,2231/2021,A MONO-Ipolyfabric Fafeldolgozó Ipari Korlátolt Felelősségű Társaság nagybefektető magyarországi beruházásának kormányzati támogatásáról,Other,,
2021,2232/2021,Az Infineon Technologies Cegléd Teljesítményfélvezetőket Gyártó Korlátolt Felelősségű Társaság nagybefektető magyarországi beruházásának kormányzati támogatásáról,Other,,
2021,2233/2021,A Hübner - H Gumi - és Műanyagipari Korlátolt Felelősségű Társaság nagybefektető magyarországi beruházásának kormányzati támogatásáról,Other,,
2021,2234/2021,"A központosított közbeszerzési rendszerről, valamint a központi beszerző szervezet feladat- és hatásköréről szóló 168/2004. (V. 25.) Korm. rendelet 7. § (1a) bekezdése szerinti saját hatáskörében történő beszerzés engedélyezéséről",Other,,
2021,2235/2021,A Hauszmann Alapítvány részére történő vagyonjuttatásról,Other,,
2021,2236/2021,A Budapesten működő nemzetközi szervezetek központjának megvalósításáról,Other,,
2021,2237/2021,"A Nemzeti Kastélyprogram és Nemzeti Várprogram részét képező GINOP-7.1.1-15- 2017-00037 azonosító számú („A sárospataki vár együttes turisztikai vonzerejének erősítése, a belső és külső vár összehangolt attrakciófejlesztése” című) projekt mérföldköveinek módosításáról",Other,,
2021,2238/2021,A MOL – Új Európa Alapítvány részére történő vagyonjuttatáshoz kapcsolatos intézkedésekről,Other,,
2021,2239/2021,A Közép- és Kelet-európai Történelmi és Társadalom Kutatásért Alapítvány részére történő vagyonjuttatásról,Other,,
2021,2240/2021,Az Alkotmányvédelmi Hivatal védelmi és biztonsági feladatokkal összefüggő igényének jóváhagyásáról,Other,,
2021,2241/2021,A Honvédelmi Minisztérium Védelemgazdasági Hivatal védelmi és biztonsági feladatokkal összefüggő igényének jóváhagyásáról,Other,,
2021,2242/2021,A Magyar Honvédség Parancsnoksága védelmi és biztonsági feladatokkal összefüggő igényeinek jóváhagyásáról,Other,,
2021,2243/2021,A Magyar Honvédség Parancsnoksága védelmi és biztonsági feladatokkal összefüggő igényeinek jóváhagyásáról,Other,,
2021,2244/2021,A Terrorelhárítási Központ védelmi és biztonsági feladatokkal összefüggő igényének jóváhagyásáról,Other,,
2021,2245/2021,A MetMax Vagyonkezelő Korlátolt Felelősségű Társaság nagybefektető magyarországi beruházásának kormányzati támogatásáról,Other,,
2021,2246/2021,Az Energia- és klímapolitikai modernizációs rendszer jogcímcsoport forrásainak támogatási célú felhasználásáról és a Zöldgazdaság Finanszírozási Rendszer jogcimcsoport forrásainak támogatási célú felhasználásáról és a tartalékképzésről szóló 2117/2019. Korm. határozat visszavonásáról,Other,,
2021,2247/2021,A Jövő Nemzedék Földje Alapítvány részére történő vagyonjuttatásról,Other,,
2021,2248/2021,Egy fővárosi sportlétesítmény korszerűsítésével kapcsolatos intézkedésekről,Other,,
2021,2249/2021,"A 2020. évi Úszó-, Nyíltvízi,- Műugró-, Műúszó- és Masters Európa-bajnokság megrendezéséhez szükséges többletforrás biztosításáról szóló 2134/2019. Korm. határozat módosításáról",Other,,
2021,2250/2021,"A Budapesti Gazdasági Egyetem, a Dunaújvárosi Egyetem, az Óbudai Egyetem, a Nyíregyházi Egyetem, a Magyar Táncművészeti Egyetem, a Testnevelési Egyetem és a Tokaj-Hegyalja Egyetem bérfejlesztéséhez kapcsolódó forrás biztosításáról",Other,,
2021,,A Gróf Tisza István Debreceni Egyetemért Alapítvány részére történő további vagyonjuttatáshoz kapcsolódó feladatokról,Other,,
2021,2252/2021,A Debreceni Egyetem részére történő további vagyonjuttatáshoz kapcsolódó feladatokról,Other,,
2021,2253/2021,A Hőgyes–Schöpf-Merei Gyógyszerkutatási Centrum további fejlesztése érdekében szükséges intézkedésekről,Other,,
2021,2254/2021,"A Semmelweis Egyetem által használt, nem állami tulajdonban lévő ingatlanok tulajdonjoga megszerzésének lehetőségéről",Other,,
2021,2256/2021,Egy ingatlan állami tulajdonba kerülése érdekében szükséges intézkedésekről,Other,,
2021,2263/2021,"A Szegedi Tudományegyetem, a Debreceni Egyetem, a Pécsi Tudományegyetem és a Semmelweis Egyetem bérfejlesztéséhez kapcsolódó forrás biztosításáról",Other,,
2021,2264/2021,A Tokaj-Hegyalja Egyetemért Alapítvány stratégiai támogatásáról,Other,,
2021,2265/2021,Egyes kormányhatározatokban foglalt feladatok módosításáról és visszavonásáról,Other,,
2021,2266/2021,A Gazdaságfejlesztési és Innovációs Operatív Program Plusz kiemelt projektjeinek nevesítéséről,Other,,
2021,2267/2021,A Katonai Nemzetbiztonsági Szolgálat védelmi képességének fenntartásához szükséges módosított beszerzési terve jóváhagyásáról,Other,,
2021,2268/2021,A Készenléti Rendőrség védelmi és biztonsági feladatokkal összefüggő igényének jóváhagyásáról,Other,,
2021,2270/2021,A Gazdaság-újraindítási Akcióterv keretében az emelt szintű könnyűzenei képzési központ előkészítéséről és megvalósításáról,Other,,
2021,2272/2021,A Gazdaság-újraindítási Akcióterv keretében a Lendva Fő utca 7. szám alatti épületegyüttes felújításának megvalósításáról,Other,,
2021,2275/2021,"A Gazdaság-újraindítási Akcióterv keretében a Pest Megyei Flór Ferenc Kórház KEHOP-5.2.2 energetikai programjához kapcsolódóan az ""A"" és ""B"" épületszárny homlokzati korlát és árnyékoló rendszerének megvalósításáról",Other,,
2021,2276/2021,A Gazdaság-újraindítási Akcióterv keretében a Collegium Hungaricum Róma épületegyüttese teljes körű felújítása I. ütemének (Palazzina felújítása) megvalósításáról,Other,,
2021,2277/2021,A Gazdaság-újraindítási Akcióterv keretében a Csíkszeredai Főkonzulátus új hivatali épülete felújításának megvalósításáról,Other,,
2021,2278/2021,A Gazdaság-újraindítási Akcióterv keretében az eszéki külképviseleti és főkonzulátusi épület felújításának előkészítéséről és megvalósításáról,Other,,
2021,2280/2021,A Gazdaság-újraindítási Akcióterv keretében Magyarország Belgrádi Nagykövetsége hivatali épülete teljes körű rekonstrukciójának további előkészítéséről és megvalósításáról,Other,,
2021,2281/2021,A Gazdaság-újraindítási Akcióterv keretében a Magyarország Kassai Főkonzulátusa új hivatali és rezidencia épületei teljes körű felújításának előkészítéséről és megvalósításáról,Other,,
2021,2282/2021,A Gazdaság-újraindítási Akcióterv keretében a Magyarország Dublini Nagykövetsége hivatali épülete teljes körű rekonstrukciójának előkészítéséről és megvalósításáról,Other,,
2021,2283/2021,A Gazdaság-újraindítási Akcióterv keretében Magyarország Szófiai Nagykövetsége hivatali és rezidencia épületei teljes körű rekonstrukciójának előkészítéséről és megvalósításáról,Other,,
2021,2284/2021,A Gazdaság-újraindítási Akcióterv keretében a Párizsi Magyar Intézet teljes körű felújításának megvalósításáról,Other,,
2021,,A Gazdaság-újraindítási Akcióterv keretében a Magyarország Mexikóvárosi Nagykövetsége hivatali épülete és szolgálati lakásai beruházásának megvalósításáról,Other,,
2021,2286/2021,A Gazdaság-újraindítási Akcióterv keretében a Magyarország Újdelhi Nagykövetsége meglévő épületállománya teljes körű felújítása II. ütemének előkészítéséről és megvalósításáról,Other,,
2021,2319/2021,A Jogi Személyek Egységes Nyilvántartása projekt Országos Cégnyilvántartási és Céginformációs Rendszer alprojektjének adatkonszolidációs feladataihoz szükséges forrás biztosításáról,Other,,
2021,2320/2021,"Új típusú nemzetközi gazdasági képzés indításának támogatásáról, valamint állami tulajdonban álló ingatlan ingyenes tulajdonba adásához szükséges intézkedésekről",Other,,
2021,2321/2021,A Makovecz Campus Alapítvény létrehozásához szükséges feltételek és források biztosításáról,Other,,
2021,2322/2021,A szombathelyi Haladás Sportkomplexum állam által történő működtetéséhez szükséges intézkedésekről,Other,,
2021,2329/2021,A HUNGEXPO Budapesti Vásárközpont fejlesztése érdekében szükséges intézkedésekről és források biztosításáról szóló 2014/2019. Korm. határozat módosításáról,Other,,
2021,2330/2021,Egyes országos sportági szakszövetségek támogatásával kapcsolatos intézkedésekről,Other,,
2021,2331/2021,A Honvédelmi Minisztérium Védelemgazdasági Hivatal védelmi és biztonsági feladatokkal összefüggő igényének jóváhagyásáról,Other,,
2021,2332/2021,A Magyar Honvédség Parancsnoksága védelmi és biztonsági feladatokkal összefüggő igényeinek jóváhagyásáról,Other,,
2021,2333/2021,Az állami ellátásért való felelősség fokozatos növelésének lehetőségeiről,Other,,
2021,2334/2021,A Budapesti Rendőr-főkapitányság védelmi és biztonsági feladatokkal összefüggő igényének jóváhagyásáról,Other,,
2021,2335/2021,A HM ARZENÁL Elektromechanikai Zártkörűen Működő Részvénytársaság védelmi és biztonsági feladatokkal összefüggő igényének jóváhagyásáról,Other,,
2021,2336/2021,A Magyar Honvédség Parancsnoksága védelmi és biztonsági feladatokkal összefüggő igényeinek jóváhagyásáról,Other,,
2021,2337/2021,Az Airbus Helicopters Magyarország Korlátolt Felelősségű Társaság nagybefektető magyarországi beruházásának kormányzati támogatásáról,Other,,
2021,2338/2021,Nemzetközi kulturális-művészeti rendezvények támogatásáról,Other,,
2021,2339/2021,Az „Augusztus 20-i tűzijáték” és a Szent István Napi programsorozat támogatásáról,Other,,
2021,2340/2021,A Robert Bosch Korlátolt Felelősségű Társaság nagybefektető magyarországi beruházásának kormányzati támogatásáról,Other,,
2021,2341/2021,A 2030-ig tartó időszakra szóló foglalkoztatási célokról,Other,,
2021,2342/2021,A Starters E-Components Generators Automotive Hungary Korlátolt Felelősségű Társaság nagybefektető magyarországi beruházásának kormányzati támogatásáról,Other,,
2021,2343/2021,A DMG MORI HEITEC Digital Korlátolt Felelősségű Társaság nagybefektető magyarországi beruházásának kormányzati támogatásáról,Other,,
2021,2344/2021,A Hosszú Katinka Sportakadémia megvalósítására alkalmas ingatlan tulajdonjogának állam általi megszerzéséhez szükséges intézkedésekről,Other,,
2021,,"A védelmi ipari tárgyú Egyetértési Megállapodások jóváhagyásához szükséges közjogi felhatalmazás kezdeményezéséről, valamint azok végrehajtásához szükséges további intézkedésekről",Other,,
2021,2346/2021,"A V4 országok földrajzi, geopolitikai elhelyezkedését szemléltető térképek sokszorosításáról és kihelyezéséről",Other,,
2021,2348/2021,A Gazdaság-újraindítási Akcióterv keretében a könnyűzenei központ előkészítéséhez és könnyűzenei központ megvalósításához szükséges intézkedésekről,Other,,
2021,2349/2021,A Honvédelmi Minisztérium Védelemgazdasági Hivatal védelmi és biztonsági feladatokkal összefüggő igényének jóváhagyásáról,Other,,
2021,2350/2021,A Magyar Honvédség hadrendjében lévő JAS-39 Gripen típusú repülőgépek bérletével kapcsolatos részletes feltételeket tartalmazó Bérleti Megállapodás módosítására vonatkozó tárgyalások megkezdéséről szóló felhatalmazásról,Other,,
2021,2351/2021,A Marcaliban megvalósuló turisztikai fejlesztés támogatásáról,Other,,
2021,2352/2021,A Cloud Network Technology Korlátolt Felelősségű Társaság nagybefektető magyarországi beruházásának kormányzati támogatásáról,Other,,
2021,2353/2021,A Magyar Honvédség 64. Boconádi Szabó József Logisztikai Ezred védelmi és biztonsági feladatokkal összefüggő igényének jóváhagyásáról,Other,,
2021,2354/2021,A Magyar Honvédség Parancsnoksága védelmi és biztonsági feladatokkal összefüggő igényeinek jóváhagyásáról,Other,,
2021,2355/2021,A Millenáris Tudományos Kulturális Alapítvány feladatainak támogatásáról,Other,,
2021,2356/2021,A Miniszterelnökség tulajdonosi joggyakorlása alá tartozó gazdasági társaságok számára költségvetési támogatás nyújtásáról,Other,,
2021,2357/2021,A koronavírus-világjárvány Helikon Kastélymúzeum Közhasznú Nonprofit Korlátolt Felelősségű Társaságot érintő hatásának enyhítéséről,Other,,
2021,2358/2021,"A ""Digitális idősgondozás"" program létrehozásáról",Other,,
2021,2359/2021,A Nemzetközi Judo Szövetség 2021-2025. évi működési támogatásának biztosításáról,Other,,
2021,2360/2021,"A Nemzeti Építőipari Felügyeleti és Adatszolgáltató Rendszer, valamint az Építőipari Monitoring- és Adatszolgáltató Rendszer létrehozásával kapcsolatos feladatokról",Other,,
2021,2362/2021,A Budapest Airport Budapest Liszt Ferenc Nemzetközi Repülőtér Üzemeltető Zártkörűen Működő Részvénytársaságban többsági állami tulajdon megszerzésének előkészítéséről és az erre irányuló tárgyalásokon a Magyar Állam képviseletének ellátásáról,Other,,
2021,2363/2021,Az egyes közszolgáltató társaságok működésének biztosításához szükséges intézkedésekről,Other,,
2021,2364/2021,A Déli összekötő vasúti híd felszerkezetének utóhasznosításával kapcsolatos kormányzati intézkedésekről,Other,,
2021,2366/2021,Az európai uniós források felhasználásáért felelős intézményrendszer számára meghatározott célok évenkénti értékeléséről,Other,,
2021,2367/2021,A kárpátaljai magyar nyelvű oktatás fejlesztésével kapcsolatos kormányzati feladatokról,Other,,
2021,2368/2021,A Terrorelhárítási Központ működéséhez szükséges többletforrások biztosításáról,Other,,
2021,2369/2021,Egyes fővárosi kerületi önkormányzatok támogatásáról,Other,,
2021,2370/2021,A Neumann János Egyetem stratégiai fejlesztéseinek megvalósításához szükséges források biztosításáról,Other,,
2021,2371/2021,A Magyarország vasúti fejlesztéseihez szükséges kötelezettségvállalásról,Other,,
2021,2372/2021,Az Európai Unió Törvényszékén megüresedő bírói mandátumok betöltéséről,Other,,
2021,,A Magyar Honvédség Parancsnoksága védelmi és biztonsági feladatokkal összefüggő igényeinek jóváhagyásáról,Other,,
2021,2374/2021,Perbeli marasztalás teljesítéséhez szükséges forrás biztosításáról,Other,,
2021,2375/2021,Egy ingatlan állami tulajdonba vételéhez szükséges kormányzati intézkedésekről,Other,,
2021,2376/2021,A Paccor Hungary Korlátolt Felelősségű Társaság nagybefektető magyarországi beruházásának kormányzati támogatásáról,Other,,
2021,2377/2021,A NEKSZT Nemzeti Elektronikus Közbeszerzési Szolgáltató és Tanácsadó Korlátolt Felelősségű Társaság beolvadással történő megszűnéséről,Other,,
2021,2378/2021,A Kozma István Magyar Birkozó Akadémia sportszakmai programjának támogatásáról,Other,,
2021,2379/2021,Egyes honvédelmi célú beszerzések megvalósításához szükséges éven túli kötelezettségvállaláshoz történő hozzájárulásról,Other,,
2021,2381/2021,Az Európai Unió Törvényszéke magyar tagjainak jelöléséről,Other,,
2021,2382/2021,A Kárpát-medencei Művészeti Tematikus Népfőiskola részére történő ingatlanvásárlás II. üteméhez és egyes kapcsolódó feladatokhoz szükséges forrás biztosításáról szóló 2120/2020. Korm. határozat módosításáról,Other,,
2021,2383/2021,Lendva és térsége fejlesztési célú támogatásáról,Other,,
2021,2384/2021,A beregszászi művelődési ház helyreállításának előkészítéséhez szükséges további intézkedésekről és többletforrás biztosításáról,Other,,
2021,2386/2021,A COVID-19 okozta járványhelyzet kiemelt fővárosi sportegyesületekre gyakorolt hatásainak enyhítéséről,Other,,
2021,2387/2021,Az Agrosprint Mezőgazdasági és Ipari Termékforgalmazó Zártkörűen Működő Részvénytársaság nagybefektető magyarországi beruházásának kormányzati támogatásáról,Other,,
2021,2388/2021,"A gazdasági újraindításról, a stabil gazdaság megteremtéséről és a magyar gazdaság megerősítéséről szóló nemzeti konzultációról",5. Válságkezelés,,Gazdasági újraindítási nemzeti konzultáció
2021,2389/2021,"Az EFOP-2.2.1-VEKOP-16-2016-00021 azonosító számú („Gyermek sürgősségi, baleseti ellátás fejlesztése” című) kiemelt projekt Heim Pál Gyermekkórház projektrészének Helyreállítási és Ellenállóképességi Eszköz keret terhére történő biztosításáról",Other,,
2021,2390/2021,Az Alkotmányvédelmi Hivatal védelmi és biztonsági feladatokkal összefüggő igényének jóváhagyásáról,Other,,
2021,2391/2021,A Magyar Honvédség Modernizációs Intézet védelmi és biztonsági feladatokkal összefüggő igényének jóváhagyásáról,Other,,
2021,2392/2021,A Magyar Honvédség Parancsnoksága védelmi és biztonsági feladatokkal összefüggő igényeinek jóváhagyásáról,Other,,
2021,2393/2021,A kolozsvári Iskola Alapítvány fejlesztéséhez szükséges forrás biztosításáról,Other,,
2021,2394/2021,Egyes fejlesztési feladatok szervezeti feltételeinek megteremtéséhez szükséges forrás biztosításáról,Other,,
2021,2395/2021,A Wacław Felczak Alap létrehozásával kapcsolatos egyes intézkedésekről szóló 2059/2017. Korm. határozat módosításáról,Other,,
2021,2396/2021,"A Védelmi Innovációs Kutatóintézet működési és szervezeti modelljéről és a védelmi ipari kapacitásokról, azok fenntartásáról és fejlesztéséről, valamint a védelmi ipari kutatás-fejlesztési rendszer kialakításáról szóló 2004/2021 Korm. határozat módosításáról",Other,,
2021,2397/2021,"A Citadella megújításához, a Nemzeti Hauszmann Program II. ütemében szereplő egyes beruházások végrehajtásához, 2022. évben szükséges források biztosításáról",Other,,
2021,,"A Gazdaság-újraindítási Akcióterv keretében a Belügyminisztérium Budapest I. kerület, Országház utcai székháza beruházásának előkészítéséről és megvalósításáról",Other,,
2021,2399/2021,"A Gazdaság-újraindítási Akcióterv keretében a ""Visegrád 700"" fejlesztési program részeként a visegrádi műemlék-együttes átfogó rekonstrukciójához kapcsolódó közúti beruházás előkészítéséről és megvalósításáról",Other,,
2021,2400/2021,"A Gazdaság-újraindítási Akcióterv keretében a ""Visegrád 700"" fejlesztési program részét képező visegrádi műemlékegyüttes átfogó rekonstrukciójának előkészítéséről és megvalósításáról",Other,,
2021,2401/2021,Az IBM Data Storage Systems Információtechnológiai Korlátolt Felelősségű Társaság nagybefektető magyarországi beruházásának kormányzati támogatásáról,Other,,
2021,2402/2021,"A Belügyminisztérium HEROS Javító, Gyártó, Szolgáltató és Kereskedelmi Zártkörűen Működő Részvénytársaság restruktúrálásához szükséges források és intézkedések biztosításáról",Other,,
2021,2403/2021,A Magyar Honvédség Parancsnoksága védelmi és biztonsági feladatokkal összefüggő igényének jóváhagyásáról,Other,,
2021,2404/2021,A védelmi ipari tárgyú Egyetértési Megállapodások végrehajtásához szükséges további intézkedésekről szóló 2410/2020. kormányhatározat módosításáról,Other,,
2021,2405/2021,Az új típusó állami viszontgarancia rendszer működéséhez szükséges intézkedésekről,Other,,
2021,2407/2021,Az ALDI International IT Services Korlátolt Felelősségű Társaság nagybefektető magyarországi beruházásának kormányzati támogatásáról,Other,,
2021,2408/2021,A FALCO Zártkörűen Működő Részvénytársaság nagybefektető magyarországi beruházásának kormányzati támogatásáról,Other,,
2021,2409/2021,A MARZEK KNER PACKAGING Csomagolóanyag-gyártó Korlátolt Felelősségű Társaság nagybefektető magyarországi beruházásának kormányzati támogatásáról,Other,,
2021,2410/2021,A VITAFORT Első Takarmánygyártó és Forgalmazó Zártkörűen Működő Részvénytársaság nagybefektető magyarországi beruházásának kormányzati támogatásáról,Other,,
2021,2411/2021,A Magyar Exporthitel Bizosító Zártkörűen Működő Részvénytársaság által a központi költségvetés terhére a Kormány készfizető kezességvállalása mellett nyújtott nem piacképes kockázatú biztosításokra vonatkozó magyar hányad követelmény felülvizsgálat és módosítását szolgáló intézkedésekről,Other,,
2021,2412/2021,A Magyarország vasúti fejlesztéseihez szükséges kötelezettségvállalásról,Other,,
2021,2414/2021,Az Universitas Miskolcinensis Alapítvány részére történő vagyonjuttatáshoz kapcsolódó feladatokról,Other,,
2021,2415/2021,"A Gazdaság-újraindítási Akcióterv végrehajtása érdekében Magyarország Helyreállítási és Ellenállóképességi Tervéhez kapcsolódó, a támogatási keretösszeggel és a kiemelt kedvezményezettek megjelölésével bővített intézkedési lista jóváhagyásáról",Other,,
2021,2416/2021,Egyes honvédelmi célú beszerzések megvalósításához szükséges éven túli kötelezettségvállaláshoz történő hozzájárulásról,Other,,
2021,2417/2021,A Fudan Hungary Egyetemért Alapítvány létrehozásával kapcsolatos egyes kérdésekről,Other,,
2021,2418/2021,Az Alaptörvény kilencedik módosításához kapcsolódó egyes jogalkotási feladatokról,Other,,
2021,,"A Magyarország Bernben található nagyköveti rezidenciájának elhelyezését szolgáló ingatlan tovább bérléséhez, illetve a megvásárlásához szükséges intézkedésekről",Other,,
2021,2420/2021,Záhony térség nemzetközi vasúti árufuvarozási piacon betöltött szerepének növelését célzó intézkedésekről,Other,,
2021,2421/2021,A gyalui várkastély felújításához szükséges forrás biztosításáról,Other,,
2021,2422/2021,A védelmi ipari kapacitásokkal összefüggő intézkedésekről,Other,,
2021,2423/2021,A Fudan Hungary Egyetemért Alapítvány részére történő feltételek és forrás biztosításáról,Other,,
2021,2424/2021,A Budapest Airport Budapest Liszt Ferenc Nemzetközi Repülőtér Üzemeltető Zártkörűen Működő Részvénytársaságban többsági állami tulajdon megszerzésének előkészítésével kapcsolatos egyes intézkedésekről,Other,,
2021,2425/2021,A postai hivatalos irathoz kapcsolódó egyes kérdésekről,Other,,
2021,2426/2021,Az egyes kulturális intézmények és szakmai programok támogatása érdekében szükséges intézkedésekről szóló 2163/2021. Korm. határozat 4. pontjának végrehajtásáról,Other,,
2021,2427/2021,A Nemzeti Védelmi Szolgálat új irodaépülete fejlesztésének előkészítéséről,Other,,
2021,2429/2021,A BTTF Badacsony és térsége Turisztikai Fejlesztő Nonprofit Zártkörűen Működő Részvénytársaság új tulajdonosi joggyakorlójának kijelöléséhez szükséges feladatokról,Other,,
2021,2430/2021,"Az Innoscitech Innovációs, Kutatási és Építőipari Korlátolt Felelősségű Társaság nagybefektető magyarországi beruházásának kormányzati támogatásáról",Other,,
2021,2431/2021,"A Londoni Magyar Kulturális Intézet új helyszínen történő elhelyezésére szolgáló ingatlan megvásárlásával, valamint Magyarország Nagykövetsége London konzuli részlegének új ingatlanban történő elhelyezésével és kialakításával kapcsolatos intézkedésről és egyes határozatokkal kapcsolatos további intézkedésekről",Other,,
2021,2432/2021,A Balatoni Hajózási Zártkörűen működő Részvénytársaság által megrendelt hajók Sió-csatornán történő szállításához szükséges forrásbiztosításról,Other,,
2021,2433/2021,Az Egyetemes Postaegyesület 27. Kongresszusán képviselendő magyar tárgyalási álláspont kialakításáról,Other,,
2021,2434/2021,A 2026. évi Atlétikai Európa-bajnokság megrendezése érdekében pályázat benyújtásához szükséges kormnyzati intézkedésekről,Other,,
2021,2435/2021,Az Információs Hivatal védelmi és biztonsági feladatokkal összefüggő igényének jóváhagyásáról,Other,,
2021,2436/2021,A Magyar Honvédség Modernizációs Intézet védelmi és biztonsági feladatokkal összefüggő igényének jóváhagyásáról,Other,,
2021,2437/2021,A Magyar Honvédség Parancsnoksága védelmi és bitonsági feladatokkal összefüggő igényének jóváhagyásáról,Other,,
2021,2438/2021,A Nemzeti Adó- és Vámhivatal védelmi és biztonsági feladatokkal összefüggő igényeinek jóváhagyásáról,Other,,
2021,2439/2021,"A magyar történeti kertörökséggel kapcsolatos feladatokról, valamint a Magyar Kertörökség Alapítvány tevékenységének támogatásáról",Other,,
2021,2440/2021,A többségi állami tulajdonban álló védelmi ipari gazdasági társaságok vezető állású munkavállalóit érintő javadalmazási rendszerének megállapításáról,Other,,
2021,2441/2021,"A Budapest, VI. kerület, belterület 28764 helyrajzi számú ingatlan tulajdonjogának a magyar állam javára történő megszerzéséről",Other,,
2021,2443/2021,Az egyes fővárosi kerületi önkormányzatok támogatásáról szóló 2369/2021. Korm. határozattal kapcsolatos további intézkedésekről,Other,,
2021,,A Magyar Kultúráért Alapítvány működésének támogatásáról,Other,,
2021,2445/2021,A Kommentár Alapítvány egyes feladatainak ellátásához szükséges többletforrás biztosításáról,Other,,
2021,2446/2021,A NIF Nemzeti Infrastruktúra Fejlesztő zártkörűen működő Részvénytársaságot érintő egyes szabálytalansági eljárásokban megállapított pénzügyi korrekciók rendezéséről,Other,,
2021,2447/2021,Országos népszavazás kezdeményezéséről,Other,,
2021,2448/2021,"Az élet- és vagyonbiztonságot veszélyeztető tömeges megbetegedést okozó humánjárvány megelőzése, illetve következményeinek elhárítása érdekében végzett feladatokról, valamint a Miniszterelnökség fejezetnél felmerült többletkiadások fedezetének biztosításáról",Other,,
2021,2449/2021,A Szegedi Orvosbiológiai Kutatások Jövőjéért Alapítvány támogatásáról,Other,,
2021,2450/2021,A Mathias Corvinus Collegium tehetséggondozási programjának Szegeden történő megvalósításához szükséges egyes döntések meghozataláról,Other,,
2021,2451/2021,A tervezési szakasz elindításáról a Miskolci Egyetem területén található ingatlanok „Green and Smart Campus” koncepció mentén történő infrastruktúra-fejlesztése során és azok költségének finanszírozásáról,Other,,
2021,2452/2021,A Miskolci Egyetemen megvalósítandó Tudományos és Innovációs Park tervezési szakaszának elindításáról és a szükséges forrás biztosításáról,Other,,
2021,2453/2021,A Batthyány Lajos Alapítvány céljai támogatásához szükséges döntések meghozataláról,Other,,
2021,2454/2021,"A Szegedi SZEFO Fonalfeldolgozó ""zártkörűen működő"" Részvénytársaság tulajdonlásának átvételével ellátandó feladatok megvalósítását támogató forrás biztosításáról",Other,,
2021,2455/2021,Az Óbudai Egyetem campusfejlesztéséhez szükséges ingatlanok megszerzésével kapcsolatos intézkedésekről,Other,,
2021,2456/2021,A felsőoktatási modellváltáshoz kapcsolódó fejlesztésekről,Other,,
2021,2458/2021,A külföldön szerzett diplomák elfogadtatásának ingyenessé tételéről és egyszerűsítéséről,Other,,
2021,2459/2021,A szabadalmi fenntartási díjak összegének csökkentéséről,Other,,
2021,2460/2021,A „Szitakötő” rendszer üzemeltetéséhez szükséges források biztosításáról,Other,,
2021,2461/2021,A Herczeg Ferenc Emlékház létrehozásához szükséges további intézkedésekről,Other,,
2021,2462/2021,Az MFB Magyar Fejlesztési Bank Zártkörűen Működő Részvénytársaság tőkehelyzetének stabilitásához szükséges forrás biztosításáról,Other,,
2021,2463/2021,Egyes határon túli sportszervezetek támogatásáról,Other,,
2021,2464/2021,A minőség- és teljesítményelvű felsőoktatási rendszer kialakításához szükséges új finanszírozási rendről,Other,,
2021,2465/2021,A védelmi-ipari beszállító-fejlesztési program elfogadásáról és a végrehajtáshoz szükséges intézkedésekről,Other,,
2021,2466/2021,A védelmi ipari tőkeprogram létrehozásáról és a Széchenyi Alapok Kockázati Tőkealap-kezelő Zártkörűen Működő Részvénytársaság mint alapkezelő kijelöléséről,Other,,
2021,2467/2021,"A Balaton, mint kiemelt vízgazdálkodási és turisztikai övezet vízminőségének javításához és fenntartható fejlődéséhez szükséges intézkedésekről",Other,,
2021,2468/2021,A Magyar Védelmi Exportügynökség Zártkörűen Működő Részvénytársaság létrehozásáról,Other,,
2021,2469/2021,Az 52. Nemzetközi Eucharisztikus Kongresszus résztvevőinek szükséges szálláshely biztosításáról,Other,,
2021,,"A tartós külszolgálaton lévőknek járó deviza-illetményalap, valamint a lakhatási és vegyes költségtérítés-alap megemeléséről",Other,,
2021,2473/2021,A vészhelyzeti hívásfogadó rendszer kivitelezéséhez és bővítéséhez szükséges forrás biztosításáról,Other,,
2021,2474/2021,A kolozsvári Iskola Alapítvány fejlesztéséhez szükséges forrás biztosításáról szóló 2393/2021. Korm. határozattal kapcsolatos további intézkedésekről,Other,,
2021,2475/2021,"A Washington D.C.-ben található Kossuth Ház nemzetpolitikai és nemzetközi diplomáciai célú gazdaságos hasznosítási koncepciójának kidolgozásáról, a kapcsolódó ingatlanfejlesztés előzetes elvi engedélyeztetéséről és előkészítő munkálatainak elindításáról",Other,,
2021,2476/2021,Az egyes közszolgáltató társaságok működésének biztosításához szükséges intézkedésekről,Other,,
2021,2486/2021,A Gazdaság-újraindítási Akcióterv keretében a Szent István Király Zeneművészeti Szakgimnázium és Alapfokú Művészeti Iskola infrastrukturális fejlesztésének megvalósításáról,Other,,
2021,2499/2021,"A Gazdaság-újraindítási Akcióterv keretében a solymári Fészek Waldorf Általános Iskola, Gimnázium és Alapfokú Művészeti Iskola felújításának előkészítéséről és megvalósításáról",Other,,
2021,2504/2021,A Gazdaság-újraindítási Akcióterv keretében a Ganz Ábrahám Öntödei Gyűjtemény épületének teljes körű felújítása megvalósításáról,Other,,
2021,2505/2021,A Gazdaság-újraindítási Akcióterv keretében a Magyar Nemzeti Levéltár Lángliliom utcai telephelyének korszerűsítése és bővítése előkészítéséről,Other,,
2021,2526/2021,A Gazdaság-újraindítási Akcióterv keretében a Kovács Katalin Nemzeti Kajak-Kenu Sportakadémia beruházás további előkészítéséről és megvalósításáról,Other,,
2021,2527/2021,A KREMELSON INVEST Korlátolt Felelősségű Társaság felperes és társai által a magyar állam alperes ellen indított bírósági eljárásban a felperes egyezségi ajánlatával kapcsolatos intézkedésekről,Other,,
2021,2528/2021,"A a szegedi ELI-ALPS működéséhez, valamint a kapcsolódó GINOP nagyprojekt biztonságának fenntartásához, továbbá Magyarországnak a létrejövő ELI ERIC-hez fűződő tagsági kötelezettségei teljesítéséhez szükséges források biztosításáról",Other,,
2021,2529/2021,A Magyar Honvédség hadrendjében lévő JAS-39 Gripen repülőgépek bérletével kapcsolatos részletes feltételeket tartalmazó Bérleti Megállapodás módosítására vonatkozó aláírási felhatalmazásról,Other,,
2021,2530/2021,A Magyar Honvédség hadrendjében lévő JAS-39 Gripen típusú repülőgépek bérletével kapcsolatos részletes feltételeket tartalmazó Bérleti Megállapodás módosításának és az ahhoz kapcsolódó GFE beszerzésének megvalósításához szükséges éven túli kötelezettségvállaláshoz történő hozzájárulásról,Other,,
2021,2531/2021,"A védelmi ipari tárgyú Egyetértési Megállapodás jóváhagyásához szükséges közjogi felhatalmazás kezdeményezéséről, valamint a végrehajtásához szükséges további intézkedésekről",Other,,
2021,2532/2021,"A hazai repülés és repülőipar utánpótlás-nevelést, pályára irányítást segítő ifjúsági pilóta program infrastrukturális hátterének kialakításáról",Other,,
2021,2533/2021,"A Puskás Aréna és egyes kapcsolódó sportlétesítmények hosszú távú hasznosításával, üzemeltetésével és működtetésével kapcsolatos egyes kérdésekről",Other,,
2021,2534/2021,A gazdaság-újraindítási programok finanszírozása érdekében történő normatív alapú előirányzat-átcsoportosításról,Other,,
2021,,"A Nemzeti Adatvagyon Ügynökség Korlátolt Felelősségű Társaság megalapításáról, valamint a Digitális Kormányzati Fejlesztés és Projektmenedzsment Korlátolt Felelősségű Társaság működési feltételeinek további biztosításáról",Other,,
2021,2536/2021,A BMSK Sport Közhasznú Nonprofit Korlátolt Felelősségű Társaság működéséhez szükséges 2021. évi finanszírozás biztosításáról,Other,,
2021,2537/2021,A hazai robotsebészeti rendszer kialakításáról,Other,,
2021,2538/2021,Az elektronikus ügyintézési pontok kiterjesztéséhez szükséges forrás biztosításáról,Other,,
2021,2539/2021,A nemzeti kulturális-művészeti rendezvények támogatásáról szóló 2338/2021. Korm. határozat módosításáról,Other,,
2021,2540/2021,A Steindl Imre Program Nonprofit Zártkörűen Működő Részvénytársaság beszerzési eljárásainak mentesítéséről,Other,,
2021,2541/2021,Az afgán civil alkalmazottakra vonatkozó intézkedésekről,"7. Külpolitika,",EU és Határon Túli Ügyek,Afgán civil alkalmazottakra vonatkozó intézkedések
2021,2542/2021,Egyes fesztiválok és rendezvények támogatásáról,Other,,
2021,2543/2021,Az adatok végleges hozzáférhetetlenné tételét lehetővé tevő alkalmazás működésével összefüggő egyes feladatokról,Other,,
2021,2544/2021,A Nemzeti Oltóanyaggyár és a Nemzeti Koronavírus-Oltóanyaggyár belső infrastruktúra fejlesztéseinek finanszírozásáról,Other,,
2021,2545/2021,"A Nemzeti Versenysport Szövetség és tagszervezetei tevékenységének támogatásáról, valamint az egyes sportszervezetek támogatásával kapcsolatos intézkedésekről szóló 2096/2020. Korm. határozat végrehajtása során alkalmazandó eltérő rendelkezésekről",Other,,
2021,2546/2021,A balatonfüredi röplabda sportág támogatásához szükséges forrás biztosításáról,Other,,
2021,2547/2021,Egy ingatlan tulajdonjogának a magyar állam javára történő megszerzéséről,Other,,
2021,2549/2021,Az Északi Járműjavító fejlesztési területe és a Népliget közötti gyalogos és kerékpáros kapcsolatot biztosító ingatlan megszerzésével kapcsolatos intézkedésekről,Other,,
2021,2550/2021,Az egyes humanitárius segítségnyújtással összefüggő kérdésekről,Other,,
2021,2551/2021,Az 5000 fő feletti lakosságszámú településeket érintő kiemelt társadalmi igények beruházásainak támogatásáról,Other,,
2021,2552/2021,Az egyetemek minőség- és teljesítményelvű finanszírozási rendszeréről,Other,,
2021,2553/2021,"Az államilag elismert jégkorong sportakadémiai rendszer, és a kiemelt jégkorong regionális alközpontok támogatásáról",Other,,
2021,2555/2021,Az Adatváltozás-kezelési Szolgáltatás bevezetésével összefüggő további kormányzati feladatokról,Other,,
2021,2556/2021,Az Európai Unió Szolidaritási Alapjának (EUSZA) felhasználásáról,Other,,
2021,2557/2021,A Brexit Alkalmazkodási Tartalék (BAR - Brexit Adjusment Reserve) hazai költségvetési forrásokból történő előfinanszírozásáról,Other,,
2021,2558/2021,A Magyar Államkincstár feladatellátásával összefüggő többletkiadások finanszírozásáról,Other,,
2021,2559/2021,Egyes rendezvényekkel kapcsolatban felmerült forráshiány kezeléséről,Other,,
2021,2560/2021,"A mikro-, kis- és középvállalatok számára a 30 napon belüliáfa-visszatérítés fenntartásáról",Other,,
2021,2561/2021,A Magyar Honvédség Parancsnoksága védelmi és biztonsági feladatokkal összefüggő igényeinek jóváhagyásáról,Other,,
2021,2562/2021,Az Országos Rendőr-főkapitányság védelmi és biztonsági feladatokkal összefüggő igényének jóváhagyásáról,Other,,
2021,,Az Országos Rendőr-főkapitányság védelmi és biztonsági feladatokkal összefüggő igényének jóváhagyásáról,Other,,
2021,2564/2021,A Terrorelhárítási Központ védelmi és biztonsági feladatokkal összefüggő igényének jóváhagyásáról,Other,,
2021,2565/2021,Az Európai Unió Törvényszékén megüresedett bírói mandátum betöltéséről,Other,,
2021,2566/2021,A roma kapcsolatokért felelős kormánybiztos 2021. és 2022. évi feladatainak támogatásával összefüggő intézkedésekről,Other,,
2021,2567/2021,A Gazdaság-újraindítási Akcióterv keretében a csepeli Jedlik Ányos Gimnázium teljes korű felújításának további előkészítéséről és megvalósításáról,Other,,
2021,2568/2021,A hazai védelmi kapacitásokmegteremtése és megtartása érdekében szükséges beruházáshoz kapcsolódó magyar állami részvételről,"2. Honvédelem,",Rendvédelem és Nemzetbiztonság,Hazai védelmi kapacitások
2021,2569/2021,"A ""Pécs-pogányi repülőteret működtető” Korlátolt Felelősségű Társaságban és az AIR-HORIZONT PÉCS-POGÁNYI REPÜLŐTÉR FEJLESZTÉSÉÉRT Nonprofit Korlátolt Felelősségű Társaságban történő állami tulajdonrész vásárlásról",Other,,
2021,2570/2021,A Tokaj borvidékkel összefüggő azonnali feladatokról,Other,,
2021,2571/2021,"Az ""Erzsébet, a szerelem szentje"" című musical létrehozásához szükséges forrás biztosításáról",Other,,
2021,2572/2021,A Gazdaság-újraindítási Akcióterv keretében a Székesfehérvári Szakképzési Centrum Vajda János Technikum felújításának előkészítéséről és megvalósításáról,Other,,
2021,2574/2021,Az Osaka Expo 2025 kiállításon történő magyar részvételi szándékről,Other,,
2021,2575/2021,Nyilvánosan működő részvénytársaság állami tulajdonban lévő részesedésével összefüggő vagyongazdálkodási intézkedésekről,Other,,
2021,2576/2021,Az egységes központi elektronikus irat- és dokumentumkezelési rendszer kiterjesztésével kapcsolatos feladatokról,Other,,
2021,2577/2021,A Magyar Honvédség Modernizációs Intézet védelmi képességének fenntartásához szükséges módosított beszerzési terve jóváhagyásáról,Other,,
2021,2578/2021,A Magyar Honvédség Parancsnoksága védelmi képességének fenntartásához szükséges módosított beszerzési terve jóváhagyásáról,Other,,
2021,2579/2021,Az Országos Rendőr- főkapitányság védelmi és biztonsági feladatokkal összefüggő igényének jóváhagyásáról,Other,,
2021,2580/2021,"A 1000 Brüsszel, Rue de la Loi 9. szám alatt található ingatlan megvásárlásával, valamint a Magyarország Brüsszeli Nagykövetsége hivatali épületében működő konzuli hivatal bővítésével és felújításának kivitelezésével kapcsolatos intézkedésekről",Other,,
2021,2581/2021,A 24/2021. NVB határozattal kapcsolatos jogorvoslati eljárásban való részvételről,Other,,
2021,2582/2021,A Magyarországot népszerűsítő nemzetközi marketing kampány lefolytatásával kapcsolatos egyes intézkedésekről,Other,,
2021,2583/2021,A Magyar Honvédség Parancsnoksága védelmi és biztonsági feladatokkal összefüggő igényeinek jóváhagyásáról,Other,,
2021,2584/2021,A Nemzeti Adó- és Vámhivatal védelmi és biztonsági feladatokkal összefüggő igényének jóváhagyásáról,Other,,
2021,2585/2021,A Terrorelhárítási Központ védelmi és biztonsági feladatokkal összefüggő igényeinek jóváhagyásáról,Other,,
2021,2586/2021,A Gazdaság-újraindítási Akcióterv keretében a Városmajor park átfogó rekonstrukciója előkészítéséről és megvalósításáról szóló 2169/2021. Korm. határozat módosításáról,Other,,
2021,,A Gazdaság-újraindítási Akcióterv keretében a Terrorelhárítási Központ műveleti komplexuma beruházás II.-III. ütemének előkészítéséről,Other,,
2021,2616/2021,Egyes határon túli sportszervezetek támogatásáról,Other,,
2021,2617/2021,A Digitális Megújulás Operatív Program Plusz kiemelt projektjeinek nevesítéséről,Other,,
2021,2618/2021,Egyes központi költségvetési szervek és egyéb szervezetek budapesti elhelyezésének felülvizsgálatáról és e szervezetek más helyszínen történő elhelyezése érdekében szükséges intézkedésekről,Other,,
2021,2619/2021,A Közép-európai Épített Örökség Megőrző Alapítvány részére történő adomány nyújtásáról,Other,,
2021,2620/2021,A központosított egészségügyi logisztikai rendszer kialakításának koncepciójáról,Other,,
2021,2621/2021,Az Állami Egészségügyi Tartalék raktárkapacitásának fejlesztésével összefüggő egyes intézkedésekről szóló 2039/2021. Korm. határozat módosításáról,Other,,
2021,2622/2021,A Beruházási Viták Rendezésének Nemzetközi Központja előtt Magyarországgal szemben indított és a közelmúltban lezárult választottbírósági eljárásokban hozott jogerős ítéletek végrehajtásával összefüggő intézkedésről,Other,,
2021,2623/2021,A nemzetközi kulturális-művészeti erndezvények támogatásáról szóló 2338/2021. Korm. határozat módosításáról,Other,,
2021,2624/2021,A ZIEHL-ABEGG Motor- és Ventillátorgyártó Korlátolt Felelősségű Társaság nagybefektető magyarországi beruházásának kormányzati támogatásáról,Other,,
2021,2625/2021,A VIRESOL Keményítő-és Alapanyaggyártó és Forgalmazó Korlátolt Felelősségű Társaság nagybefektető magyarországi beruházásának kormányzati támogatásáról,Other,,
2021,2626/2021,Az AMES Hungaria Korlátolt Felelősségű Társaság nagybefektető magyarországi beruházásának kormányzati támogatásáról,Other,,
2021,2627/2021,Az állami tulajdonú szombathelyi Haladás Sportkomplexum fenntartásával és működtetésével összefüggő kormányzati intézkedésekről,Other,,
2021,2628/2021,A Raben Trans European Hungary Korlátolt Felelősségű Társaság nagybefektető magyarországi beruházásának kormányzati támogatásáról,Other,,
2021,2629/2021,A Nemzeti Hauszmann Program II. ütemének megvalósításáról és a végrehajtásához szükséges 2020-2023. évi források biztosításáról szóló 2104/2020. Korm. határozat módosításáról,Other,,
2021,2630/2021,"A Rosenberger Magyarország Elektronikai Korlátolt Felelősségű Társaság, valamint a Rosenberger Automotive Cabling Korlátolt Felelősségű Társaság nagybefektetők magyarországi beruházásának kormányzati támogatásáról",Other,,
2021,2631/2021,A vasúti gördülőállomány-fejlesztés stratégiai céljainak megvalósítása érdekében tervezett profiltisztításról,Other,,
2021,2632/2021,A hazai villamosenergia-rendszer hatékony és stabil működésével kapcsolatos kérdésekről,Other,,
2021,2633/2021,A hulladékgazdálkodási közszolgáltatókat érintő egyes intézkedésekről,Other,,
2021,2634/2021,A Hit Gyülekezete erdélyi beruházása kapcsán szükséges források biztosításáról,Other,,
2021,2635/2021,A Bükki Nemzeti Park Igazgatóság védelmi képességének fenntartásához szükséges beszerzési terve jóváhagyásáról,Other,,
2021,2636/2021,A Magyar Honvédség Parancsnoksága védelmi és biztonsági feladatokkal összefüggő igényeinek jóváhagyásáról,Other,,
2021,,A Magyar Honvédség Parancsnoksága védelmi képességének fenntartásához szükséges módosított beszerzési terve jóváhagyásáról,Other,,
2021,2638/2021,A határon túli célú költségvetési támogatások biztosításáról szóló 2402/2020. Korm. határozat végrehajtása során alkalmazandó eltérő intézkedésekről,Other,,
2021,2639/2021,Az MFB Magyar Fejlesztési Bank Zártkörűen Működő Részvénytársaság tőkehelyzetének stabilitásához szükséges forrás biztosításáról szóló 2462/2021. Korm. határozat módosításáról,Other,,
2021,2641/2021,Egyes orvosi segédeszközök hazai gyártásához szükséges intézkedésekről,Other,,
2021,2642/2021,Befizetési kötelezettség előírásáról,Other,,
2021,2643/2021,"Az Országos Idegennyelvű Könyvtár, az Országos Színháztörténeti Múzeum és Intézet, valamint a Petőfi Irodalmi Múzeum Digitális Bölcsészeti Központ átszervezéséhez szükséges intézkedésekről",Other,,
2021,2644/2021,A Badacsony és térségének komplex turisztikai fejlesztéséről szóló 2095/2021. Korm. határozat módosításáról,Other,,
2021,2645/2021,A Magyarságkutató Intézet új épületben történő elhelyezéséhez szükséges kormányzati intézkedésekről,Other,,
2021,2646/2021,A Károlyi-palota részleges belső felújításával és udvarának felújításával kapcsolatos intézkedésekről,Other,,
2021,2647/2021,Az egyes határon túli sportszervezetek támogatásáról szóló 2616/2021. Korm. határozat visszavonásáról,Other,,
2021,2648/2021,A Magyar Állami Operaház beruházásának megvalósításával kapcsolatos további intézkedésekről,Other,,
2021,2649/2021,A földeken fennálló haszonélvezeti jogosultságok ex lege megszüntetése miatt az Emberi Jogok Európai Bírósága előtt indult eljárásokkal összefüggő aktuális intézkedésekről,Other,,
2021,2650/2021,Az Európai Unió által koordinált COVID-19 oltóanyag beszerzés keretében lefoglalt opcionális oltóanyagok finanszírozásáról és egyes további intézkedésekről,Other,,
2021,2651/2021,A Magyarország Nemzeti Atlasza című sorozat harmadik kötetével összefüggő forrásbiztosításról,Other,,
2021,2652/2021,"Őszentsége Ferenc pápának az 52. Nemzetközi Eucharisztikus Kongresszuson tett látogatásának előmozdításában részt vevő rendvédelmi, közszolgálati és honvédelmi dolgozók elismeréséről",Other,,
2021,2653/2021,A Győri Egyházmegye oktatási infrastruktúra-fejlesztéséhez szükséges forrás biztosításáról,Other,,
2021,2654/2021,A Gazdasági Versenyhivatal elhelyezéséhez szükséges kormányzati intézkedésekről,Other,,
2021,2655/2021,A GANZ Transzformátor- és Villamos Forgógépgyártó Korlátolt Felelősségű Társaság koronavírus-járvánnyal összefüggő támogatásáról,Other,,
2021,2656/2021,Az Európai Űrügynökség magyarországi Üzleti Inkubátorháza hatékony működésének támogatásáról,Other,,
2021,2657/2021,A Nemzeti Védelmi Szolgálat védelmi és biztonsági feladatokkal összefüggő igényének jóváhagyásáról,Other,,
2021,2659/2021,"A Digitális Kormányzati Fejlesztés és Projektmenedzsment Kft. a Közigazgatás- és Közszolgáltatás- Fejlesztési Operatív Program keretében megvalósuló KÖFOP-1.0.0- VEKOP-15-2019-00057 „Az informatikai beszerzések központosítását támogató rendszer továbbfejlesztése, bővítése (Integrált DKÜ Portál Rendszer)” kiemelt projektje, valamint a Digitális Megújulás Operatív Program Plusz keretében megvalósuló kiemelt projektjei vonatkozásában a biztosítéknyújtási kötelezettség alóli egyedi mentesítéséről",Other,,
2021,,"A kőszegi Új tudásközpont ""Campus"" megvalósításával érintett ingatlanon található lakások kiváltáshoz szükséges intézkedésekről",Other,,
2021,2661/2021,A vidéki egészségügyi intézmények energetikai korszerűsítéséről,Other,,
2021,2662/2021,A vidéki egészségügyi intézmények energetikai korszerűsítésének befejezéséhez szükséges intézkedésekről,Other,,
2021,2663/2021,Az Alkotmányvédelmi Hivatal védelmi képességének fenntartásához szükséges beszerzési terve jóváhagyásáról,Other,,
2021,2664/2021,Az ATOMIX Kereskedelmi és Szolgáltató Korlátolt Felelősségű Társaság védelmi képességének fenntartásához szükséges beszerzési terve jóváhagyásáról,Other,,
2021,2665/2021,A Szabolcs-Szatmár-Bereg Megyei Katasztrófavédelmi Igazgatóság védelmi képességének fenntartásához szükséges beszerzési terve jóváhagyásáról,Other,,
2021,2666/2021,A Magyarországot népszerűsítő nemzetközi marketing kampány lefolytatásával kapcsolatos egyes intézkedésekről szóló 2582/2021. Korm. határozat módosításáról,Other,,
2021,2667/2021,A Gazdaságfejlesztési és Innovációs Operatív Program Plusz kiemelt projektjeinek nevesítéséről,Other,,
2021,2668/2021,Az állampolgároknak küldendő kormányzati tájékoztató levelek kapcsán felmerülő feladatokról,Other,,
2021,2669/2021,A Hess András Könyvesház elhelyezési feltételeinek biztosítására irányuló beruházás előkészítéséhez szükséges intézkedésekről,Other,,
2021,2671/2021,"A Nemzeti Népegészségügyi Központnál közegészségügyi, járványügyi feladatokat ellátó orvos végzettségű dolgozók béremeléséről",Other,,
2021,2672/2021,Egyes sportlétesítmények fenntartásával kapcsolatos kérdésekről,Other,,
2021,2673/2021,A Magyar Államkincstár feladatellátásával összefüggő többletkiadások finanszírozásáról,Other,,
2021,2674/2021,A Közbeszerzési és Ellátási Főigazgatóság foglalkoztatottjainak béremeléséről,Other,,
2021,2675/2021,A fővárosi és megyei kormányhivatalok illetményemeléséről és a szükséges többletforrások biztosításáról,Other,,
2021,2676/2021,A Központi Statisztikai Hivatal dolgozóinak béremeléséről,Other,,
2021,2677/2021,"Az élet- és vagyonbiztonságot veszélyeztető tömeges megbetegedést okozó humánjárvány megelőzése, illetve következményeinek elhárítása érdekében végzett feladatokról, valamint a Miniszterelnökség fejezetében felmerült többletkiadások fedezetének biztosításáról",Other,,
2021,2678/2021,A kárpátaljai egyházi líceumok kiszámítható működéséhez szükséges többletforrás biztosításáról,Other,,
2021,2679/2021,A távhőkassza feltöltéséhez szükséges intézkedésekről,Other,,
2021,2683/2021,A Gazdaság-újraindítási Akcióterv végrehajtása érdekében Magyarország Helyreállítási és Ellenállóképességi Tervében a XXI. századi egészségügy feltételeinek kialakítása című intézkedés keretében megvalósuló beruházások támogatott keretösszegének és a kiemelt kedvezményezettek megjelölésének jóváhagyásáról,Other,,
2021,2684/2021,A Központi Humánfejlesztési Nonprofit Korlátolt Felelősségű Társaság felett az államot megillető tulajdonosi jogok gyakorlásáról,Other,,
2021,2685/2021,A GÉMTECH Gépészeti Mérnöki Technológiai Tervező és Gyártó Korlátolt Felelősségű Társaság nagybefektető magyarországi beruházásának kormányzati támogatásáról,Other,,
2021,2686/2021,A többségi állami tulajdonú víziközmű-szolgáltatók állami tulajdonú víziközmű- vagyonon végzett értéknövelő beruházásaihoz szükséges források biztosításáról,Other,,
2021,,A Magyarország vasúti fejlesztéseihez szükséges kötelezettségvállalásról,Other,,
2021,2689/2021,"Az informatikai biztonság megerősítéséről szóló 2005/2020. Kormány határozatban foglalt feladatok végrehajtásáról, valamint a fővárosi és megyei kormányhivatalok működésének egyszerűsítéséről szóló 2043/2019. Korm. határozat módosításáról",Other,,
2021,2690/2021,Kisebbségi társasági részesedés megszerzéséről,Other,,
2021,2691/2021,A Samyang Biopharm Magyarország Korlátolt Felelősségű Társaság nagybefektető magyarországi beruházásának kormányzati támogatásáról,Other,,
2021,2692/2021,A PEX Automotive Systems Korlátolt Felelősségű Társaság és a Baolong Holdings Europe Korlátolt Felelősségű Társaság nagybefektetők magyarországi beruházásának kormányzati támogatásáról,Other,,
2021,2693/2021,Az adatváltozás-kezelési szolgáltatás bevezetésével összefüggő egyes feladatokról,Other,,
2021,2694/2021,a 2021. évi Magyarok Világjátéka elnevezésű esemény megrendezésének időpontjáról,Other,,
2021,2695/2021,A komplex közútfelújítási és -fejlesztési feladatok projektlistájáról,Other,,
2021,2696/2021,A minőség- és teljesítményelvű felsőoktatási rendszer kialakításához szükséges új finanszírozási rendről szóló 2464/2021. Korm. határozat végrehajtása során alkalmazandó eltérő rendelkezésekről,Other,,
2021,2697/2021,A Nolato Magyarország Ipari és Kereskedelmi Korlátolt Felelősségű Társaság és a Nolato EMC Gyártóközpont Korlátolt Felelősségű Társaság nagybefektetők magyarországi beruházásának kormányzati támogatásáról,Other,,
2021,2698/2021,A Gazdaság-újraindítási Akcióterv keretében a biatorbágyi Ritsmann Pál Német Nemzetiségi Általános Iskola bővítésére irányuló beruházás előkészítéséről és megvalósításáról,Other,,
2021,2699/2021,A határon túli célú költségvetési támogatások biztosításáról szóló 2402/2020. Korm. határozat végrehajtása során alkalmazandó eltérő rendelkezésekről,Other,,
2021,2700/2021,Az atomenergia-felügyeleti szerv 2022. évi feladatellátásának biztosításához szükséges intézkedésekről,Other,,
2021,2701/2021,"A KEHOP-5.2.2 azonosító jelű, ""Középületek kiemelt épületenergetikai fejlesztései” című felhívás BMSK Sport Közhasznú Nonprofit Korlátolt Felelősségű Társaság által kezelt projektek indikatív támogatási összegének módosításáról",Other,,
2021,2702/2021,A Budapest Airport Budapest Liszt Ferenc Nemzetközi Repülőtér Üzemeltető Zártkörűen Működő Részvénytársaságban többségi állami tulajdon megszerzésének előkészítésével kapcsolatos egyes intézkedésekről szóló 2424/2021. Korm. határozat visszavonásáról,Other,,
2021,2703/2021,Az 5000 fő feletti lakosságszámú településeket érintő kiemelt társadalmi igények beruházásainak támogatásáról szóló 2551/2021. Korm. határozat végrehajtása során alkalmazandó eltérő rendelkezésekről,Other,,
2021,2704/2021,"A Gazdaság-újraindítási Akcióterv végrehajtása érdekében Magyarország Helyreállítási és Ellenállóképességi Tervéhez kapcsolódó, a támogatási keretösszeggel és a kiemelt kedvezményezettek megjelölésével bővített intézkedési lista jóváhagyásáról szóló 2415/2021. Korm. határozat módosításáról",Other,,
2021,2705/2021,"Az MFB Magyar Fejlesztési Bank Zártkörűen Működő Részvénytársaság, valamint a Regionális Fejlesztési Holding Zártkörűen Működő Részvénytársaság tőkehelyzetének stabilitásához szükséges forrás biztosításáról",Other,,
2021,,A Gazdaság-újraindítási Akcióterv keretében Csenger településen új büntetés- végrehajtási intézet létesítésének további előkészítéséről és megvalósításáról,Other,,
2021,2708/2021,A Tour de Hongrie nemzeti kerékpáros körverseny évenkénti megrendezése és hosszútávú fejlesztésének biztosítása érdekében szükséges kormányzati intézkedésekről,Other,,
2021,2709/2021,Sugárforrások elszállításához és átmeneti tárolásához szükséges intézkedésekről,Other,,
2021,2710/2021,A kereskedelmi párnagáz készlet hasznosításával kapcsolatos feladatokról,Other,,
2021,2711/2021,A 2024. évi EG Ritmikus Gimnasztika Európa-bajnokság megrendezése érdekében szükséges kormányzati intézkedésekről,Other,,
2021,2712/2021,Palackos PB-gázzal kapcsolatos egyes intézkedésekről,Other,,
2021,2713/2021,A földgáz biztonsági készlet felhasználásával kapcsolatos feladatokról,Other,,
2021,2715/2021,Az MFK Magyar Fejlesztési Központ Nonprofit Korlátolt Felelősségű Társaság beolvadással történő megszűnéséről,Other,,
2021,2716/2021,A gazdaságfejlesztési programok kiterjesztéséhez szükséges intézkedésekről,Other,,
2021,2717/2021,Az Európai Bizottság Technikai Támogatási Eszköze 2022. évi pályázati körében benyújtani javasolt pályázatokról,Other,,
2021,2718/2021,A Magyar Nemzeti Levéltár Győr-Moson-Sopron Megye Levéltára Mosonmagyaróvári Fióklevéltára elhelyezése érdekében szükséges állami tulajdonszerzésről,Other,,
2021,2719/2021,A Cité Internationale Universitaire de Paris kampuszának területén egy magyar ösztöndíjas ház előkészítéséről és megvalósításáról,Other,,
2021,2720/2021,A Károlyi József Alapítvány támogatásáról,Other,,
2021,2721/2021,Az 5000 fő lakosságszám feletti településeken működő civil szervezetek támogatásával összefüggő feladatokról,Other,,
2021,2722/2021,A ChemCore Impex Korlátolt Felelősségű Társaság nagybefektető magyarországi beruházásának kormányzati támogatásáról,Other,,
2021,2723/2021,Az Európa jövőjéről szóló konferenciasorozat hazai rendezvényeinek megszervezésével kapcsolatos intézkedésekről,Other,,
2021,2724/2021,Az emberi erőforrások miniszterének feladatkörébe tartozó egyes kormányhatározatok visszavonásáról,Other,,
2021,2725/2021,A Toray Industries Hungary Korlátolt Felelősségű Társaság beruházásához igénylet fejlesztési adókedvezmények engedélyezéséről,Other,,
2021,2726/2021,A BorsodChem Zártkörűen Működő Részvénytársaság beruházásához igénylet fejlesztési adókedvezmény engedélyezéséről,Other,,
2021,2727/2021,A Volta Energy Solutions Hungary Korlátolt Felelősségű Társaság beruházásához igényelt fejlesztési adókedvezmények engedélyezéséről,Other,,
2021,2728/2021,A Rubin NewCo 2021 Korlátolt Felelősségű Társaság beruházásához igényelt fejlesztési adókedvezmény engedélyezéséről,Other,,
2021,2729/2021,A Tiszántúli Református Egyházkerület felsőoktatási és köznevelési feladatainak támogatásáról,Other,,
2021,2731/2021,A Green Europe Agrár Innovációs és Zöld Magántőkealap létrehozásáról,Other,,
2021,2732/2021,"Az állampolgároknak küldendő kormányzati tájékoztató levelek kapcsán felmerülő feladatokról szóló 2668/2021. Korm. határozat módosításáról, valamint a további kapcsolódó feladatokról",Other,,
2021,2733/2021,A Magyar Sportújságírók Szövetsége programjainak támogatásáról,Other,,
2021,2734/2021,"Az új budapesti multifunkcionális sport- és rendezvénycsarnok, valamint a szegedi kézilabdacsarnok üzemeltetésével kapcsolatos intézkedésekről",Other,,
2021,2735/2021,A komplex közútfelújítási és -fejlesztési feladatok 2022-2025. évi előkészítésének projektlistájáról,Other,,
2021,,A Bács-Kiskun Megyei Katasztrófavédelmi Igazgatóság védelmi képességének fenntartásához szükséges beszerzési terve jóváhagyásáról,Other,,
2021,2737/2021,A Belügyminisztérium védelmi képességének fenntartásához szükséges beszerzési terve jóváhagyásáról,Other,,
2021,2738/2021,A Büntetés-végrehajtás Országos Parancsnoksága védelmi képességének fenntartásához szükséges beszerzési terve jóváhagyásáról,Other,,
2021,2739/2021,A Csongrád-Csanád Megyei Katasztrófavédelmi Igazgatóság védelmi képességének fenntartásához szükséges beszerzési terve jóváhagyásáról,Other,,
2021,2740/2021,A Honvédelmi Minisztérium CURRUS Gödöllői Harcjárműtechnikai zártkörűen működő Részvénytársaság védelmi képességének fenntartásához szükséges beszerzési terve jóváhagyásáról,Other,,
2021,2741/2021,A Heves Megyei Katasztrófavédelmi Igazgatóság védelmi képességének fenntartásához szükséges beszerzési terve jóváhagyásáról,Other,,
2021,2742/2021,Az Információs Hivatal védelmi képességének fenntartásához szükséges beszerzési terve jóváhagyásáról,Other,,
2021,2743/2021,A Katonai Nemzetbiztonsági Szolgálat védelmi képességének fenntartásához szükséges beszerzési terve jóváhagyásáról,Other,,
2021,2744/2021,A Katonai Nemzetbiztonsági Szolgálat védelmi és biztonsági feladatokkal összefüggő igényének jóváhagyásáról,Other,,
2021,2745/2021,A Magyar Honvédség Parancsnoksága védelmi és biztonsági feladatokkal összefüggő igényeinek jóváhagyásáról,Other,,
2021,2746/2021,A Magyar Honvédség Parancsnoksága védelmi képességének fenntartásához szükséges módosított beszerzési terve jóváhagyásáról,Other,,
2021,2747/2021,A Nemzeti Adó- és Vámhivatal védelmi képességének fenntartásához szükséges beszerzési terve jóváhagyásáról,Other,,
2021,2748/2021,Az NKÖV Nemzeti Kulturális Örökség Védelmi Nonprofit Kft. védelmi képességének fenntartásához szükséges beszerzési terve jóváhagyásáról,Other,,
2021,2749/2021,Az Országos Rendőr-főkapitányság védelmi képességének fenntartásához szükséges beszerzési terve jóváhagyásáról,Other,,
2021,2750/2021,A Radioaktív Hulladékokat Kezelő Közhasznú Nonprofit Korlátolt Felelősségű Társaság védelmi képességének fenntartásához szükséges beszerzési terve jóváhagyásáról,Other,,
2021,2751/2021,A Terrorelhárítási Központ védelmi képességének fenntartásához szükséges beszerzési terve jóváhagyásáról,Other,,
2021,2752/2021,A Magyar Honvédség Parancsnoksága védelmi és biztonsági feladatokkal összefüggő igényeinek jóváhagyásáról,Other,,
2021,2753/2021,A Nemzeti Adó- és Vámhivatal védelmi és biztonsági feladatokkal összefüggő igényének jóváhagyásáról,Other,,
2021,2754/2021,Az Országos Rendőr- főkapitányság védelmi és biztonsági feladatokkal összefüggő módosított igényének jóváhagyásáról,Other,,
2021,2755/2021,A Magyar Honvédség Parancsnoksága védelmi képességének fenntartásához szükséges beszerzési tervei jóváhagyásáról,Other,,
2021,2756/2021,A Nógrád Megyei Katasztrófavédelmi Igazgatóság védelmi képességének fenntartásához szükséges beszerzési terve jóváhagyásáról,Other,,
2021,2757/2021,A Büntetés-végrehajtás Országos Parancsnoksága védelmi képességének fenntartásához szükséges módosított beszerzési terve jóváhagyásáról,Other,,
2021,2758/2021,A Magyar Honvédség Parancsnoksága védelmi és biztonsági feladatokkal összefüggő igényének jóváhagyásáról,Other,,
2021,2759/2021,A MOL – Új Európa Alapítvány ingatlanvásárlásának támogatásáról,Other,,
2021,,A Gazdaság-újraindítási Akcióterv keretében a Makovecz Imre Bástyája projekt piliscsabai Iosephinumon megvalósuló egyes fejlesztések támogatásáról,Other,,
2021,2772/2021,A Nemzeti Választási Iroda 2022. évi feladatainak ellátásához kapcsolódó kiegészítő forrásbiztosításról,Other,,
2021,2773/2021,A budavári királyi palotából a második világháború eseményei következtében eltűnt nagy értékű falkárpitok visszaszerzéséről,Other,,
2021,2774/2021,A Védelmi Ipari Tőkealap felállításához szükséges éven túli kötelezettségvállalásról,Other,,
2021,2775/2021,"A Hortobágyi Halgazdaság Zártkörűen Működő Részvénytársaságnak a Vidékfejlesztési Program VP4-10.1.1-21 kódszámú ""Agrár-környezetgazdálkodási kifizetés"" című felhíváson való részvételéhez történő hozzájáulásról",Other,,
2021,2776/2021,"A Nemzeti Élelmiszerlánc-biztonsági Hivatalnak a Vidékfejlesztési Program VP4- 11.1.1.-11.2.1.-21 kódszámú „Ökológiai gazdálkodásra történő áttérés, ökológiai gazdálkodás fenntartása” című felhíváson való részvételéhez történő hozzájárulásról",Other,,
2021,2777/2021,A NER300 finanszírozási program keretében a GEOb Dél-magyarországi megnövelt hatékonyságú geotermikus rendszer (EGS) projekteknek odaítélt támogatás visszafizetéséről,Other,,
2021,2778/2021,Egyes állami erdészeti társaságok támogatási kérelmének a Vidékfejlesztési Program „Agrár-környezetgazdálkodási kifizetés” című felhívására történő benyújtásához való hozzájárulásról,Other,,
2021,2779/2021,Az Agrárszakképzési Centrumok Vidékfejlesztési Program egyes felhívásaiban való részvételéről,Other,,
2021,2780/2021,A vízügyi ágazat bérrendezésének végrehajtása érdekében szükséges intézkedésekről,Other,,
2021,2781/2021,"A Citadella erőd és sétány megújítására irányuló beruházás aktuális státuszáról, valamint a további intézkedések szükségességéről",Other,,
2021,2782/2021,A kínai import áruk alulértékeléséből keletkezett saját forrás hiány rendezéséről,Other,,
2021,2783/2021,Az erdélyi Iskola Alapítvány afterschool programja támogatásához szükséges forrás biztosításáról,Other,,
2021,2784/2021,A Digitális Kormányzati Fejlesztés és Projektmenedzsment Korlátolt Felelősségű Társaság működési feltételeinek további biztosításáról,Other,,
2021,2785/2021,"A szociális, köznevelési és kulturális ágazatot érintő béremelésről, valamint a bölcsődei dolgozók béremeléséről",Other,,
2021,2786/2021,A magyar légiipar fejlesztéséhez kapcsolódó állami részvételről,Other,,
2021,2787/2021,"""A nap - Most vagy Soha"" címmel készülő film megvalósításának támogatásáról",Other,,
2021,2788/2021,A Rubin NewCo 2021 Korlátolt Felelősségű Társaság nagybefektető magyarországi beruházásának kormányzati támogatásáról,Other,,
2021,2789/2021,A Budapesten 2023. év II. félévében megrendezésre kerülő VII. Európai Környezet és Egészség Miniszteri Konferencia megrendezéséhez szükséges kormányzati intézkedésekről,Other,,
2021,2790/2021,A Sodexo Pass International SAS felperes által a Magyar Állam alperes ellen a Beruházási Viták Rendezésének Nemzetközi Központja előtt ARB/14/20. ügyszám alatt indult választottbírósági eljárásban hozott ítélet végrehajtásával összefüggő intézkedésről,Other,,
2021,,Az UP és CD Holding Internationale felperesek által a Magyar Állam alperes ellen a Beruházási Viták Rendezésének Nemzetközi Központja előtt ARB/13/35. ügyszám alatt indult választottbírósági eljárásban hozott ítélet végrehajtásával összefüggő intézkedésről,Other,,
2021,2792/2021,A Dan Cake S.A. felperes által a Magyar Állam alperes ellen a Beruházási Viták Rendezésének Nemzetközi Központja előtt ARB/12/9. ügyszám alatt indult választottbírósági eljárásban hozott ítélet végrehajtásával összefüggő intézkedésről,Other,,
2021,2793/2021,A Magyar Állam és a MOL Magyar Olaj- és Gázipari Nyilvánosan Működő Részvénytársaság között 2005. december 22-én létrejött szerződés megszüntetéséről szóló 2066/2016. Korm. határozat visszavonásáról,Other,,
2021,2794/2021,A Samsung SDI Magyarország Gyártó és Értékesítő Zártkörűen Működő Részvénytársaság nagybefektető magyarországi beruházásának kormányzati támogatásáról,Other,,
2021,2795/2021,A Volta Energy Solutions Hungary Korlátolt Felelősségű Társaság nagybefektető magyarországi beruházásának kormányzati támogatásáról,Other,,
2021,2796/2021,A 2022. évi Felnőtt Birkózó Európa-bajnokság és Grappling Európa-bajnokság hazai megrendezése érdekében szükséges kormányzati intézkedésekről,Other,,
2021,2797/2021,A Hanon Systems Hungary Korlátolt Felelősségű Társaság és a Hanon Systems Auto Parts Hungary Kft. nagybefektetők magyarországi beruházásának kormányzati támogatásáról,Other,,
2021,2799/2021,A technológiai és infrastruktúra projekthez szükséges intézkedésekről,Other,,
2021,2800/2021,A balatonfüredi konferenciaközpont megvalósításához szükséges forrás biztosításáról,Other,,
2021,2801/2021,Az SK Battery Manufacturing Korlátolt Felelősségű Társaság nagybefektető magyarországi beruházásának kormányzati támogatásáról,Other,,
2021,2802/2021,Az SK On Hungary Korlátolt Felelősség Társaság nagybefektető magyarországi beruházásának kormányzati támogatásáról,Other,,
2021,2803/2021,A thyssenkrupp Components Technology Hungary Korlátolt Felelősségű Társaság nagybefektető magyarországi beruházásának kormányzati támogatásáról,Other,,
2021,2804/2021,A Népfőiskola Alapítvány Lakitelek feladatainak ellátása érdekében szükséges támogatásáról,Other,,
2021,2805/2021,A Rubicon Intézet egyes feladatainak ellátásához szükséges többletforrás biztosításáról,Other,,
2021,2806/2021,A Magyar Kertörökség Alapítvány működésének támogatásáról,Other,,
2021,2807/2021,A Liget Budapest Projekt megvalósításával kapcsolatos intézkedésekről,Other,,
2021,2808/2021,A bánhorváti Árpád-kori református templom felújítása II. ütemének és a Szentmártonkátai Székely József Református Általános Iskola tornatermi beruházásainak további támogatásáról,Other,,
2021,2809/2021,A Kommentár Alapítvány egyes feladatainak ellátásához szükséges többletforrás biztosításáról,Other,,
2021,2810/2021,A Kecskemét Vállalkozásfejlesztési Alap tevékenységéhez szükséges források biztosításáról,Other,,
2021,2811/2021,A Nemzeti Agrárgazdasági Kamara feladatainak támogatásáról,Other,,
2021,2812/2021,A Rudolf Kálmán Óbudai Egyetemért Alapítvány részére történő forrásbiztosításról,Other,,
2021,2813/2021,Az Oktatásért Alapítvány részére történő forrásbiztosításról,Other,,
2021,,Az Elektronikus Ügyintézési Felügyelet megnövekedett feladatai ellátáshoz szükséges kormányzati intézkedésekről,Other,,
2021,2815/2021,A V4 Future Sports Festival 2022. évi megrendezésének támogatásáról,Other,,
2021,2816/2021,A Szegedi Ifjúsági Centrum és kiegészítő projektelemek teljes körű megvalósítása érdekében szükséges források biztosításáról,Other,,
2021,2817/2021,Az Erzsébet gyermek- és ifjúsági táborok többlettámogatásának biztosításáról,Other,,
2021,2818/2021,Határon túli célú költségvetési támogatások biztosításáról,Other,,
2021,2819/2021,A VERITAS Történetkutató Intézet és Levéltár többletfeladatainak ellátása érdekében szükséges forrásbiztosításról,Other,,
2021,2820/2021,A Rózsakerti Demjén István Református Iskola és Gimnázium bővítésének további támogatásáról,Other,,
2021,2821/2021,Az egyes eljárások korszerűsítését célzó intézkedésekhez szükséges források biztosításáról,Other,,
2021,2823/2021,A fegyvergyártási és a lőszergyártási képesség fenntartása érdekében szükséges további intézkedésekről,Other,,
2021,2824/2021,A Történelmi Hadi Akadémia Alapítvány tevékenységeinek támogatása érdekében szükséges intézkedésekről,Other,,
2021,2825/2021,Az ALFÖLDVÍZ Regionális Víziközmű-szolgáltató Zártkörűen Működő Részvénytársaság integrációjához szükséges intézkedésekről,Other,,
2021,2826/2021,"A Bábolna Nemzeti Ménesbirtok létesítményeinek, működési infrastruktúrájának és feltételeinek fejlesztésével kapcsolatos intézkedésekről",Other,,
2021,2827/2021,"A védelmi ipari tárgyú egyeztetések jóváhagyásához, valamint az ahhoz kapcsolódó állami részvételről, valamint annak megvalósításához szükséges egyes intézkedésekről",Other,,
2021,2828/2021,A kritikus kapacitást biztosító hazai vállalatok működésének fenntartásáról,Other,,
2021,2829/2021,Az asszisztált reprodukciós centrumok egységes és minőségi működési feltételeinek biztosításáról,Other,,
2021,2830/2021,A veszélyhelyzet idején a villamosenergia-ellátás folyamatos biztosítása érdekében szükséges villamosenergia-termelő költségeinek 2022. évi ellentételezéséről,Other,,
2021,2831/2021,A Diligent Governance Hungary Korlátolt Felelősségű Társaság nagybefektető magyarországi beruházásának kormányzati támogatásáról,Other,,
2021,2832/2021,Az Infineon Technologies Cegléd Teljesítményfélvezetőket Gyártó Korlátolt Felelősségű Társaság nagybefektető magyarországi beruházásának kormányzati támogatásáról,Other,,
2021,2833/2021,A Pécsi Mecsek Futball Club új stadionjának előkészítéséhez szükséges kormányzati intézkedésekről,Other,,
2021,2834/2021,A Nemzeti Sportinformációs Rendszer technikai üzemeltetési feladatainak 2022. évi finanszírozásáról,Other,,
2021,2835/2021,"A Nemzeti Kastélyprogram és Nemzeti Várprogram részét képező GINOP-7.1.1-15- 2017-00037 azonosító számú („A sárospataki váregyüttes turisztikai vonzerejének erősítése, a belső és külső vár összehangolt attrakciófejlesztése” című) projekt mérföldköveinek újabb módosításáról",Other,,
2021,2836/2021,Az Ericsson Magyarország Kommunikációs Rendszerek Korlátolt Felelősségű Társaság nagybefektető magyarországi beruházásának kormányzati támogatásáról,Other,,
2021,,"A Budapesti Vasutas Sport Club - Zugló Közhasznú Egyesület 2020−2024. évi sportcélú létesítmény-fejlesztési programja megvalósításához szükséges intézkedésekről szóló 2036/2020. Korm. határozat módosításáról, valamint a Puskás Aréna és egyes kapcsolódó sportlétesítmények hosszú távú hasznosításával, üzemeltetésével és működtetésével kapcsolatos egyes kérdésekről szóló 2533/2021. Korm. határozat módosításáról",Other,,
2021,2838/2021,Egyes kiemelt fővárosi sportegyesületek 2013-tól felmerülő sportfejlesztési feladataival kapcsolatos intézkedésekről,Other,,
2021,2839/2021,Egyes turisztikai projektek megvalósításához szükséges többletforrások biztosításáról,Other,,
2021,2840/2021,A Wellis Magyarország Kereskedelmi és Szolgáltató Zártkörűen Működő Részvénytársaság nagybefektető magyarországi beruházásának kormányzati támogatásáról,Other,,
2021,2841/2021,"A Dunai Regatta és Sportfesztivál, egyetemi evezős és sárkányhajóverseny és kísérőrendezvényei megrendezésével kapcsolatos kormányzati intézkedésekről",Other,,
2021,2842/2021,A 2023. évi WKF Felnőtt Karate Világbajnokság megrendezése érdekében szükséges kormányzati intézkedésekről,Other,,
2021,2843/2021,A Sisecam Glasspackaging Hungary Korlátolt Felelősségű Társaság nagybefektető magyarországi beruházásának kormányzati támogatásáról,Other,,
2021,2844/2021,A hazai védelmi ipari kapacitásokkal összefüggő intézkedésekhez kapcsolódó forrásbiztosításokról,Other,,
2021,2845/2021,A védelmi ipari tevékenységet ellátó gazdasági társaságok egységes irányításának következő lépéséről,Other,,
2021,2846/2021,Az egri Markhot Ferenc Oktatókórház és Rendelőintézetben rezidens centrum kialakítását célzó beruházáshoz szükséges források biztosításáról,Other,,
2021,2847/2021,A Sapientia Alapítvány által fenntartott Sapientia Erdélyi Magyar Tudományegyetem és Partiumi Keresztény Egyetem működéséhez szükséges többletforrás biztosításáról,Other,,
2021,2848/2021,A Gazdaság-újraindítási Akcióterv keretében előkészítésre kerülő beruházásokkal kapcsolatos intézkedésekről,Other,,
2021,2849/2021,A Gazdaság-újraindítási Akcióterv keretében előkészítésre és megvalósításra kerülő beruházások átütemezésével kapcsolatos döntésekről,Other,,
2021,2850/2021,A magyar fotótörténet beumtatásának átfogó fejlesztéséhez szükséges intézkedésekről,Other,,
2021,2851/2021,Az ATOMIX Kereskedelmi és Szolgáltató Korlátolt Felelősségű Társaság védelmi és biztonsági feladatokkal összefüggő igényének jóváhagyásáról,Other,,
2021,2852/2021,A Büntetés-végrehajtás Országos Parancsnoksága védelmi és biztonsági feladatokkal összefüggő igényének jóváhagyásáról,Other,,
2021,2853/2021,A Belügyminisztérium Országos Katasztrófavédelmi Főigazgatóság védelmi képességének fenntartásához szükséges beszerzési terve jóváhagyásáról,Other,,
2021,2854/2021,Védelmi és biztonsági feladatokkal összefüggő beszerzési igények hatékony kielégítése érdekében keretmegállapodások megkötésének jóváhagyásáról,Other,,
2021,2855/2021,A Kiemelt Sportágfejlesztési Programot Értékelő Szakmai Bizottságról,Other,,
2021,2856/2021,Az országos régészeti feladatok ellátásához szükséges intézkedésekről és a Várkapitányság Integrált Területfejlesztési Központ Nonprofit Zártkörűen Működő Részvénytársaság által ellátott egyes kulturális örökségvédelmi feladatoknak a Magyar Nemzeti Múzeum részére történő átadásáról,Other,,
2021,2858/2021,A Nemzeti Tehetség Központ Közhasznú Nonprofit Korlátolt Felelősségű Társaság számára központi költségvetési támogatás nyújtásáról,Other,,
2021,,A nemzeti és történelmi emlékhelyek fenntartható használatáról és támogatásáról,Other,,
2021,2860/2021,Az Etyeki Műhely Alapítvány működéséhez szükséges forrás biztosításáról,Other,,
2021,2861/2021,Az Országos Mentőszolgálat Buda II. Mentőállomás felújításához és átépítéséhez szükséges források biztosításáról,Other,,
2021,2862/2021,A Testnevelési Egyetem további fejlesztésének megvalósításáról,Other,,
2021,2863/2021,A sárbogárdi sportcsarnok megvalósításával kapcsolatos intézkedésekről,Other,,
2021,2864/2021,Egy esztergomi ingatlan magyar állam tulajdonában tartásához szükséges intézkedésekről,Other,,
2021,2865/2021,A megújuló energiaforrásokból előállított energia használatának előmozdításáról szóló irányelvvel összefüggő új tagállami hatósági feladatok ellátásához szükséges feltételek biztosításáról,Other,,
2021,2866/2021,A NATO Észak-atlanti Védelmi Innovációt Ösztönző Mechanizmus kezdeményezéshez kapcsolódó feladatokról,Other,,
2021,2867/2021,Egyes energetikai kérdésekről,Other,,
2021,2868/2021,A Magyar Kézilabda Szövetség feladatainak ellátása érdekében szükséges támogatásáról,Other,,
2021,2869/2021,További határon túli célú költségvetési támogatások biztosításáról,Other,,
2021,2870/2021,Egyes egyházi és civil szervezetek támogatásáról,Other,,
2021,2872/2021,A közegészségügyi-járványügyi szempontból legveszélyesebb kórokozók kimutatását végző biztonsági laboratóriumok európai diagnosztikai-kutatási infrastruktúrájában való további részvételről,Other,,
2021,2874/2021,"Az ""Egészséges Magyarország 2021-2027"" Egészségügyi Ágazgati Stratégia elfogadásáról",Other,,
2021,2875/2021,A Tartósápolás-gondozásra vonatkozó stratégia elfogadásáról,Other,,
2021,2876/2021,A veszprémi állatvédelmi kompetencia központ fejlesztése II. ütemének megvalósításához szükséges forrás biztosításáról,Other,,
2021,2877/2021,"A Földmegfigyelési Információs Rendszer, valamint a Földmegfigyelési Operatív Központ létrehozásával kapcsolatos kormányzati feladatokról",Other,,
2021,2878/2021,Az élelmiszermentéssel kapcsolatos feladatokhoz szükséges forrás biztosításáról,Other,,
2021,2879/2021,A hazai vállalatok által kifejlesztett oktatási technológiák exportlehetőségeinek bővítéséről,Other,,
2021,2880/2021,Magyarország repülőtér fejlesztési irányairól,Other,,
2021,2881/2021,Konténerterminálok vasúti bekötésének előkészítéséről,Other,,
2021,2882/2021,A Magyar Képzőművészeti Egyetem infrastrukturális fejlesztéséhez szükséges intézkedésekről,Other,,
2026,2001/2026,A 2026. évi állami kiadások felhasználásának korlátozásáról szóló 2366/2025. Korm. határozat végrehajtása során alkalmazandó eltérő intézkedésről,Other,,
2026,2003/2026,"A költségvetési szervek, valamint meghatározott gazdasági társaságok egyes szerződései kapcsán alkalmazandó eljárásrendről",Other,,
2026,2004/2026,A SAFE hiteleszköz igénybevételével összefüggő beszerzési eljárások alapján kötendő szerződések előkészítésének különös szabályairól,Other,,
2026,2005/2026,Az F-Team Automotive Korlátolt Felelősségű Társaság nagybefektető magyarországi beruházásainak kormányzati támogatásáról,Other,,
2026,2006/2026,A Hi-Lex Hungary Kábelrendszer Gyártó Korlátolt Felelősségű Társaság nagybefektető magyarországi beruházásainak kormányzati támogatásáról,Other,,
2026,2007/2026,A K és V Nemzetközi Fuvarozó Korlátolt Felelősségű Társaság nagybefektető magyarországi beruházásainak kormányzati támogatásáról,Other,,
2026,2008/2026,A KOSTAL Energy Solutions Hungary Korlátolt Felelősségű Társaság nagybefektető magyarországi beruházásainak kormányzati támogatásáról,Other,,
2026,2009/2026,A Körber Hungária Gépgyártó Korlátolt Felelősségű Társaság nagybefektető magyarországi beruházásainak kormányzati támogatásáról,Other,,
2026,2010/2026,A Mylan Hungary Kft nagybefektető magyarországi beruházásainak kormányzati támogatásáról,Other,,
2026,2011/2026,A SWISS KRONO Korlátolt Felelősségű Társaság nagybefektető magyarországi beruházásainak kormányzati támogatásáról,Other,,
2026,2012/2026,"A VAJDA-PAPÍR Gyártó, Kereskedelmi és Szolgáltató Korlátolt Felelősségű Társaság nagybefektető magyarországi beruházásainak kormányzati támogatásáról",Other,,
2026,2014/2026,A kulturális ágazatot érintő 2026. évi béremelés megvalósításához szükséges intézkedésekről,Other,,
2026,2015/2026,A World Aquatics Központjának Budapesten történő állandó elhelyezéséhez szükséges intézkedésekről szóló 2238/2024. Korm. határozat módosításáról,Other,,
2026,2016/2026,A javítóintézetek fenntartásával kapcsolatos költségvetési források biztosításáról,Other,,
2026,2017/2026,A Rosenberger Magyarország Elektronikai Korlátolt Felelősségű Társaság és a Rosenberger Automotive Cabling Korlátolt Felelősségű Társaság nagybefektető magyarországi beruházásainak kormányzati támogatásáról,Other,,
2026,2019/2026,A 2026. évi állami kiadások felhasználásának korlátozásáról szóló 2366/2025. Korm. határozatban foglalt zárolás részbeni feloldásáról,Other,,
2026,2020/2026,Egyes honvédelmi tárgyú beszerzési eljárások eredményeként kötendő szerződésekkel kapcsolatos éven túli kötelezettségvállalások előzetes jóváhagyásáról,Other,,
2026,2021/2026,A Gavi Vakcina Szövetség 2026-2030. évekre szóló globális immunizácós programjához történő pénzbeli hozzájárulásról,Other,,
2026,2022/2026,Az egyiptomi járműgyártás folytatásával kapcsolatos kérdésekről,Other,,
2026,2023/2026,A Rosenberger Magyarország Elektronikai Korlátolt Felelősségű Társaság és a Rosenberger Automotive Cabling Korlátolt Felelősségű Társaság nagybefektető magyarországi kapacitásbővítésének megvalósítása érdekében kibocsátandó feltételes támogatási ajánlatról,Other,,
2026,2024/2026,A járóbeteg- és fekvőbeteg-szakellátást nyújtó közfinanszírozott egészségügyi szolgáltatók gazdálkodását segítő intézkedések 2026. évi II. üteméhez kapcsolódó feladatokról,Other,,
2026,2025/2026,A makói ipari park infrastrukturális fejlesztésének előkészítéséhez és egyes elemek ütemezett megvalósításához szükséges intézkedésekről,Other,,
2026,2027/2026,"Az iparbiztonsági veszélyt, valamint a fenyegető környezetkárosodást megelőző további intézkedésekről",Other,,
2026,2028/2026,"A Konstantinápolyi Egyetemes Patriarchátus Magyarországi Ortodox Exarchátus Dialógus Központ, Lelkiségi, Kulturális és Tudományos Akadémiája megvalósításának folytatásához szükséges források biztosításáról szóló 2319/2023. Korm. határozat módosításáról",Other,,
2026,2029/2026,Egyházi célú ingatlan megvásárlásával kapcsolatos intézkedésekről szóló 2116/2023. Korm. határozat módosításáról,Other,,
2026,2030/2026,Nemzetpolitikai célok és programok támogatásához szükséges forrás biztosításáról,Other,,
2026,2031/2026,"A közvetlen vagy közvetett módon állami tulajdonban álló egyes gazdasági társaságok, valamint egyéb állami szervezetek elhelyezéséről szóló 2011/2022. Korm. határozat végrehajtása érdekében szükséges intézkedésekről szóló 2370/2025. Korm. határozat módosításáról",Other,,
2026,2032/2026,A Halms Hungary Korlátolt Felelősségű Társaság nagybefektető magyarországi beruházásának kormányzati támogatásáról,Other,,
2026,2033/2026,"A magyarországi vállalkozások versenyképességének növelése érdekében tervezett határon túli beruházások támogatásához szükséges további források biztosításáról szóló 2258/2020. Korm. határozat, valamint a Nemzeti Exportvédelmi Programhoz szükséges további források biztosításáról szóló 1818/2020. (XI.18.) Korm. határozat szerint végrehajtott támogatási program maradványának céltól eltérő felhasználásáról",Other,,
2026,2034/2026,A KLM Magyarországi Fióktelepe nagybefektető magyarországi kutatás-fejlesztési projektjének kormányzati támogatásáról,Other,,
2026,2035/2026,A Lufthansa Systems Hungária Információs Technikai Szolgáltató és Szervíz Korlátolt Felelősségű Társaság nagybefektető magyarországi beruházásának kormányzati támogatásáról,Other,,
2026,2038/2026,Egyes befektetésekkel kapcsolatos kormányzati intézkedésekről,Other,,
2026,2039/2026,A „Mohács 500” emlékévhez kapcsolódó egyes kulturális programok támogatásáról,Other,,
2026,2040/2026,Egyes fejezeti kezelésű előirányzatok terhére vállalható kötelezettségek összegeinek megállapításáról,Other,,
2026,2041/2026,A nemzeti koordinációs központ (NCC-HU) megvalósításához és működtetéséhez szükséges költségvetési feltételek megteremtéséről,Other,,
2026,2042/2026,Egyes honvédelmi tárgyú beszerzési eljárások eredményeként kötendő szerződésekkel kapcsolatos éven túli kötelezettségvállalások előzetes jóváhagyásáról,Other,,
2026,2044/2026,A 2026. évi központi költségvetésről szóló törvény XLV. Állami beruházások fejezete Gyorsforgalmi úthálózat fejlesztése jogcímcsoportját érintő intézkedésekről,Other,,
2026,2045/2026,Honvédelmi tárgyú beszerzési eljárás eredményeként kötendő szerződéssel kapcsolatos éven túli kötelezettségvállalás előzetes jóváhagyásáról,Other,,
2026,2047/2026,Az egyiptomi járműgyártás finanszírozásáról,Other,,
2026,2048/2026,Új csecsemőotthoni férőhelyek kialakításáról,Other,,
2026,2049/2026,A lakossági energiatárolói programról szóló 1548/2025. (XII. 11.) Korm. határozat végrehajtásával összefüggő további intézkedésekről,Other,,
2026,2050/2026,Az Ásotthalom-Bácsszőlős (Bački Vinograd) közúti határátkelőhelyen új buszsáv építéséről,Other,,
2026,2051/2026,Egyes honvédelmi tárgyú beszerzésekhez szükséges forrás biztosításáról és a beszerzési eljárások eredményeként kötendő szerződéssel kapcsolatos éven túli kötelezettségvállalás előzetes jóváhagyásáról,Other,,
2026,2052/2026,Az N7 Holding Nemzeti Védelmi Ipari Innovációs Zártkörűen Működő Részvénytársaság támogatási kérelmének a GINOP Plusz-3.2.1-21 — „A munkavállalók és vállalatok alkalmazkodóképességének és termelékenységének javítása a munkaerő fejlesztésén keresztül” tárgyú pályázati felhívásra történő benyújtáshoz való hozzájárulásról,Other,,
2026,2053/2026,A Magyar Honvédség harcászati repülőgép fejlesztéséhez szükséges intézkedésekről,Other,,
2026,2054/2026,A Demján Sándor Tőkeprogram módosításáról,Other,,
2026,2055/2026,"A 2028-ban megrendezésre kerülő Maccabi Európa Játékok megpályázásával és Budapesten történő megrendezésével összefüggő feladatokról, valamint az előkészítéssel és rendezéssel összefüggő költségekről",Other,,
2026,2056/2026,Az E-GROUP ICT SOFTWARE Informatikai Zártkörűen Működő Részvénytársaság minősített projektjének támogatásáról szóló 2322/2025. Korm. határozat végrehajtása során alkalmazandó eltérő rendelkezésekről,Other,,
2026,2058/2026,Az Evoring Precision Manufacturing Korlátolt Felelősségű Társaság nagybefektető magyarországi beruházásának kormányzati támogatásáról,Other,,
2026,2059/2026,Egyes fejezeti kezelésű előirányzatok terhére vállalható kötelezettségek összegeinek megállapításáról,Other,,
2026,2060/2026,A MotoGP és a Superbike gyorsaságimotoros-versenyek magyarországi futamainak 2026. évi megrendezésével kapcsolatos kormányzati intézkedésekről,Other,,
2026,2061/2026,"A gyorsforgalmi úthálózat tervezése, építése, fejlesztése, felújítása, karbantartása és üzemeltetése tárgyában” kötött koncessziós szerződésben meghatározott Műszaki Képviselő kijelölésével összefüggő feladatokról",Other,,
2026,2062/2026,A büntetés-végrehajtási szervezet működőképességének fenntartásához szükséges források biztosításáról,Other,,
2026,2063/2026,A katasztrófavédelem működőképességének fenntartásához szükséges többletforrások biztosításáról,Other,,
2026,2064/2026,Egyes energetikai kérdésekről,Other,,
2026,2065/2026,A Coca-Cola HBC Magyarország Korlátolt Felelősségű Társaság nagybefektető magyarországi beruházásának kormányzati támogatásáról,Other,,
2026,2066/2026,A COLOPLAST Hungary Gyártó Korlátolt Felelősségű Társaság nagybefektető magyarországi beruházásának kormányzati támogatásáról,Other,,
2026,2067/2026,Az Európai Unió Bírósága magyar tagjainak 2027-ben megnyíló mandátumokra történő jelölésével összefüggő kérdésekről,Other,,
2026,2068/2026,A 2026. évi állami kiadások felhasználásának korlátozásáról szóló 2366/2025. Korm. határozatban foglalt zárolás részbeni feloldásáról,Other,,
2026,2069/2026,Egyes diplomáciai eseményekhez kapcsolódó ünnepélyes rendezvény kiemelt rendezvénnyé nyilvánításáról és forrásának biztosításáról,Other,,
2026,2070/2026,"A Belgium, 1000 Brüsszel, Rue Ducale 51. szám alatti ingatlan állami tulajdonba kerüléséhez szükséges intézkedésekről szóló 2056/2025. Korm. határozat módosításáról",Other,,
2026,2071/2026,Multidiszciplináris kutatóintézettel kapcsolatos intézkedésekről,Other,,
2026,2072/2026,Településfejlesztési feladatok ellátásához szükséges támogatás biztosításáról,Other,,
2026,2073/2026,Az európai uniós finanszírozású egyes vízügyi projektek elszámolásához szükséges forrásbiztosításról,Other,,
2026,2075/2026,"Egyes egyházi célú beruházásokhoz, fejlesztésekhez és egyéb feladatokhoz szükséges kormányzati intézkedésekről szóló 2413/2020. Korm. határozat módosításáról",Other,,
2026,2076/2026,A Modern Városok Program keretében megvalósuló Kaposvár Deseda Kemping fejlesztéséhez szükséges többletforrás biztosításáról,Other,,
2026,2079/2026,A Debreceni Egyetem hazai oltóanyaggyártást megalapozó gyógyszeripari ökoszisztémájának megvalósításáról,Other,,
2026,2080/2026,A kormányzati átadás-átvételi folyamattal kapcsolatos költségvetési kérdésekről,Other,,
2026,2082/2026,"A World Aquatics 2027. évi 23. Úszó-, Vízilabda-, Műugró, Műúszó és Nyíltvízi Világbajnokság és 22. Masters Világbajnokság megrendezéséhez kapcsolódóan a Népligeti Uszoda felújításáról",Other,,
2026,2083/2026,Egyes költségvetési kérdésekről,Other,,
2010,2001/2010,Az európai uniós tagságból származó jogalkotási kötelezettségek teljesítésében 2009. december 31-én tapasztalható elmaradásokról.,"7. Külpolitika,",EU és Határon Túli Ügyek,
2010,2002/2010,Egyes energetikai Tárgyú szerződések megkötéséről.,"4. Infrastruktúra,",Közlekedés és Energetika,
2010,2003/2010,A közzétételre nem került kormányhatározatok hatályossági felülvizsgálatáról.,3. Állami,"Vagyongazdálkodás, Költségvetés és Közigazgatás",
2010,2004/2010,A NATO 2010. március 4-10.között levezetendő válságkezelési gyakorlatának (CMX 09) végrehajtásához kapcsolódó nemzeti feladatokról.,"2. Honvédelem,",Rendvédelem és Nemzetbiztonság,
2010,2005/2010,Az Európai Innovációs és Technológiai Intézet Budapesten történő elhelyezésére vonatkozó magyar kötelezettségvállalásról és a kapcsolódó feladatokról szóló 3069/2008.(IX.3.) Korm. határozat módosításáról.,3. Állami,"Vagyongazdálkodás, Költségvetés és Közigazgatás","Vélhetően, hiányos adat"
2010,2006/2010,Az európai uniós tagságból származó jogalkotási kötelezettségek teljesítésében 2010. március 15-én tapasztalható elmaradásokról szóló.,3. Állami,"Vagyongazdálkodás, Költségvetés és Közigazgatás","Vélhetően, hiányos adat"
2010,2007/2010,"A titkos információgyűjtő eszközökkel és módszerekkel kapcsolatos koncentrált fejlesztések összehangolásáról, a Nemzetbiztonsági Szakszolgálat szolgáltatói szerepkörének megerősítéséről, valamint a fontos és bizalmas munkakörökről szóló miniszteri rendeletek felülvizsgálatáról.","7. Külpolitika,",EU és Határon Túli Ügyek,"EU intézet, jogalkotás"
2010,2008/2010,Az Európai Unió Tanácsa 2011. első félévi magyar elnökségének prioritásairól.,"7. Külpolitika,",EU és Határon Túli Ügyek,
2010,2009/2010,"Az Európai Unió Tanácsa 2011-es magyar elnökségére való felkészülés operatív, logisztikai, valamint egyes kommunikációval és költségvetéssel összefüggő feladatairól.","7. Külpolitika,",EU és Határon Túli Ügyek,
2010,2010/2010,Az Európai Unió Tanácsa 2011. első félévi magyar elnökségére való felkészülés egyes kormányzati feladatairól.,"7. Külpolitika,",EU és Határon Túli Ügyek,
2010,2011/2010,"Az Európai Unió Tanácsa spanyol- belga-magyar trió programjának végrehajtásáról, valamint az Európai Unió Tanácsa 2010. második félévi belga elnökségi programjáról és az ahhoz kapcsolódó magyar álláspontokról, kormányzati feladatokról.","7. Külpolitika,",EU és Határon Túli Ügyek,
2010,2012/2010,Az Európai Unió Tanácsa 2011. első félévi magyar elnökségével kapcsolatos egyes kérdésekről.,"7. Külpolitika,",EU és Határon Túli Ügyek,
2010,2013/2010,Egy győri nagyberuházás megvalósításáról és a vonatkozó intézkedésekről.,1. Gazdaságfejlesztés,és Vállalati Támogatások,
2010,2014/2010,"Az ÜMFT TIOP keretein belül 5 milliárd forintot meghaladó támogatásra javasolt projekt jóváhagyásáról.(Székesfehérvár, Szent György Kórház infrastruktúrafejlesztés)","6. Kultúra,","Sport, Oktatás, Egészségügy és Egyházak",Kórházfejlesztés
2010,2015/2010,Az Európai Unió Bosznia hercegovinai válságkezelő műveletéhez biztosított magyar rendvédelmi hozzájárulásról.,"2. Honvédelem,",Rendvédelem és Nemzetbiztonság,Boszniai misszió
2010,2016/2010,A magyar ország márka stratégiával kapcsolatos feladatokról.,"7. Külpolitika,",EU és Határon Túli Ügyek,Országmárka
2010,2017/2010,Az Európa 2020 Nemzeti Intézkedési Terv előkészítésével kapcsolatos egyes feladatokról.,"7. Külpolitika,",EU és Határon Túli Ügyek,
2010,2018/2010,"A 2011-2013.évekre, az életkorhoz kötött kötelező védőoltási rendben alkalmazott, valamint a védőoltási rendbe nem tartozó kötelezően alkalmazott oltóanyagok biztosításáról.","6. Kultúra,","Sport, Oktatás, Egészségügy és Egyházak",Védőoltások
2010,2019/2010,A szomszédos államokban élő magyarokról szóló törvény módosításának koncepciójáról.,"7. Külpolitika,",EU és Határon Túli Ügyek,
2010,2020/2010,Az európai uniós tagságból származó jogalkotási kötelezettségek teljesítésében 2010. szeptember 30-án tapasztalható elmaradásokról.,"7. Külpolitika,",EU és Határon Túli Ügyek,
2010,2021/2010,"A Központi Szolgáltatási Főigazgatóság kezelésébe, üzemeltetésébe tartozó épületekben történő irodai szelektív hulladékgyűjtésről.","4. Infrastruktúra,",Közlekedés és Energetika,Hulladékgyűjtés
2013,2001/2013,Az Európai Unió mellett működő brüsszeli Állandó Képviselet magyar EU-elnökségi időszakot követő működéséről szóló 2011/2011.(IX.15.) Korm. határozat módosításáról.,"7. Külpolitika,",EU és Határon Túli Ügyek,
2013,2002/2013,A lakosság állampapír állományának növeléséhez szükséges további intézkedésekről.,3. Állami,"Vagyongazdálkodás, Költségvetés és Közigazgatás",Állampapír
2013,2003/2013,A látvány-csapatsportágak társasági adókedvezménye módosításának lehetséges irányairól,"6. Kultúra,","Sport, Oktatás, Egészségügy és Egyházak","TAO, sport"
2013,2004/2013,Az Audi Hungaria Motor Kft. vállalattal megkötendő Megállapodás aláírásáról,1. Gazdaságfejlesztés,és Vállalati Támogatások,Audi
2013,2005/2013,Az új Polgári Törvénykönyv hatálybalépésével összefüggő jogalkotási feladatok teljesítéséhez szükséges intézkedésekről.,3. Állami,"Vagyongazdálkodás, Költségvetés és Közigazgatás",PTK
2013,2006/2013,A helyközi személyszállítási közszolgáltatásokhoz kapcsolódó költségtérítés szolgáltató társaságok közötti felosztására vonatkozó feladatról.,"4. Infrastruktúra,",Közlekedés és Energetika,Helyközi személyszállítás
2013,2007/2013,"Kereseti kérelem visszavonásáról.(T-221/07. számú, Magyarország kontra EU Bizottság ügyben az üvegházhatást okozó gázok kibocsátási egységeinek 2008-2012. közötti időszakot érintő nemzeti kiosztási tervre vonatkozó)","7. Külpolitika,",EU és Határon Túli Ügyek,EU bíróság
2013,2008/2013,Az éghajlatváltozáshoz való alkalmazkodást figyelembe vevő nemzeti vagy regionális katasztrófavédelmi kockázatfelmérésről szóló országjelentés elkészítésének felelősségi rendjéről és ütemezéséről.,"2. Honvédelem,",Rendvédelem és Nemzetbiztonság,Katasztrófavédelem
2013,2009/2013,A kereskedelmi feltételeken alapuló azeri gázszállítások magánjogi szerződéskötésére jogosult magyar szervezet kijelöléséről.,"4. Infrastruktúra,",Közlekedés és Energetika,Gázszállítás
2013,2010/2013,A Magyar Posta Zrt. aktuális helyzetéről és további működésének stratégiai irányairól.,3. Állami,"Vagyongazdálkodás, Költségvetés és Közigazgatás",Magyar Posta
2013,2011/2013,Egyes beruházások közös érdekű projektté nyilvánításával kapcsolatos intézkedésekről.,"4. Infrastruktúra,",Közlekedés és Energetika,
2013,2012/2013,"A Magyar Nemzeti Vagyonkezelő Zártkörűen Működő Részvénytársaság által az MVM Magyar Villamos Művek Zártkörűen Működő Részvénytársaság (a továbbiakban MVM Zrt.) részére nyújtandó, az E.ON SE hazai földgázipari érdekeltségeinek megvásárlásához szükséges 71 milliárd Ft tőkeemelés érdekében.",3. Állami,"Vagyongazdálkodás, Költségvetés és Közigazgatás","MVM, E.ON"
2013,2013/2013,A 2014-2016. évekre vonatkozó oltóanyag-beszerzésekről.,"6. Kultúra,","Sport, Oktatás, Egészségügy és Egyházak",Oltóanyag
2013,2014/2013,A Fővárosi Csatornázási Művek Zártkörűen Működő Részvénytársaság kisebbségi részvénycsomagjának megvásárlása érdekében szükséges intézkedésekről.,3. Állami,"Vagyongazdálkodás, Költségvetés és Közigazgatás",Tulajdonszerzés
2013,2015/2013,A Magyar Állam nevében kibocsátott kötvények visszavásárlása érdekében szükséges egyes intézkedésekről.,3. Állami,"Vagyongazdálkodás, Költségvetés és Közigazgatás",Kötvények
2013,2016/2013,A REMONDIS International GmbH 100%-os tulajdonában lévő egyes hulladékgazdálkodással foglalkozó gazdasági társaságok megvásárlásához szükséges forrás biztosításáról.,3. Állami,"Vagyongazdálkodás, Költségvetés és Közigazgatás",Felvásárlás
2013,2017/2013,Az okos mérés bevezetésére való felkészülésről.,"4. Infrastruktúra,",Közlekedés és Energetika,Okos mérés
2013,2018/2013,A 2030-as klíma- és energiapolitikai keretről kialakítandó magyar álláspont sarokpontjairól.,"7. Külpolitika,",EU és Határon Túli Ügyek,Klímapolitika
2013,2019/2013,Magyarország Pozsonyi Nagykövetségének elhelyezéséhez kapcsolódó feladatokról.,"7. Külpolitika,",EU és Határon Túli Ügyek,Nagykövetség
2013,2020/2013,A vízügyi ágazat irányításának átalakításáról.,"4. Infrastruktúra,",Közlekedés és Energetika,Vízügy
2013,2021/2013,"A Fővárosi Gázművek Zártkörűen Működő Részvénytársaság 49,83%-os társasági részesedésének megszerzése érdekében szükséges intézkedésekről.",3. Állami,"Vagyongazdálkodás, Költségvetés és Közigazgatás",Fővárosi Gázművek
2011,2001/2011,"Az Európai Unió Tanácsa 2011. első félévi magyar elnökségének programjáról, valamint az Európai Unió Tanácsa 2011. első félévi magyar elnökségére való felkészülés egyes kormányzati feladatairól szóló 2010/2010. Korm. határozat módosításáról.","7. Külpolitika,",EU és Határon Túli Ügyek,
2011,2002/2011,Az európai uniós tagságból származó jogalkotási kötelezettségek teljesítésében 2010. dec. 31-én tapasztalható elmaradásokról.,"7. Külpolitika,",EU és Határon Túli Ügyek,
2011,2003/2011,"Az európai kritikus infrastruktúrák azonosításáról és kijelöléséről, valamint védelmük javítása szükségességének értékeléséről szóló, 2008. dec. 8-i 2008/114/EK tanácsi irányelv végrehajtásáról és az Európai Bizottság számára történő jelentésről.","4. Infrastruktúra,",Közlekedés és Energetika,Kritikus infrastruktúrák
2011,2004/2011,A NATO 2011. évi válságkezelési gyakorlatának (CMX 11) végrehajtásához kapcsolódó nemzeti feladatokról.,"2. Honvédelem,",Rendvédelem és Nemzetbiztonság,NATO
2011,2005/2011,"A Magyar Köztársaság 2011. évi költségvetésről szóló 2010. évi CLXIX. törvény I. számú mellékletének X. Közigazgatási és Igazságügyi Minisztérium fejezet fejezeti kezelésű előirányzat, 15. cím fejezeti kezelésű előirányzatok, 4. Határon túli magyarok programjának támogatása alcímen belül nem pályázati úton nyújtott támogatásokról.","7. Külpolitika,",EU és Határon Túli Ügyek,
2011,2006/2011,"A Magyar Köztársaság 2011. évi költségvetéséről szóló 2010. évi CLXIX. törvény 1. számú mellékletének X. Közigazgatási és Igazságügyi Minisztérium fejezet fejezeti kezelésű előirányzat, 15. cím Fejezeti kezelésű előirányzatok, 4. Határon túli magyarok programjainak támogatása alcímen belül nem pályázati úton nyújtott támogatásokról.","7. Külpolitika,",EU és Határon Túli Ügyek,
2011,2007/2011,Dr. Keskeny Ernő állandó képviselő felmentéséről és Róna Ottó kinevezéséről a Duna Bizottságban.,"7. Külpolitika,",EU és Határon Túli Ügyek,
2011,2008/2011,Nemzetközi szervezetekben való kormányzati részvétel felülvizsgálatáról.,"7. Külpolitika,",EU és Határon Túli Ügyek,
2011,2009/2011,A Nyugdíjreform és Adósságcsökkentő Alapba kerülő vagyon értékesítéséről.,3. Állami,"Vagyongazdálkodás, Költségvetés és Közigazgatás",
2011,2010/2011,"A Magyar Köztársaság 2011. évi költségvetéséről szóló 2010. évi CLXIX. törvény I. melléklet X. Közigazgatási és Igazságügyi Minisztérium fejezet, 15. Fejezeti kezelésű előirányzatok cím, 4. Határon túli magyarok programjainak támogatása alcímen belül nem pályázati úton nyújtott támogatásokról.","7. Külpolitika,",EU és Határon Túli Ügyek,
2011,2011/2011,Az Európai Unió mellett működő Brüsszeli Állandó Képviselet magyar EU elnökségi időszakot követő működéséről.,"7. Külpolitika,",EU és Határon Túli Ügyek,
2011,2012/2011,Az önálló közigazgatási és önálló rendészeti képzési ág létrehozásáról.,3. Állami,"Vagyongazdálkodás, Költségvetés és Közigazgatás",
2011,2013/2011,Derogációs kérelem jóváhagyásáról.,"7. Külpolitika,",EU és Határon Túli Ügyek,
2011,2014/2011,Az Európai Unió energia politikájának külső dimenziójával kapcsolatos magyar álláspontról.,"7. Külpolitika,",EU és Határon Túli Ügyek,EU energiapolitika
2011,2015/2011,Hazánk elnevezésének „Magyar Köztársaság”-ról „Magyarország”-ra történő változásából eredő feladatokról.,3. Állami,"Vagyongazdálkodás, Költségvetés és Közigazgatás",Magyarország elnevezése
2011,2016/2011,"A Magyar Köztársaság 2011. évi költségvetéséről szóló 2010. évi CLXIX. törvény I. melléklet X. Közigazgatási és Igazságügyi Minisztérium fejezet, 15. Fejezeti kezelésű előirányzatok cím, 4. Határon túli magyarok programjainak támogatása alcímen belül nem pályázati úton nyújtott támogatásokról.","7. Külpolitika,",EU és Határon Túli Ügyek,
2011,2017/2011,A hitelszerződésből eredő kötelezettségeiknek eleget tenni nem tudó természetes személyek lakhatásának biztosítása érdekében szükséges további intézkedésekről.,3. Állami,"Vagyongazdálkodás, Költségvetés és Közigazgatás",Lakhatás
2011,2018/2011,"a Magyar Köztársaság 2011. évi költségvetéséről szóló 2010. évi CLXIX. törvény 1. melléklet X. Közigazgatási és Igazságügyi Minisztérium fejezet, 15. Fejezeti kezelésű előirányzatok cím, 4. Határon túli magyarok programjainak támogatása alcímen belül nem pályázati úton nyújtott támogatásokról szóló 2016/2011. Korm. határozat módosításáról.","7. Külpolitika,",EU és Határon Túli Ügyek,
2011,2019/2011,A nemzetgazdasági szempontból kiemelt jelentőségű beruházások megvalósításának további gyorsítása lehetőségeiről.,1. Gazdaságfejlesztés,és Vállalati Támogatások,
2018,2001/2018,A Leiler Hungária Építőanyaggyártó Korlátolt Felelősségű Társaság nagybefektető magyarországi beruházásának kormányzati támogatásáról.,1. Gazdaságfejlesztés,és Vállalati Támogatások,"Több nagybefektető, pl. Leiler, BYD, MAGNUS"
2018,2002/2018,A Valeo Siemens eAutomotive Hungary Korlátolt Felelősségű Társaság nagybefektető magyarországi beruházásának kormányzati támogatásáról.,1. Gazdaságfejlesztés,és Vállalati Támogatások,"Több nagybefektető, pl. Leiler, BYD, MAGNUS"
2018,2003/2018,A Valeo Siemens eAutomotive Hungary Korlátolt Felelősségű Társaság nagybefektető magyarországi beruházásának kormányzati támogatásáról.,1. Gazdaságfejlesztés,és Vállalati Támogatások,"Több nagybefektető, pl. Leiler, BYD, MAGNUS"
2018,2004/2018,A SIIX Hungary Korlátolt Felelősségű Társaság nagybefektető magyarországi beruházásának kormányzati támogatásáról.,1. Gazdaságfejlesztés,és Vállalati Támogatások,"Több nagybefektető, pl. Leiler, BYD, MAGNUS"
2018,2005/2018,Az Oerlikon Eldim (HU) Gyártó és Kereskedelmi Korlátolt Felelősségű Társaság nagybefektető magyarországi beruházásának kormányzati támogatásáról.,1. Gazdaságfejlesztés,és Vállalati Támogatások,"Több nagybefektető, pl. Leiler, BYD, MAGNUS"
2018,2006/2018,A Zoltek Vegyipari Zártkörűen Működő Részvénytársaság nagybefektető magyarországi beruházásának kormányzati támogatásáról.,1. Gazdaságfejlesztés,és Vállalati Támogatások,"Több nagybefektető, pl. Leiler, BYD, MAGNUS"
2018,2007/2018,A Krones Hungary Korlátolt Felelősségű Társaság nagybefektető magyarországi beruházásának kormányzati támogatásáról.,1. Gazdaságfejlesztés,és Vállalati Támogatások,"Több nagybefektető, pl. Leiler, BYD, MAGNUS"
2018,2008/2018,Az Edelmann Hungary Packaging Zártkörűen Működő Részvénytársaság nagybefektető magyarországi beruházásának kormányzati támogatásáról.,1. Gazdaságfejlesztés,és Vállalati Támogatások,"Több nagybefektető, pl. Leiler, BYD, MAGNUS"
2018,2009/2018,Az ADA Hungária Bútorgyár Korlátolt Felelősségű Társaság és a NOVA BÚTOR Bútorgyár Korlátolt Felelősségű Társaság nagybefektetők magyarországi beruházásának kormányzati támogatásáról.,1. Gazdaságfejlesztés,és Vállalati Támogatások,"Több nagybefektető, pl. Leiler, BYD, MAGNUS"
2018,2010/2018,A BYD Electric Bus & Truck Hungary Korlátolt Felelősségű Társaság nagybefektető magyarországi beruházásának kormányzati támogatásáról.,1. Gazdaságfejlesztés,és Vállalati Támogatások,"Több nagybefektető, pl. Leiler, BYD, MAGNUS"
2018,2011/2018,A SONA BLW Hungary Korlátolt Felelősségű Társaság nagybefektető magyarországi beruházásának kormányzati támogatásáról.,1. Gazdaságfejlesztés,és Vállalati Támogatások,"Több nagybefektető, pl. Leiler, BYD, MAGNUS"
2018,2012/2018,A Hydro Extrusion Hungary Korlátolt Felelősségű Társaság nagybefektető magyarországi beruházásának kormányzati támogatásáról.,1. Gazdaságfejlesztés,és Vállalati Támogatások,"Több nagybefektető, pl. Leiler, BYD, MAGNUS"
2018,2013/2018,A MAGNUS AIRCRAFT Zártkörűen Működő Részvénytársaság nagybefektető magyarországi beruházásának kormányzati támogatásáról.,1. Gazdaságfejlesztés,és Vállalati Támogatások,"Több nagybefektető, pl. Leiler, BYD, MAGNUS"
2018,2015/2018,"A konzultációk eredményével összefüggő kiadvány, valamint az állampolgároknak küldendő tájékoztató levél kapcsán felmerülő feladatokról.",3. Állami,"Vagyongazdálkodás, Költségvetés és Közigazgatás",Tájékoztató levél
2018,2016/2018,"A Budapest V. kerület, belterület 24491/0/A/2/ helyrajzi számú, természetben az 1051. Budapest, Széchenyi István tér 2. szám alatti ingatlan tulajdonjogának magyar állam javára történő megszerzéséről.",3. Állami,"Vagyongazdálkodás, Költségvetés és Közigazgatás",Ingatlan állami tulajdonba vétele
2018,2017/2018,Az Alaptörvény értelmezésének indítványozásáról.,3. Állami,"Vagyongazdálkodás, Költségvetés és Közigazgatás",Alaptörvény értelmezése
2018,2018/2018,"A Budapest I. kerület, belterület 144108/0/A/20 helyrajzi számú ingatlannak az állam részére történő megvásárlásáról.",3. Állami,"Vagyongazdálkodás, Költségvetés és Közigazgatás",Ingatlan megvásárlása
2018,2019/2018,"A Budapest V. kerület, belterület 24491/0/A/1 helyrajzi számú, természetben az 1051. Budapest, Széchenyi István tér 2. szám alatti ingatlan állami tulajdonba kerüléséhez szükséges intézkedésekről",3. Állami,"Vagyongazdálkodás, Költségvetés és Közigazgatás",Ingatlan megvásárlása
2018,2020/2018,Az Eszterházy Károly Egyetem kiegészítő támogatásáról,"6. Kultúra,","Sport, Oktatás, Egészségügy és Egyházak",Eszterházy Károly Egyetem
2018,2021/2018,Az Alaptörvény értelmezésének indítványozásáról szóló 2017/2018. Korm. határozat visszavonásáról.,3. Állami,"Vagyongazdálkodás, Költségvetés és Közigazgatás",Alaptörvény értelmezése
2018,2022/2018,Az Alaptörvény értelmezésének indítványozásáról.,3. Állami,"Vagyongazdálkodás, Költségvetés és Közigazgatás",Alaptörvény értelmezése
2018,2023/2018,Az Étkezési Erzsébet-utalvány formájában biztosítandó egyszeri jóléti juttatás nyújtásához szükséges feladatokról.,3. Állami,"Vagyongazdálkodás, Költségvetés és Közigazgatás",Erzsébet-utalvány
2018,2024/2018,"A Molekuláris Antropológiai Intézet, valamint a Középkor Történeti Kutatóintézet létrehozásának lehetőségéről.","6. Kultúra,","Sport, Oktatás, Egészségügy és Egyházak",Kutatóintézet létrehozása
2018,2025/2018,"A Hanoiban létesítendő Magyar Művelődési és Közösségi Ház – üres ingatlanra építéssel, vagy meglévő ingatlan átalakításával megvalósuló – elhelyezésével kapcsolatos intézkedésekről.","7. Külpolitika,",EU és Határon Túli Ügyek,Hanoi Magyar Művelődési Ház
2018,2026/2018,A „Püspökladány-Ebes vasútvonal korszerűsítése” című nagyprojekt forrásszerkezetének módosításáról.,"4. Infrastruktúra,",Közlekedés és Energetika,Vasútvonal korszerűsítése
2018,2027/2018,A METYX HUNGARY Korlátolt Felelősségű Társaság nagybefektető magyarországi beruházásának kormányzati támogatásáról.,1. Gazdaságfejlesztés,és Vállalati Támogatások,Több nagybefektető
2018,2028/2018,A ContiTech Fluid Automotive Hungária Korlátolt Felelősségű Társaság és a Conri Tech Magyarország Korlátolt Felelősségű Társaság nagybefektetők magyarországi beruházásának kormányzati támogatásáról.,1. Gazdaságfejlesztés,és Vállalati Támogatások,Több nagybefektető
2018,2029/2018,A MASTER GOOD Termelő és Kereskedelmi Korlátolt Felelősségű Társaság nagybefektető magyarországi beruházásának kormányzati támogatásáról.,1. Gazdaságfejlesztés,és Vállalati Támogatások,Több nagybefektető
2018,2030/2018,A GESTAMP-HUNGÁRIA Termelő és Kereskedelmi Korlátolt Felelősségű Társaság nagybefektető magyarországi beruházásának kormányzati támogatásáról.,1. Gazdaságfejlesztés,és Vállalati Támogatások,Több nagybefektető
2018,2031/2018,A KNAUS TABBERT Termelő- és Kereskedelmi Korlátolt Felelősségű Társaság nagybefektető magyarországi beruházásának kormányzati támogatásáról.,1. Gazdaságfejlesztés,és Vállalati Támogatások,Több nagybefektető
2018,2032/2018,A Budapest Liszt Ferenc nemzetközi repülőtér 2. terminál vasúti és közúti kapcsolatának kialakításához kapcsolódó intézkedésekről.,"4. Infrastruktúra,",Közlekedés és Energetika,Budapest Airport közlekedés
2018,2033/2018,A MÁV-START Vasúti Személyszállító Zártkörűen Működő Részvénytársaság által nagykapacitású motorvonat beszerzése tárgyában megkötött keret megállapodás további lehívásainak támogatásáról.,"4. Infrastruktúra,",Közlekedés és Energetika,MÁV motorvonat beszerzés
2018,2034/2018,"A Kemény Ferenc Sportlétesítmény-fejlesztési Program, valamint egyéb dél-pesti és észak-csepeli beruházások előkészítéséhez és megvalósításához szükséges ingatlanok biztosításával kapcsolatos intézkedésekről.","6. Kultúra,","Sport, Oktatás, Egészségügy és Egyházak",Sportlétesítmény-fejlesztés
2018,2035/2018,"A Budapest V. kerület, belterület 24491/0/A/1 helyrajzi számú, természetben az 1051. Budapest, Széchenyi István tér 2. szám alatti ingatlan állami tulajdonba kerüléséhez szükséges intézkedésekről szóló 2019/2018. Korm. határozat módosításáról.",3. Állami,"Vagyongazdálkodás, Költségvetés és Közigazgatás",Ingatlan állami tulajdonba
2018,2038/2018,"Egyes műkincsek állami tulajdonba kerüléséhez szükséges intézkedésekről, valamint a többfunkciós autóbuszok beszerzésével kapcsolatos feladatokról szóló 2062/2016. Korm. határozat visszavonásáról.","6. Kultúra,","Sport, Oktatás, Egészségügy és Egyházak",Műkincsek
2018,2039/2018,Robert Bosch Power Tool Elektromos Szerszámgyártó Korlátolt Felelősségű Társaság nagybefektető magyarországi beruházásának kormányzati támogatásáról.,1. Gazdaságfejlesztés,és Vállalati Támogatások,"Bosch, AUDI, stb."
2018,2040/2018,Qualitative Production Gépipari és Kereskedelmi Zártkörűen Működő Részvénytársaság nagybefektető magyarországi beruházásának kormányzati támogatásáról módosításáról.,1. Gazdaságfejlesztés,és Vállalati Támogatások,"Bosch, AUDI, stb."
2018,2043/2018,Az AUDI HUNGARIA Zártkörűen Működő Részvénytársaság nagybefektető magyarországi beruházásának kormányzati támogatásáról.,1. Gazdaságfejlesztés,és Vállalati Támogatások,"Bosch, AUDI, stb."
2018,2044/2018,Az állampolgároknak küldendő tájékoztató levelek kapcsán felmerülő feladatokról.,3. Állami,"Vagyongazdálkodás, Költségvetés és Közigazgatás",Tájékoztató levél
2018,2045/2018,A Cotonoui Megállapodást felváltó új megállapodásra irányuló magyar álláspontról,"7. Külpolitika,",EU és Határon Túli Ügyek,Cotonoui Megállapodás
2018,2046/2018,Bizonyos állami beruházások megvalósításához szükséges többletforrások biztosításáról és intézkedések megtételéről.,3. Állami,"Vagyongazdálkodás, Költségvetés és Közigazgatás",Állami beruházások többletforrása
2018,2047/2018,A Viessmann Technika Dombóvár Kft nagybefektető magyarországi beruházásának kormányzati támogatásáról,1. Gazdaságfejlesztés,és Vállalati Támogatások,Több nagybefektető
2018,2048/2018,A Ten Pao Electronics Hungary Korlátolt Felelősségű Társaság nagybefektető magyarországi beruházásának kormányzati támogatásáról,1. Gazdaságfejlesztés,és Vállalati Támogatások,Több nagybefektető
2018,2049/2018,A Fa-Packaging Hungária Kereskedelmi és Szolgáltató Korlátolt Felelősségű Társaság,1. Gazdaságfejlesztés,és Vállalati Támogatások,Több nagybefektető
2018,2050/2018,Az SMR Automotive Mirror Technology Hungary Betéti Társaság nagybefektető magyarországi beruházásának kormányzati támogatásáról,1. Gazdaságfejlesztés,és Vállalati Támogatások,Több nagybefektető
2018,2051/2018,Azonnali létszámzárlat elrendeléséről,3. Állami,"Vagyongazdálkodás, Költségvetés és Közigazgatás",Létszámzárlat
2018,2052/2018,Az azonnali létszámzárlat elrendeléséről szóló 2051/2018. Korm. határozat végrehajtásával kapcsolatos egyes kérdésekről (I.) szóló korm. hat.,3. Állami,"Vagyongazdálkodás, Költségvetés és Közigazgatás",Létszámzárlat
2018,2054/2018,"A Budapest V. kerület, belterület 24491/0/A/2. helyrajzi számú, természetben az 1051 Budapest Széchenyi István tér 2. szám alatti ingatlan tulajdonjogának az állam javára történő megszerzéséről",3. Állami,"Vagyongazdálkodás, Költségvetés és Közigazgatás",Ingatlan tulajdonjog
2018,2055/2018,A Zalaco Sütőipari Zártkörűen Működő Részvénytársaság nagybefektető magyarországi beruházásának kormányzati támogatásáról,1. Gazdaságfejlesztés,és Vállalati Támogatások,Több nagybefektető
2018,2056/2018,A Denso Gyártó Magyarország Korlátolt Felelősségű nagybefektető magyarországi beruházásának kormányzati támogatásáról,1. Gazdaságfejlesztés,és Vállalati Támogatások,Több nagybefektető
2018,2057/2018,Az ECM-Clean-Hungary Kft nagybefektető magyarországi beruházásának kormányzati támogatásáról,1. Gazdaságfejlesztés,és Vállalati Támogatások,Több nagybefektető
2018,2058/2018,A MAHLE Compressore Hungary Korlátolt Felelősségű Társaság nagybefektető magyarországi beruházásának kormányzati támogatásáról,1. Gazdaságfejlesztés,és Vállalati Támogatások,Több nagybefektető
2018,2059/2018,A Hübner-H Gumi- és Műanyagipari Korlátolt Felelősségű Társaság nagybefektető magyarországi beruházásának kormányzati támogatásáról,1. Gazdaságfejlesztés,és Vállalati Támogatások,Több nagybefektető
2018,2060/2018,"Az új Kormányzati struktúra európai uniós feladat- és hatásköreiről, valamint a minisztereknek és államtitkároknak az Európai Unió Tanácsa ülésein történő részvételéről","7. Külpolitika,",EU és Határon Túli Ügyek,EU feladatkörök
2018,2061/2018,A multimediális művészeti koncepció és kampány megvalósításáról,"7. Külpolitika,",EU és Határon Túli Ügyek,Országmárka kampány
2018,2062/2018,Munkácsy Mihály: Golgota című festmény tulajdonjogának az állam javára történő megszerzéséről,"6. Kultúra,","Sport, Oktatás, Egészségügy és Egyházak",Munkácsy festmény
2018,2064/2018,A védett kommunikációs összeköttetést biztosító NETIFON rendszer üzemeltetéséhez szükséges fedezet biztosításáról,"2. Honvédelem,",Rendvédelem és Nemzetbiztonság,NETIFON
2018,2065/2018,Az Itron Labs Korlátolt Korlátolt Felelősségű Társaság nagybefektető magyarországi beruházásának kormányzati támogatásáról,1. Gazdaságfejlesztés,és Vállalati Támogatások,Több nagybefektető
2018,2066/2018,Az NHK Spring Hungary Korlátolt Korlátolt Felelősségű Társaság nagybefektető magyarországi beruházásának kormányzati támogatásáról,1. Gazdaságfejlesztés,és Vállalati Támogatások,Több nagybefektető
2018,2067/2018,A Westcast Hungary Autóipari Zártkörűen Működő Részvénytársaság nagybefektető magyarországi beruházásának kormányzati támogatásáról,1. Gazdaságfejlesztés,és Vállalati Támogatások,Több nagybefektető
2018,2068/2018,A K & P Korlátolt Felelősségű Társaság nagybefektető magyarországi beruházásának kormányzati támogatásáról,1. Gazdaságfejlesztés,és Vállalati Támogatások,Több nagybefektető
2018,2069/2018,A BP Business Service Centre Korlátolt Felelősségű Társaság nagybefektető magyarországi beruházásának kormányzati támogatásáról,1. Gazdaságfejlesztés,és Vállalati Támogatások,Több nagybefektető
2018,2070/2018,A Thomas Duvenbeck Immobilien Invest Korlátolt Felelősségű Társaság befektető magyarországi beruházásának kormányzati támogatásáról,1. Gazdaságfejlesztés,és Vállalati Támogatások,Több nagybefektető
2018,2071/2018,"A Budapest VI. kerület, belterület 28716 helyrejzi számú, természetben az 1062 Budapest, Andrássy út 70. szám alatti ingatlan tulajdonjogának az állam javára történő megszerzéséről",3. Állami,"Vagyongazdálkodás, Költségvetés és Közigazgatás",Ingatlan állami tulajdonba
2018,2072/2018,A Közigazgatási szankciórendszer teljes felülvizsgálatáról szóló Korm. határozat,3. Állami,"Vagyongazdálkodás, Költségvetés és Közigazgatás",Szankciórendszer
2018,2073/2018,A Közlekedés Operatív Program zárása vonatkozásában felmerült szabálytalanságokból adódó pénzügyi korrekcióról,"4. Infrastruktúra,",Közlekedés és Energetika,Közlekedés Operatív Program
2018,2074/2018,"A Zrínyi 2026 Honvédelmi és Haderőfejlesztési Program keretében, a katonai egyéni harcászati felszerelés fejlesztése program megvalósításával összefüggő feladatokról","2. Honvédelem,",Rendvédelem és Nemzetbiztonság,Zrínyi 2026
2018,2075/2018,Az azonnali létszámzárlat elrendeléséről szóló 2051/2018 Korm. határozat végrehajtásával kapcsolatos egyes kérdésekről (II.),3. Állami,"Vagyongazdálkodás, Költségvetés és Közigazgatás",Létszámzárlat
2018,2076/2018,Az Európai Unió hosszú távú üvegházhatású gáz kibocsátás-csökkentési stratégiájának kialakításánál képviselendő magyar álláspont,"7. Külpolitika,",EU és Határon Túli Ügyek,EU klímastratégia
2018,2078/2018,A Nemzeti Korcsolyázó Központ bővítése érdekében szükséges intézkedésekről,"6. Kultúra,","Sport, Oktatás, Egészségügy és Egyházak",Nemzeti Korcsolyázó Központ
2018,2079/2018,A Sportról szóló 2004. évi I. törvény szerinti vagyoni értékű jogok 2018/2019-es bajnoki évadban történő hasznosításáról,"6. Kultúra,","Sport, Oktatás, Egészségügy és Egyházak",Sport vagyoni jogok
2018,2080/2018,A Nemzeti Eszközkezelő Programmal összefüggő további feladatokról szóló kormányhatározat,3. Állami,"Vagyongazdálkodás, Költségvetés és Közigazgatás",Nemzeti Eszközkezelő
2018,2081/2018,Az állami beruházások új rendszeréről,3. Állami,"Vagyongazdálkodás, Költségvetés és Közigazgatás",Állami beruházások rendszere
2018,2082/2018,Az Európai Unió Bíróságának Törvényszéke előtt folyamatban lévő T-101/18. számú Osztrák Köztársaság kontra Európai Bizottság ügyben történő beavatkozással kapcsolatos intézkedésekről,"7. Külpolitika,",EU és Határon Túli Ügyek,EU Bíróság beavatkozás
2018,2083/2018,Az Önkormányzati hivatalok köztisztviselői illetményének emeléséről,3. Állami,"Vagyongazdálkodás, Költségvetés és Közigazgatás",Köztisztviselői illetmény
2018,2084/2018,A Budapesti Állami beruházási Területszerzési és Területrendezési Alap létrehozásával kapcsolatos intézkedésekről,3. Állami,"Vagyongazdálkodás, Költségvetés és Közigazgatás",Területszerzési Alap
2018,2085/2018,A Digitális Jólét Program felülvizsgálatáról,3. Állami,"Vagyongazdálkodás, Költségvetés és Közigazgatás",Digitális Jólét Program
2018,2086/2018,A MOL Petrolkémiai Zártkörűen Működő Részvénytársaság beruházásához igényelt fejlesztési adókedvezmények engedélyezéséről,1. Gazdaságfejlesztés,és Vállalati Támogatások,MOL adókedvezmény
2018,2088/2018,Az azonnali létszámzárlat elrendeléséről szóló 2051/2018. Korm. határozat végrehajtásával kapcsolatos egyes kérdésekről (III.),3. Állami,"Vagyongazdálkodás, Költségvetés és Közigazgatás",Létszámzárlat
2018,2089/2018,A Linamar Hungary Autóipari és Gépgyártó Zártkörűen Működő Részvénytársaság (a továbbiakban: Linamar Hungary Zrt.) és a Seissenschmidt Precision Components Fémfeldolgozó Korlátolt Felelősségű Társaság (a továbbiakban: Seissenchmidt Precision Components Kft.) nagybefektetők magyarországi beruházásának kormányzati támogatásáról,1. Gazdaságfejlesztés,és Vállalati Támogatások,Több nagybefektető
2018,2090/2018,Az Evosoft Hungary Számítástechnikai Kft. nagybefektető magyarországi beruházásának kormányzati támogatásáról,1. Gazdaságfejlesztés,és Vállalati Támogatások,Több nagybefektető
2018,2091/2018,A MÁV Magyar Államvasutak Zártkörűen Működő Részvénytársaság használatában álló budapesti ingatlanok vasútüzemhez nem szükséges területeinek felméréséhez kapcsolódó intézkedésekről,3. Állami,"Vagyongazdálkodás, Költségvetés és Közigazgatás",MÁV ingatlanok
2018,2092/2018,Az Alaptörvény értelmezésének indítványozásáról,3. Állami,"Vagyongazdálkodás, Költségvetés és Közigazgatás",Alaptörvény
2018,2093/2018,A kormányzati létszámgazdálkodás új rendjének megvalósításával összefüggő egyes intézkedésekről,3. Állami,"Vagyongazdálkodás, Költségvetés és Közigazgatás",Létszámgazdálkodás
2018,2094/2018,A POPPE+POTTHOFF HUNGÁRIA Gépgyártó Korlátolt Felelősségű Társaság és a Poppe+Potthoff Hungária Real Estate Ingatlanhasznosító Korlátolt Felelősségű Társaság nagyberuházók magyarországi beruházásának kormányzati támogatásáról,1. Gazdaságfejlesztés,és Vállalati Támogatások,Több nagybefektető
2018,2095/2018,A SHINHEUNG SEC EU Korlátolt Felelősségű Társaség nagyberuházó nagyarországi beruházásának kormányzati támogatásáról,1. Gazdaságfejlesztés,és Vállalati Támogatások,Több nagybefektető
2018,2096/2018,Az SK Battery Hungary Gyártó Korlátolt Felelősségű Társaság nagybefektető magyarországi beruházásának kormányzati támogatásáról,1. Gazdaságfejlesztés,és Vállalati Támogatások,Több nagybefektető
2018,2097/2018,A Robert Bosch Automative Steering Korlátolt Felelősségű Társaság nagyberuházó magyarországi beruházásának kormányzati támogatásáról,1. Gazdaságfejlesztés,és Vállalati Támogatások,Több nagybefektető
2018,2098/2018,A Csaba Metál Öntödei Zártkörűen Működő Részvénytársaság nagyberuházó magyarországi beruházásának kormányzati támogatásáról,1. Gazdaságfejlesztés,és Vállalati Támogatások,Több nagybefektető
2018,2099/2018,A Közlekedés Operatív Program kapcsán az Európai Bizottság megállapításaiból adódó egyes pénzügyi korrekciós javaslatok kezeléséről,"4. Infrastruktúra,",Közlekedés és Energetika,Közlekedés Operatív Program
2018,2100/2018,A Grand Tokaj Zártkörűen Működő Részvénytársaság által kötendő peren kívüli egyezség jóváhagyásáról és az ennek végrehajtásához szükséges forrásjuttatásról,3. Állami,"Vagyongazdálkodás, Költségvetés és Közigazgatás",Grand Tokaj egyezség
2018,2101/2018,Az azonnali létszámzárlat elrendeléséről szóló 2051/2018. Korm. határozat végrehajtásával kapcsolatos egyes kérdésekről (IV.),3. Állami,"Vagyongazdálkodás, Költségvetés és Közigazgatás",Létszámzárlat
2018,2102/2018,A Ceva-Phylaxia Oltóanyagtermelő Zártkörűen Működő Részvénytársaság nagyberuházó magyarországi beruházásának kormányzati támogatásáról,1. Gazdaságfejlesztés,és Vállalati Támogatások,"Több nagybefektető, pl. BMW"
2018,2103/2018,A MOM Sensors Korlátolt Felelősségű Társaság nagyberuházó magyarországi beruházásának kormányzati támogatásáról,1. Gazdaságfejlesztés,és Vállalati Támogatások,"Több nagybefektető, pl. BMW"
2018,2104/2018,A BMW Manufacturing Hungary Korlátolt Felelősségű Társaság nagyberuházó magyarországi beruházásának kormányzati támogatásáról,1. Gazdaságfejlesztés,és Vállalati Támogatások,"Több nagybefektető, pl. BMW"
2018,2105/2018,Az azonnali létszámzárlat elrendeléséről szóló 2051/2018. Korm. határozat végrehajtásával kapcsolatos egyes kérdésekről (V.),3. Állami,"Vagyongazdálkodás, Költségvetés és Közigazgatás",Létszámzárlat
2018,2107/2018,Az azonnali létszámzárlat elrendeléséről szóló 2051/2018. Korm. határozat végrehajtásával kapcsolatos egyes kérdésekről (VI.),3. Állami,"Vagyongazdálkodás, Költségvetés és Közigazgatás",Létszámzárlat
2018,2108/2018,Az azonnali létszámzárlat elrendeléséről szóló 2051/2018.Korm. határozat végrehajtásával kapcsolatos egyes kérdésekről (VII.),3. Állami,"Vagyongazdálkodás, Költségvetés és Közigazgatás",Létszámzárlat
2018,2109/2018,Egyes budapesti beruházások előkészítéséhez és megvalósításához szükséges ingatlanok biztosításával kapcsolatos intézkedésekről,"4. Infrastruktúra,",Közlekedés és Energetika,Budapesti beruházások ingatlanjai
2018,2110/2018,A családpolitikai nemzeti konzultációról,3. Állami,"Vagyongazdálkodás, Költségvetés és Közigazgatás",Nemzeti konzultáció
2018,2111/2018,A HAUNI Hungária Gépgyártó Korlátolt Felelősségű Társaság nagyberuházó magyarországi beruházásának kormányzati támogatásáról,1. Gazdaságfejlesztés,és Vállalati Támogatások,Több nagybefektető
2018,2112/2018,A NIDEC GPM HUNGARY Korlátolt Felelősségű Társaság nagyberuházó magyarországi beruházásának kormányzati támogatásáról,1. Gazdaságfejlesztés,és Vállalati Támogatások,Több nagybefektető
2018,2113/2018,Az azonnali létszámzárlat elrendeléséről szóló 2051/2018. Korm. határozat végrehajtásával kapcsolatos egyes kérdésekről (VIII),3. Állami,"Vagyongazdálkodás, Költségvetés és Közigazgatás",Létszámzárlat
2018,2114/2018,A WTA International női tenisztorna rendezése érdekében szükséges kormányzati intézkedésekről,"6. Kultúra,","Sport, Oktatás, Egészségügy és Egyházak",Tenisztorna
2018,2115/2018,Az azonnali létszám zárlat elrendeléséről szóló 2015/2018. korm határozat végrehajtásával kapcsolatos egyes kérdésekről (IX) szóló 2115/2018. korm határozat,3. Állami,"Vagyongazdálkodás, Költségvetés és Közigazgatás",Létszámzárlat
2018,2116/2018,A Strukturálisreform-támogatási Program 2019. évi pályázati körében benyújtandó pályázatokról,"7. Külpolitika,",EU és Határon Túli Ügyek,EU Program
2018,2117/2018,A „Termelés-Logistic-Centrum” Kereskedelmi Korlátolt Felelősségű Társaság nagyberuházó magyarországi beruházásának kormányzati támogatásáról,1. Gazdaságfejlesztés,és Vállalati Támogatások,"TLC, MOL"
2018,2118/2018,A MOL Petrolkémia Zártkörűen Működő Részvénytársaság nagyberuházó magyarországi beruházásának kormányzati támogatásáról,1. Gazdaságfejlesztés,és Vállalati Támogatások,"TLC, MOL"
2018,2119/2018,Magyarország Európa Tanács Melletti Állandó Képviselete nagyköveti rezidenciájának elhelyezését szolgáló ingatlan megvásárlásához szükséges előzetes intézkedésekről,"7. Külpolitika,",EU és Határon Túli Ügyek,Európa Tanács képviselet
2018,2121/2018,A Beruházási ügynökség működésével és az állami magasépítési beruházások új rendszerével kapcsolatos feladatokról,3. Állami,"Vagyongazdálkodás, Költségvetés és Közigazgatás",Beruházási ügynökség
2018,2122/2018,"Az Európai Unió bíróságai előtt folyamatban lévő C-594/18 P. számú és T-101/18. számú, az Osztrák Köztársaság kontra Európai Bizottság ügyekbe történő beavatkozással kapcsolatos további intézkedésekről","7. Külpolitika,",EU és Határon Túli Ügyek,EU Bíróság beavatkozás
2018,2123/2018,"Az integrált kommunikációs országmárka kampány keretében kulturális művészeti rendezvények és kiadványok megvalósításáról, illetve dokumentumfilm külföldi és hazai televíziós csatornán történő elhelyezéséről szóló 2042/2017 korm. határozat., valamint a multimediális művészeti koncepció és kampány megvalósításáról szóló 2061/2018. korm. határozat módosításáról szóló 2123/2018. korm- határozat","7. Külpolitika,",EU és Határon Túli Ügyek,Országmárka kampány
2018,2124/2018,Egyes minisztériumok elhelyezésével kapcsolatos kormányzati intézkedésekről és egységes koncepció kidolgozásáról,3. Állami,"Vagyongazdálkodás, Költségvetés és Közigazgatás",Minisztériumok elhelyezése
2018,2125/2018,Az Egis Gyógyszergyár Zártkörűen Működő Részvénytársaság nagyberuházó magyarországi beruházásának kormányzati támogatásáról,1. Gazdaságfejlesztés,és Vállalati Támogatások,Több nagybefektető
2018,2126/2018,"A KOVÁCS Vegyesipari, Kereskedelmi és Szolgáltató Korlátolt Felelősségű Társaság nagyberuházó magyarországi beruházásának kormányzati támogatásáról",1. Gazdaságfejlesztés,és Vállalati Támogatások,Több nagybefektető
2018,2127/2018,Az azonnali létszámzárla elrendeléséről szóló 2051/2018. Korm. határozat végrehajtásával kapcsolatos egyes kérdésekről (X.),3. Állami,"Vagyongazdálkodás, Költségvetés és Közigazgatás",Létszámzárlat
2018,2128/2018,A Budapesti Corvinus Egyetem új működési és fenntartási modelljével kapcsolatos egyes kérdésekről,"6. Kultúra,","Sport, Oktatás, Egészségügy és Egyházak",Corvinus modell
2018,2129/2018,Az Egészségbiztosítási Alap egyensúlyának javítása érdekében végrehajtandó egyes intézkedésekről,"6. Kultúra,","Sport, Oktatás, Egészségügy és Egyházak",Egészségbiztosítási Alap
2018,2130/2018,"A Zrínyi 2026 Honvédelmi és Haderőfejlesztési Program keretében megvalósuló, a ""Földi telepítésű légvédelmi rakéta képesség fejlesztése"" érdekében kialakításra kerülő légvédelmi rakétaezred/dandár műveleti központ (SAMOC) beszerzésével kapcsolatos feladatokról","2. Honvédelem,",Rendvédelem és Nemzetbiztonság,"Zrínyi 2026, légvédelmi rakéta"
2018,2131/2018,A Modern Városok Program keretében a Veszprémi Aréna bővítésének és korszerűsítésének megvalósításához szükséges ingatlanokról,"6. Kultúra,","Sport, Oktatás, Egészségügy és Egyházak",Veszprémi Aréna
2018,2132/2018,A kormányzati informatikai beszerzések egységesítésének biztosításáról,3. Állami,"Vagyongazdálkodás, Költségvetés és Közigazgatás",Informatikai beszerzések
2018,2133/2018,A Gödön felépítés alatt álló adatközpont állami érdekű hasznosításáról,3. Állami,"Vagyongazdálkodás, Költségvetés és Közigazgatás",Gödi adatközpont
2018,2134/2018,"A Christie’s Auction House, London 2018. december 6. napi aukcióján eladásra kínált „Portrait of Princess Mary (1631-1660), daughter of King Charles I of England, full-length, in a pink dress decorated with silver embroidery and ribbons, 1641” című, Anthony van Dysk által alkotott tétel magyar állam javára történő megszerzéséhez szükséges intézkedésekről","6. Kultúra,","Sport, Oktatás, Egészségügy és Egyházak",Műkincs vásárlás
2018,2135/2018,Az azonnali létszámzárlat elrendeléséről szóló 2051/2018. Korm. határozat végrehajtásával kapcsolatos egyes kérdésekről (XI.),3. Állami,"Vagyongazdálkodás, Költségvetés és Közigazgatás",Létszámzárlat
2018,2136/2018,Az MSSL Manufacturing Hungary Korlátolt Felelősségű Társaság nagyberuházó magyarországi beruházásának kormányzati támogatásáról,1. Gazdaságfejlesztés,és Vállalati Támogatások,Több nagybefektető
2018,2137/2018,A Continental Automotive Hungary Korláltolt Felelősségű Társaság nagyberuházó magyarországi beruházásának kormányzati támogatásáról,1. Gazdaságfejlesztés,és Vállalati Támogatások,Több nagybefektető
2018,2138/2018,Az AVL AUTÓKUT Mérnöki Korlátolt Felelősségű Társaság nagybefektető magyarországi beruházásának kormányzati támogatásáról,1. Gazdaságfejlesztés,és Vállalati Támogatások,Több nagybefektető
2018,2139/2018,A PICK SZEGED Szalámigyár és Húsüzem Zártkörűen Működő Részvénytársaság nagyberuházó magyarországi beruházásának kormányzati támogatásáról,1. Gazdaságfejlesztés,és Vállalati Támogatások,Több nagybefektető
2018,2140/2018,A Soft FLOW Hungary Kutató Fejlesztő Korlátolt Felelősségű Társaság nagyberuházó magyarországi beruházásának kormányzati támogatásáról,1. Gazdaságfejlesztés,és Vállalati Támogatások,Több nagybefektető
2018,2141/2018,Az azonnali létszámzárlat elrendeléséről szóló 2051/2018 Korm. határozat végrehajtásával kapcsolatos egyes kérdésekről (XII.),3. Állami,"Vagyongazdálkodás, Költségvetés és Közigazgatás",Létszámzárlat
2018,2142/2018,A Budapest Diákváros Déli Városapu Fejlesztési Program egyes elemeinek megvalósításához szükséges ingatlanok biztosításával kapcsolatos további intézkedésekről,"4. Infrastruktúra,",Közlekedés és Energetika,Budapest Diákváros
2018,2143/2018,Kiemelt kerékpáros útvonalak fejlesztésének ütemezéséről,"4. Infrastruktúra,",Közlekedés és Energetika,Kerékpáros útvonalak
2018,2144/2018,Az azonnali létszámzárlat elrendeléséről szóló 2051/2018 Korm. határozat végrehajtásával kapcsolatos egyes kérdésekről (XII.),3. Állami,"Vagyongazdálkodás, Költségvetés és Közigazgatás",Létszámzárlat
2018,2145/2018,A Sanmina-SCI Magyarország Elektronikai Gyártó Korlátolt Felelősségű Társaság nagyberuházó magyarországi beruházásának kormányzati támogatásáról,1. Gazdaságfejlesztés,és Vállalati Támogatások,Sanmina-SCI
2018,2146/2018,"A Budapest I. kerület, belterület 6667 helyrajzi számú ingatlan állami tulajdonba vételéről",3. Állami,"Vagyongazdálkodás, Költségvetés és Közigazgatás",Ingatlan állami tulajdonba
2018,2147/2018,A Rákóczi Szövetség ingatlanvásárlásának támogatásáról,"7. Külpolitika,",EU és Határon Túli Ügyek,Rákóczi Szövetség
2018,2149/2018,Küllföldi kikötői ingatlanok és a kapcsolódó koncessziós jog megszerzéséhez szükséges intézkedésekről,"7. Külpolitika,",EU és Határon Túli Ügyek,Külföldi kikötői ingatlanok
2018,2150/2018,A Bélyegmúzeumban található egyes gyűjtemények állami tulajdonba vételéhez szükséges intézkedésekről,"6. Kultúra,","Sport, Oktatás, Egészségügy és Egyházak",Bélyegmúzeum
2018,2151/2018,Az UP és C.D Holding Internationale v. Magyarország tárgyú választottbírósági eljárásban hozott ítélet végrehajtásával kapcsolatos intézkedésekről,3. Állami,"Vagyongazdálkodás, Költségvetés és Közigazgatás",Választottbírósági ítélet
2018,2152/2018,A Magyar Export-Import Bank Zártkörűen Működő Részvénytársaság 2019. év végi konszolidált adósságállományára megállapítandó keretről,1. Gazdaságfejlesztés,és Vállalati Támogatások,EXIM Bank
2018,2154/2018,Az Andrássy Emlékmúzeum megvalósításával kapcsolatos egyes kérdésekről,"6. Kultúra,","Sport, Oktatás, Egészségügy és Egyházak",Andrássy Emlékmúzeum
2018,2155/2018,A kormányzati igazgatásról szóló törvény szerinti kormányzati igazgatási szervek álláshelyeinek besorolásáról,3. Állami,"Vagyongazdálkodás, Költségvetés és Közigazgatás",Kormányzati igazgatás
2020,2001/2020,id. Pieter Breugel: Keresztelő Szent János prédkiációja című festményére vonatkozó igényeknek az állam javára történő megszerzéséről,Other,,
2020,2003/2020,A Nemzeti Kastélyprogram részét képező geszti Tisza-kastély és környezetének rekonstrukciójához szükséges feladatokról,Other,,
2020,2004/2020,A kormányzati igazgatási iratok elektronikus levelezési címre történő küldésekor alkalmazott fokozott védelméről,Other,,
2020,2005/2020,Az informatikai biztonság megerősítéséről,Other,,
2020,2006/2020,A különleges jogrenddel összefüggő kormányzati szintű koordinációs tevékenység hatékonyabb ellátásához kapcsolódó feladatokról,5. Válságkezelés,,Különleges jogrenddel összefüggő koordináció
2020,2007/2020,"A Közép-európai Többnemzeti Hadosztály-parancsnokság ideiglenes elhelyezéséhez szükséges egyes beszerzéseknek a központosított kormányzati informatikai közbeszerzés alkalmazása, valamint a haditechnikai eszközök beszerzési tilalma alól történő egyedi mentesítéséről",Other,,
2020,2008/2020,A Valeo Auto-Electric Magyarország Gépjárműalkatrész-gyártó Korlátolt Felelősségű Társaság nagybefektető magyarországi beruházásának kormányzati támogatásáról,Other,,
2020,2009/2020,A 2019. évi egyes fejlesztéspolitikai célok teljesüléséről,Other,,
2020,2010/2020,Magyarország nem önálló képviseleteinek megnyitásához szükséges elvi jóváhagyásról,Other,,
2020,2012/2020,Egy ingatlan állami tulajdonba vétele érdekében szükséges intézkedésekről,Other,,
2020,2013/2020,A 2020. évi fejlesztéspolitikai célokról,Other,,
2020,2014/2020,A börtönbizniszről és a joggal üzletszerűen visszaélő szervezetekről szóló nemzeti konzultációról,3. Állami,"Vagyongazdálkodás, Költségvetés és Közigazgatás",Börtönbiznisz nemzeti konzultáció
2020,2015/2020,A Felvidéki Magyar Evangélikus Misszió Központ elhelyezésével kapcsolatos intézkedésekről,Other,,
2020,2016/2020,A Honvédelmi Minisztérium egyes védelmi és biztonsági feladatokkal összefüggő beszerzési eljárásainak engedélyezéséről,Other,,
2020,2017/2020,A Magyar Természettudományi Múzeum Debrecenben történő elhelyezése érdekében szükséges intézkedésekről szóló 2208/2019. Korm. határozat módosításáról,Other,,
2020,2018/2020,A borszéki Remény Szálló megvásárlásához szükséges intézkedésekről,Other,,
2020,2020/2020,"Az ENSZ Kábítószer és Bűnügyi Hivatala (UNODC) Kábítószer Bizottsága (CND) 63. ülésén megvitatásra kerülő, a kannabisz átsorolására vonatkozó határozattervezetéről",Other,,
2020,2022/2020,A Külgazdasági és Külügyminisztérium által kezelt használaton kívüli külföldi ingatlanokkal kapcsolatos intézkedésekről,Other,,
2020,2023/2020,"A budapesti városfejlesztési, várostervezési, urbanisztikai, városkutatási és közlekedéstervezési, továbbá a nemzetközi sportesemények megpályázásával és megrendezésével összefüggő kormányzati feladatok ellátásához kapcsolódó intézkedések",Other,,
2020,2024/2020,A vagyonkezelt állami tulajdonú ingatlanok használatára vonatkozó új koncepció kialakításáról,Other,,
2020,2025/2020,A Herczeg Ferenc hagyatékának gondozása érdekében szükséges intézkedésekről,Other,,
2020,2026/2020,A Budapesti Vasutas Sport Club - Zugló Közhasznú Egyesület 2020-2024. évi sportcélú létesítmény-fejlesztési programja megvalósításához szükséges ingatlanrész tulajdonjogának megszerzésével összefüggő intézkedésekről,Other,,
2020,2027/2020,A jákóhodosi és magyarberkeszi református templomok restaurálásához szükséges források biztosításáról,Other,,
2020,,"A Közlekedési Operatív Programot érintő, az Európai Bizottság megállapításaiból adódó pénzügyi korrekciós javaslat kezeléséről",Other,,
2020,2030/2020,A Beregszászi Református Egyházközség ingatlan beruházásának támogatásáról,Other,,
2020,2031/2020,A Környezeti és Energiahatékonysági Operatív Program forrásvesztésének elkerülése érdekében szükséges egyes intézkedésekről,Other,,
2020,2033/2020,A HONSA Alkatrész Kereskedlmi Korlátolt Felelősségű Társaság nagybefektető magyarországi beruházásának kormányzati támogatásáról,Other,,
2020,2034/2020,A Doosan Energy Solution Korlátolt Felelősségű Társaság nagybefektető magyarországi beruházásának kormányzati támogatásáról,Other,,
2020,2035/2020,A 2019. évben Budapesten megrendezésre került Maccabi Európa Játékokat követő közösségi programok támogatásáról,Other,,
2020,2036/2020,A Budapesti Vasutas Sport Club - Zugló Közhasznú Egyesület 2020-2024. évi sportcélú létesítmény-fejlesztési programja megvalósításához szükséges intézkedésekről,Other,,
2020,2037/2020,A személyazonosító igazolvány biztonságának megerősítéséről és az ehhez szükséges források biztosításáról,"2. Honvédelem,",Rendvédelem és Nemzetbiztonság,Személyi igazolvány biztonsága
2020,2038/2020,Földgázbeszerzési kérdésekről,Other,,
2020,2039/2020,A Deufol Hungary Korlátolt Felelősségű Társaság és a Deufol Hungary Real Estate Korlátolt Felelősségű Társaság nagybefektetők magyarországi beruházásának kormányzati támogatásáról,Other,,
2020,2040/2020,A Tungsram Operations Korlátolt Felelősségű Társaság nagybefektető magyarországi beruházásának kormányzati támogatásáról,Other,,
2020,2041/2020,A közvetlen irányítású európai uniós programokban való magyar részvétel növeléséről,"7. Külpolitika,",EU és Határon Túli Ügyek,EU programokban részvétel
2020,2042/2020,"A Budapest-Belgrád vasútfejlesztési projekt magyarországi szakaszához kapcsolódó, a Kínai Eximbankkal megkötendő finanszírozási megállapodás jóváhagyásáról",Other,,
2020,2043/2020,A Kormány határozataiban a külgazdasági és külügyminiszter számára meghatározott eges feladatok visszavonásáról,Other,,
2020,2044/2020,A Schaeffler Savaria Korlátolt Felelősségű Társaság nagybefektető magyarországi beruházásának kormányzati támogatásáról,Other,,
2020,2045/2020,A thyssenkrupp Components Technology Hungary Korlátolt Felelősségű Társaság nagybefektető magyarországi beruházásának kormányzati támogatásáról,Other,,
2020,2046/2020,A Hanon Systems Hungary Korlátolt Felelősségű Társaság és a Hanon Systems Auto Parts Hungary Korlátolt Felelősségű Társaság nagybefektetők magyarországi beruházásának kormányzati támogatásáról,Other,,
2020,2047/2020,A Mathias Corvinus Collegium tehetséggondozási programjának támogatásához szükséges intézkedésekről,Other,,
2020,2048/2020,"Az Eszék, Jagera utca 2. szám alatti ingatlan megvásárlásához szükséges intézkedésekről",Other,,
2020,2049/2020,A Nemzeti Kastélyprogrm és Nemzeti Várprogram részét képező egyes projektek mérföldköveinek meghatározásáról,Other,,
2020,2050/2020,"Az Eszék, Istarska utca 2. szám alatti ingatlan megvásárlásával kapcsolatos intézkedésekről",Other,,
2020,2051/2020,"Az új felszámolói névjegyzék felállításáról, a névjegyzékbe történő felvétel pályázati feltételeiről",Other,,
2020,2052/2020,"Az Eszék, Stjepana Radica utca 20. szám alatti ingatlan vásárlásával kapcsolatos intézkedésekről",Other,,
2020,,A VIASTEIN Korlátolt Felelősségű Társaság nagybefektető magyarországi beruházásának kormányzati támogatásáról,Other,,
2020,2055/2020,A 2024. évi Sakkolimpia és a Nemzetközi Sakkszövetség (FIDE) 2024. évi Kongresszusa rendezési jogának elnyerésére irányuló pályázattal kapcsolatos kormányzati intézkedésekről,Other,,
2020,2056/2020,"A Szlovákia, Besztercebánya, Horná 5. szám alatti ingatlan vásárlásával kapcsolatos intézkedésekről",Other,,
2020,2057/2020,A Belső Biztonsági Alap 2019. évi fejlesztéspolitikai céljainak teljesüléséről,Other,,
2020,2058/2020,A Yaris Kabin Hungary Korlátolt Felelősségű Társaság nagybefektető magyarországi beruházásának kormányzati támogatásáról,Other,,
2020,2059/2020,Szlovéniai ingatlanok megvásárlásával kapcsolatos intézkedésekről,Other,,
2020,2060/2020,Az Állami Egészségügyi Ellátó Központ központi raktárába beszállításra került védőeszközök egészségügyi szolgáltatói körön kívüli kiadásának szabályairól,Other,,
2020,2061/2020,"A Magyarország Európai Unió melletti Állandó képviselete élén álló állandó képviselő, rendkívüli és meghatalmazott nagykövet elhelyezését szolgáló ingatlan felújításáról",Other,,
2020,2062/2020,Debrecen 2030-ig szóló fejlesztési koncepciójának megvalósításáról,Other,,
2020,2063/2020,Egy budapesti ingatlan állami tulajdonba vételéhez szükséges intézkedésekről,Other,,
2020,2064/2020,Az államilag elismert sportakadémiák támogatásához szükséges forrás biztosításáról,Other,,
2020,2066/2020,"A Sick Fejlesztő, Termelő és Kereskedelmi Korlátolt Felelősségű Társaság nagybefektető magyarországi beruházásának kormányzati támogatásáról",Other,,
2020,2067/2020,"A Gazdaságvédelmi Akcióterv keretében a koronavírus világjárvány gazdasági hatásainak mérséklése, valamint a magyarországi vállalkozások versenyképességének növelése érdekében tervezett határon túli beruházások megvalósításához szükséges intézkedésekről",5. Válságkezelés,,Gazdaságvédelmi Akcióterv - koronavírus hatásai
2020,2068/2020,A haditechnikai eszköz beszerzések tilalmának azonnali elrendeléséről szóló 2105/2019. számú Korm. határozat visszavonásáról,Other,,
2020,2069/2020,A közepes szállítórepülőgépek fenntartása 2020-2025 tárgyú beszerzési eljárás eredményeként kötendő szerződéssel kapcsolatos kötelezettségvállalás előzetes jóváhagyásáról,Other,,
2020,2070/2020,A Gazdaságvédelmi Akcióterv keretében a gazdaságfejlesztési programok folytatásához szükséges intézkedésekről és gazdaságvédelmi célokkal való összehangolásáról,5. Válságkezelés,,Gazdaságvédelmi Akcióterv
2020,2071/2020,A védelmi fejlesztésekért felelős kormánybiztos feladatainak ellátásához szükséges feltételek biztosításáról,Other,,
2020,2072/2020,Az erdélyi magyar nyelvű média támogatása érdekében szükséges intézkedésekről,Other,,
2020,2073/2020,A Mektec Manufacturing Corporation Europe HU Korlátolt Felelősségű Társaság nagybefektető magyarországi beruházásának kormányzati támogatásáról,Other,,
2020,2074/2020,A MALÉV GH Földi Kiszolgáló Zártkörűen Működő Részvénytársasággal kapcsolatban szükséges stratégiai döntésekről,Other,,
2020,2075/2020,"A Soroksár – Kelebia országhatár vasútvonal újjáépítése tárgyú projekt megvalósításával összefüggő, valamint a projekthez szorosan kapcsolódó, a MÁV Zrt. hatáskörébe utalt szakmai feladatokról és azok ellátásához szükséges forrás biztosításáról",Other,,
2020,2077/2020,A Magyar Tenisz Szövetség támogatása érdekében szükséges kormányzati intézkedésekről,Other,,
2020,,"Az ""Augusztus 20-i tűzijáték"" és a Szent István Napi programsorozat támogatásáról",Other,,
2020,2079/2020,Multimediális kampány megvalósításáról,Other,,
2020,2080/2020,Szálláshelyek országos fejlesztéséről,Other,,
2020,2081/2020,A Magyar Művészeti Akadémia stratégiai fejlesztési programja támogatásáról,Other,,
2020,2082/2020,Az AVL Hungary Korlátolt Felelősségű Társaság nagybefektető magyarországi beruházásának kormányzati támogatásáról,Other,,
2020,2084/2020,A Gazdaságvédelmi Akcióterv keretében a gazdaságfejlesztési programok folytatásához szükséges intézkedésekről és gazdaságvédelmi célokkal való összehangolásáról szóló 2070/2020. Korm. határozatban foglaltakon túli gazdaságfejlesztési programok megvalósítása érdekében szükséges intézkedésekről,Other,,
2020,2085/2020,Az országos egészségügyi ellátás magas színvonalú biztosítása érdekében szükséges egyes további intézkedésekről,5. Válságkezelés,,Gazdaságvédelmi Akcióterv
2020,2086/2020,"Az élet- és vagyonbiztonságot veszélyeztető tömeges megbetegedést okozó humánjárvány megelőzése, illetve következményeinek elhárítása, a magyar állampolgárok egészségének és életének megóvása érdekében szükséges intézkedésekhez szükséges további források biztosításáról",Other,,
2020,2087/2020,"Védelmi és biztonsági feladatokkal összefüggő, a Magyar Honvédség Parancsnoksága beszerzési igényének jóváhagyásáról",Other,,
2020,2088/2020,"Védelmi és biztonsági feladatokkal összefüggő, a Nemzeti Szakértő és Kutató Központ beszerzési igényének jóváhagyásáról",Other,,
2020,2089/2020,"Védelmi és biztonsági feladatokkal összefüggő, a Nemzeti Kulturális Örökség Védelmi Nonprofit Kft. beszerzési igényének jóváhagyásáról",Other,,
2020,2090/2020,"A KÖFOP-1.0.0-VEKOP-15-2019-00057 azonosítós számú („Az informatikai beszerzések központosítását támogató rendszer továbbfejlesztése, bővítése (Integrált DKÜ Portál Rendszer"" című) projekttel összefüggésben a Digitális Kormányzati Ügynökség Zártkörűen Működő Részvénytársaság biztosítéknyújtási kötelezettség alóli egyedi mentesítéséről",Other,,
2020,2091/2020,Egyes kassai ingatlanok megvásárlásával kapcsolatos intézkedésekről,Other,,
2020,2092/2020,East-West Intermodális Logisztikai Szolgáltató Zártkörűen Működő Részvénytársaság nagybefektető magyarországi beruházásának kormányzati támogatásáról,Other,,
2020,2093/2020,A szakképzésben oktató és más alkalmazottak 2020. évre vonatkozó bérfejlesztéséről,Other,,
2020,2094/2020,A koronavírussal kapcsolatos nemzeit konzultációról,5. Válságkezelés,,Koronavírus nemzeti konzultáció
2020,2095/2020,"„Az Online Számla rendszer és a számla adatszolgáltatás kapcsán érintett további rendszerek továbbfejlesztése, az eÁFA rendszer fejlesztése, valamint a működéshez szükséges infrastruktúra bővítése” tárgyú beszerzési eljárással kapcsolatos egyes döntések meghozataláról",Other,,
2020,2096/2020,Egyes sportszervezetek támogatásával kapcsolatos intézkedésekről,Other,,
2020,2097/2020,Egyes felsőoktatási intézmények bérfejlesztéséhez szükséges forrás biztosításáról,Other,,
2020,2100/2020,A Neumann János Egyetemért Alapítvány és a Neumann János Egyetem működéséhez szükséges feltételek és források biztosításáról,Other,,
2020,2103/2020,A Linamar Hungary Autóipari és Gépgyártó Zártkörűen Működő Részvénytársaság nagybefektető magyarországi beruházásának kormányzati támogatásáról,Other,,
2020,,A Nemzeti Hauszmann Program II. ütemének megvalósításáról és a végrehajtáshoz szükséges 2020-2023. évi források biztosításáról,Other,,
2020,2106/2020,A pedagógusok ellen elkövetett iskolai bántalmazás megszüntetése és megelőzése érdekében szükséges intézkedésekről,Other,,
2020,2107/2020,A Közlekedési Operatív Program zárása vonatkozásában az Önkormányzati kedvezményezettek körében felmerült szabálytalanságokból adódó egyes pénzügyi korrekkciók rendezési módjáról,Other,,
2020,2108/2020,A 2020. évi UEFA Szuperkupa-döntő megrendezése érdekében pályázat benyújtásához szükséges kormányzati intézkedésekről,Other,,
2020,2109/2020,A Kulturális intézményekben foglalkoztatottak bérrendezésének forrásigényéről,Other,,
2020,2110/2020,"Védelmi és biztonsági feladatokkal összefüggő, a Büntetés-végrehajtás Országos Parancsnoksága igényének jóváhagyásáról",Other,,
2020,2111/2020,"Védelmi és biztonsági feladatokkal összefüggő, az Alkotmányvédelmi Hivatal igényének jóváhagyásáról",Other,,
2020,2112/2020,"Védelmi és biztonsági feladatokkal összefüggő, a Készenléti Rendőrség igényének jóváhagyásáról",Other,,
2020,2113/2020,"Védelmi és biztonsági feladatokkal összefüggő, a Magyar Honvédség Parancsnoksága beszerzési igényének jóváhagyásáról",Other,,
2020,2114/2020,"Védelmi és biztonsági feladatokkal összefüggő, a Készenléti Rendőrség beszerzési igényének jóváhagyásáról",Other,,
2020,2115/2020,Egyes földgáztárolási kérdésekről,Other,,
2020,2116/2020,"A honvédelmi területen megvalósuló ipari, innovációs és egyéb fejlesztésekről",Other,,
2020,2117/2020,"A Szlovákia 04001, Kassa, Alzbetina 2. szám alatti ingatlan megvásárlásához szükséges intézkedésekről, valamint egyes ingatlanvásárlással kapcsolatos kormányhatározatok módosításáról és visszavonásáról",Other,,
2020,2118/2020,Egyszeri rendkívüli juttatásnak egyes egészségügyi dolgozók részére történő biztosításáról,5. Válságkezelés,,Egészségügyi dolgozók rendkívüli juttatása
2020,2119/2020,"Magyarország légiközlekedési iparának fejlesztéséről, továbbá az AIRBUS HELICOPTERS S.A.S. magyarországi zöldmezős beruházásához kapcsolódó magyar állami részvételről, valamint annak megvalósításához szükséges intézkedésekről",Other,,
2020,2120/2020,A Kárpát-medencei Művészeti Tematikus Népfőiskola részére történő ingatlanvásárlás II. üteméhez és egyes kapcsolódó feladatokhoz szükséges forrás biztosításáról,Other,,
2020,2121/2020,A Magyar Természettudományi Múzeum költözésének előkészítéséhez szükséges többletforrás biztosításáról,Other,,
2020,2122/2020,A Színház- és Filmművészeti Egyetem bérfejlesztéséhez kapcsolódó forrás biztosításáról,Other,,
2020,2123/2020,"Az Alapjogokért Központ ingatlanszerzéséhez, valamint működéséhez szükséges támogatárokról",Other,,
2020,2124/2020,Az INZI Controls Hungary Korlátolt Felelősségű Társaság nagybefektető magyarországi beruházásának kormányzati támogatásáról,Other,,
2020,2125/2020,A 2020. évi UEFA Szuperkupa-döntő Budapesten történő megrendezéséhez szükséges kormányzati intézkedésekről,Other,,
2020,2126/2020,A Magyar Posta Zártkörűen Működő Részvénytársaságnak az MPF Felügyeleti Szolgáltató Korlátolt Felelősségű Társaságban fennálló tulajdonosi részesedésének megvásárlásáról,Other,,
2020,2127/2020,a Herczeg Ferenc Emlékház létrehozásához szükséges feladatokról,Other,,
2020,,"A Károlyi–Csekonics Palotaegyüttes felsőoktatási célú hasznosítása érdekében történő átfogó, állagmegóvó felújításával összefüggő kivitelezési munkák, valamint a felújításhoz kapcsolódó egyéb feladatok többletforrásának biztosításáról",Other,,
2020,2129/2020,Az egyházi fenntartók kiegészítő állami támogatásáról,Other,,
2020,2130/2020,"A SARS-CoV-2 koronavírus elleni védekezés és a COVID-19 betegség gyógyítása céljából beszerzett többletkapacitások értékesítéséről, valamint az Állami Egészségügyi Ellátó Központ központi raktárába beszállításra került védőeszközök egészségügyi szolgáltatói körön kívüli kiadásának szabályairól szóló 2060/2020. Korm. határozat járványügyi készültség során történő alkalmazásáról",5. Válságkezelés,,COVID-19 védőeszközök értékesítése/kiadása
2020,2132/2020,"A gyorsforgalmi úthálózat fejlesztésére, felújítására és üzemeltetésére vonatkozó finanszírozási modellváltásról",Other,,
2020,2133/2020,Az adattároló központ felújításával kapcsolatos beruházás előkészítéséhez szükséges források biztosításáról szóló 2065/2019. Korm. határozat módosításáról,Other,,
2020,2134/2020,Egyes honvédelmi tárgyú beszerzési eljárások eredményeként kötendüő szerződésekkel kapcsolatos kötelezettségvállalások előzetes jóváhagyásáról,Other,,
2020,2135/2020,Az egyes köztulajdonban álló közszolgáltató társaságok működőképességéhez szükséges finanszírozási igény ütemezett biztosításáról,Other,,
2020,2136/2020,Az Országos Gyógyszerészeti és Élelmezés-egészségügyi Intézet elhelyezéséről,Other,,
2020,2137/2020,Egészségügyi feladatokat ellátó szervek elhelyezését biztosító beruházással kapcsolatos intézkedésekről,Other,,
2020,2138/2020,A Robert Bosch Energy and Body Systems Gépjárműelektromossági Alkatrész Gyártó és Forgalmazó Korlátolt Felelősségű Társaság nagybefektető magyarországi beruházásának kormányzati támogatásáról,Other,,
2020,2139/2020,A Flextronics International Termelő és Szolgáltató Vámszabadterületi Korlátolt Felelősségű Társaság nagybefektető magyarországi beruházásának kormányzati támogatásáról,Other,,
2020,2140/2020,A Mathias Corvinus Collegium tehetséggondozási programjának végrehajtásához szüksége további intézkedésekről,Other,,
2020,2141/2020,Energetikai tranzakciókról,Other,,
2020,2142/2020,A településeket és térségeket érintő kiemelt fejlesztések érdekében szükséges szervezeti intékedésekről,Other,,
2020,2144/2020,Védelmi és biztonsági feladatokkal összefüggő a Magyar Honvédség Parancsnoksága igényeinek jóváhagyásáról,Other,,
2020,2145/2020,"Védelmi és biztonsági feladatokkal összefüggő, a Magyar Honvédség Parancsnoksága igényének jóváhagyásáról",Other,,
2020,2146/2020,"Védelmi és biztonsági feladatokkal összefüggő, a Magyar Honvédség Parancsnoksága igényének jóváhagyásáról",Other,,
2020,2147/2020,"Védelmi és biztonsági feladatokkal összefüggő, a Katonai Nemzetbiztonsági Szolgálat igényének jóváhagyásáról",Other,,
2020,2148/2020,"Védelmi és biztonsági feladatokkal összefüggő, a Készenléti Rendőrség igényének jóváhagyásáról",Other,,
2020,2149/2020,"Védelmi és biztonsági feladatokkal összefüggő, a Nemzeti Adó- és Vámhivatal igényeinek jóváhagyásáról",Other,,
2020,2150/2020,"Védelmi és biztonsági feladatokkal összefüggő, az NKÖV Nemzeti Kulturális Örökség Védelmi Nonprofit Kft. igényének jóváhagyásáról",Other,,
2020,,"Védelmi és biztonsági feladatokkal összefüggő, az Országos Rendőr-főkapitányság igényének jóváhagyásáról",Other,,
2020,2152/2020,"Védelmi és biztonsági feladatokkal összefüggő, az Országos Rendőr-főkapitányság igényének jóváhagyásáról",Other,,
2020,2154/2020,A Győr és Dunaszerdahely (Dunajská Streda) közötti közúti kapcsolato fejlesztéséről,Other,,
2020,2155/2020,A Pepkor Hungary Korlátolt Felelősségű Társaság és a Pepkor Ingatlan Korlátolt Felelősségű Társaság nagybefektetők magyarországi beruházásának kormányzati támogatásáról,Other,,
2020,2157/2020,A koronavírus-világjárvány eleni védekezésre tekintettel az Innovácós és Technológiai Minisztérium fejezetnél felmerült egyes többletkiadások fedezetének biztosításáról,5. Válságkezelés,,Koronavírus-védekezés miatti többletkiadások
2020,2158/2020,A borszéki Stoica villa és a trencsénteplici Vlára hotel megvásárlásához szükséges intézkedésekről,Other,,
2020,2159/2020,A turisztikai tárhelyszolgáltató rendszer kialakításához szükséges intézkedésekről,Other,,
2020,2160/2020,A szálláshelyek országos fejlesztéséről szóló 2080/2020. Korm. határozat módosításáról,Other,,
2020,2162/2020,"A védelmi és iztonsági feladatokkal összefüggő, a Magyar Honvédség Parancsnoksága beszerzési igényeinek jóváhagyásáról",Other,,
2020,2163/2020,"A honvédelmi területen megvalósuló ipari, innovációs és egyéb fejlesztések megvalósításához szükséges ingatlanok megszerzéséről",Other,,
2020,2164/2020,"A Moszkvai Kulturális, Tudományos és Tájékoztatási Központ épületének teljeskörű felújításával és átalakításával kapcsolatos intézkedésről",Other,,
2020,2165/2020,Az Egészségipari Stratégia intézkedései és a COVID-19 veszélyhelyzet tapasztalatainak összefüggéseiről,Other,,
2020,2166/2020,A Magyar Államkincstár Közigazgatás- és Közszolgáltatás-fejlesztés Operatív Program keretében megvalósított projektjei vonatkozásában szükséges intézkedésekről,Other,,
2020,2167/2020,A Családi és Anyakönyvi Rendszer eszközeinek amortizációs cseréje érdekében szükséges forrásbiztosításról,Other,,
2020,2168/2020,"A koronavírus-világjárvány elleni védekezés érdekében végzett feladatokról, valamint az ezekre tekintettel az Innovációs és Technológiai Minisztérium fejezetnél felmerült többletkiadások fedezetének biztosításáról",Other,,
2020,2169/2020,"A koronavírus-világjárvány elleni védekezés érdekében végzett feladatokról, valamint az ezekre tekintettel az Emberi Erőforrások Minisztériuma fejezetnél felmerült többletkiadások fedezetének biztosításáról",Other,,
2020,2170/2020,A Magyarország Ankarai Nagykövetség rezidencia épületének teljeskörű rekonstrukciója és egy új hivatali épület építése és ennek kapcsán felmerülő egyéb munkálatokkal kapcsolatos intézkedésekről,Other,,
2020,2171/2020,"A Nemzeti Köznevelési Infrastruktúra Fejlesztési Program III. ütemének keretében megvalósuló tornaterem-beruházások előkészítésének a Beruházás Előkészítési Alapból történő támogatásáról szóló 1306/2020. (VI. 12.) Korm. határozat módosításához, valamint Aba Község Önkormányzata résére társasági adóból biztosított önerő biztosításához kapcsolódó intézkedésekről",Other,,
2020,2172/2020,"A koronavírussal kapcsolatos nemzeti konzultáció további kommunikációs feladatainak ellátása, valamint a ""Vegyél hazait!"" agrárkampány megvalósításához szükséges források biztosításáról",Other,,
2020,2173/2020,A mezőgazdasági fóliahulladék gyűjtésével összefüggő egyes kormányzati intézkedésekről,Other,,
2020,,Az egyes honvédelmi tárgyú beszerzési eljárások eredményeként kötendő szerződésekkel kapcsolatos kötelezettségvállalások előzetes jóváhagyásról szóló 2134/202. kormányhatározat módosításáról,Other,,
2020,2175/2020,"A Nemzeti Közszolgálati Egyetem hadtudományi- és honvédtisztképzésének elhelyezéséhez, a Ludovika Címpus állami beruházáshoz, valamint további kapcsolódó feladatok megvalósításához szükséges intézkedésekről és a források biztosításáról",Other,,
2020,2177/2020,A STEAM COOK Termelő és Szolgáltató Korlátolt Felelősségű Társaság nagybefektető magyarországi beruházásának kormányzati támogatásáról,Other,,
2020,2178/2020,A Terrorelhárítási Központ igényének védelmi és biztonsági feladatokkal összefüggő jóváhagyásáról,Other,,
2020,2179/2020,Az Országos Rendőr-főkapitányság védelmi és biztonsági feladatokkal összefüggő igényének jóváhagyásáról,Other,,
2020,2180/2020,A Nemzetbiztonsági Szakszolgálat védelmi és biztonsági feladatokkal összefüggő igényének jóváhagyásáról,Other,,
2020,2181/2020,A Magyar Honvédség Modernizációs Intézet védelmi és biztonsági feladatokkal összefüggő igényének jóváhagyásáról,Other,,
2020,2182/2020,Az Információs Hivatal védelmi és biztonsági feladatokkal összefüggő igényének jóváhagyásáról,Other,,
2020,2183/2020,A Fejér Megyei Rendőr-főkapitányság védelmi és biztonsági feladatokkal összefüggő igényének jóváhagyásáról,Other,,
2020,2184/2020,A Büntetés-végrehajtás Országos Parancsnoksága védelmi és biztonsági feladatokkal összefüggő igényeinek jóváhagyásáról,Other,,
2020,2186/2020,A Garantiqa Hitelgarancia Zártkörűen Működő Részvénytársaság tőkeemeléséhez szükséges forrás biztosításáról,Other,,
2020,2187/2020,Az államilag elismert sportakadémiák sportszakmai működésének támogatásához szükséges forrás biztosításáról,Other,,
2020,2189/2020,A Katonai Nemzetbiztonsági Szolgálat védelmi és biztonsági feladatokkal összefüggő beszerzési igényének jóváhagyásáról,Other,,
2020,2190/2020,A Magyar Honvédség Parancsnoksága védelmi és biztonsági feladatokkal összefüggő beszerzési igényének jóváhagyásáról,Other,,
2020,2191/2020,A Magyar Honvédség Parancsnoksága védelmi és biztonsági feladatokkal összefüggő igényeinek jóváhagyásáról,Other,,
2020,2192/2020,A Nemzeti Koncessziós Iroda létrehozásával összefüggő intézkedésekről,Other,,
2020,2193/2020,Az agrárigazgatás gépjármű flotta beszerzéséhez igényelt többlettámogatásról,Other,,
2020,2194/2020,A szálláshelyek országos fejlesztéséről szóló 2080/2020. Korm. határozat módosításáról,Other,,
2020,2195/2020,A KRÉTA rendszerrel megvalósítandó automatizált kontaktuskutatás és automatizált lokális beavatkozó rendszer kialakításáról,Other,,
2020,2196/2020,"Az ""Augusztus 20-i tűzijáték"" és a Szent István Napi programsorozattal kapcsolatos egyes kérdésekről",Other,,
2020,2197/2020,A váeosmajori közparkfejlesztés megvalósításához szükséges ingatlanok biztosításával kapcsolatos intézkedésekről,Other,,
2020,2198/2020,A Samsung SDI Magyarország Gyártó és Értékesítő Zártkörűen Működő Részvénytársaság nagybefektető magyarországi beruházásának kormányzati támogatásáról,Other,,
2020,2199/2020,A Bumchun Precision Hungary Korlátolt Felelősségű Társaság nagybefektető magyarországi beruházásának kormányzati támogatásáról,Other,,
2020,2200/2020,A Pannon Növényolajgyártó Korlátolt Felelősségű Társaság nagybefektető magyarországi beruházásának kormányzati támogatásáról,Other,,
2020,,A Stadler Szolnok Vasúti Járműgyártó Korlátolt Felelősségű Társaság nagybefektető magyarországi beruházásának kormányzati támogatásáról,Other,,
2020,2202/2020,Magyarország Európai Unió melletti Állandó Képviseletén egyes kiemelt szakfeladatokhoz kapcsolódóan diplomata állomány megerősítéséről és a Brüsszelben létesítendő Európai Értékek Irodáról,Other,,
2020,2203/2020,Az Innovációs és Technológiai Minsztérium nemzetgazdasági szakpolitikát támogató feladatainak ellátásához szükséges fedezet biztosításáról,Other,,
2020,2204/2020,Az MFB Magyar Fejlesztési Bank Zártkörűen Működő Részvénytársaság tőkehelyzetének stabilitásához szükséges forrás biztosításáról,Other,,
2020,2205/2020,Az egyes turisztikai célú fejlesztések megvalósításának támogatásáról,Other,,
2020,2206/2020,Az egyes turisztikai célú fejlesztések előkészítésének támogatásáról,Other,,
2020,2207/2020,A Magyar Honvédség Parancsnoksága védelmi és biztonsági feladatokkal összefüggő igényének jóváhagyásáról,Other,,
2020,2208/2020,A Jász-Nagykun-Szolnok Megyei Rendőr-főkapitányság védelmi és biztonsági feladatokkal összefüggő igényének jóváhagyásáról,Other,,
2020,2209/2020,A Készenléti Rendőrség védelmi és biztonsági feladatokkal összefüggő igényének jóváhagyásáról,Other,,
2020,2210/2020,A Büntetés-végrehajtás Országos Parancsnoksága védelmi és biztonsági feladatokkal összefüggő igényeinek jóváhagyásáról,Other,,
2020,2211/2020,A Honvédelmi Minisztérium ARMCOM Kommunikációtechnikai Zártkörűen Működő Részvénytársaság védelmi és biztonsági feladatokkal összefüggő igényeinek jóváhagyásáról,Other,,
2020,2212/2020,A Nemzetbiztonsági Szakszolgálat védelmi és biztonsági feladatokkal összefüggő igényének jóváhagyásáról,Other,,
2020,2213/2020,A Magyar Honvédség Parancsnoksága védelmi és biztonsági feladatokkal összefüggő igényének jóváhagyásáról,Other,,
2020,2214/2020,A Terrorelhárítási Központ védelmi és biztonsági feladatokkal összefüggő igényeinek jóváhagyásáról,Other,,
2020,2215/2020,"A Budapest I. került, belterület 14357 helyrajzi számú, természetben a 1015 Budapest, I. került, Csónak utca 1. szám alatti ingatlan (Lónyay-Hatvany villa) tulajdonjogának a Magyar Állam javára történő megszerzéséről",Other,,
2020,2216/2020,A kiemelt fejlesztési igények érvényesítésével kapcsolatos eljárásrendről,Other,,
2020,2217/2020,A kiemelt fejlesztési igények érvényesítésével kapcsolatos intézkedésekről,Other,,
2020,2218/2020,Az Alkotmányvédelmi Hivatal védelmi és biztonsági feladatokkal összefüggő igényeinek jóváhagyásáról,Other,,
2020,2219/2020,Az Országos Rendőr-főkapitányság védelmi és biztonsági feladatokkal összefüggő igényeinek jóváhagyásáról,Other,,
2020,2220/2020,Az Európai Unió által koordinált COVID-19 oltóanyag közbeszerzésben való részvételéhez kapcsolódó egyes intézkedésekről,5. Válságkezelés,,COVID-19 oltóanyag közbeszerzés
2020,2221/2020,A Büntetés-végrehajtás Országos Parancsnoksága védelmi és biztonsági feladatokkal összefüggő igényének jóváhagyásáról,Other,,
2020,2222/2020,A Magyar Honvédség Parancsnoksága védelmi és biztonsági feladatokkal összefüggő igényeinek jóváhagyásáról,Other,,
2020,2223/2020,A szálláshelyek országos fejlesztéséről szóló 2080/2020. Korm. határozat módosításáról,Other,,
2020,2225/2020,A Flisom Hungary Korlátolt Felelősségű Társaság nagybefektető magyarországi beruházásának kormányzati támogatásáról,Other,,
2020,2226/2020,A REACT EU forrás vonatkozásában az Európai Bizottsággal történő tárgyalásokhoz szükséges intézkedésekről,Other,,
2020,,A Budapesti Vasutas Sport Club-Zugló Közhasznú Egyesület 2020–2024. évi sportcélú létesítményfejlesztési programja megvalósításához szükséges intézkedésekről szóló 2036/2020. Korm. határozat módosításáról,Other,,
2020,2228/2020,A magán egészségügyi szolgáltatók adatszolgáltatásával és a vonatkozó adatok cseréjével kapcsolatos egyes feladatokról,Other,,
2020,2229/2020,Az információbiztonsági tudatosság növeléséhez szükséges intézkedésekről,Other,,
2020,2230/2020,A Bay Zoltán Alkalmazott Kutatási Közhasznú Nonprofit Korlátolt Felelősségű Társaság védelmi és biztonsági feladatokkal összefüggő igényének jóváhagyásáról,Other,,
2020,2231/2020,A Magyar Honvédség Parancsnoksága védelmi és biztonsági feladatokkal összefüggő igényeinek jóváhagyásáról,Other,,
2020,2232/2020,"Védelmi és biztonsági feladatokkal összefüggő, Magyar Honvédség Parancsnoksága igényeinek jóváhagyásáról",Other,,
2020,2233/2020,A Somogy Megyei Katasztrófavédelmi Igazgatóság védelmi és biztonsági feladatokkal összefüggő igényének jóváhagyásáról,Other,,
2020,2234/2020,A Klíma- és Természetvédelmi Akcióterv 4-8. pontjának végrehajtása kapcsán hozott döntésekről és feladattűzésekről,Other,,
2020,2235/2020,A Klíma- és Természetvédelmi Akcióterv 4. pontjának végrehajtása érdekében a kis- és középvállalkozások megújuló energiatermelésének támogatásáról,Other,,
2020,2236/2020,A Klíma- és Természetvédelmi Akcióterv 6. - tíz év alatt meghatszorozzuk a naperőművek kapacitását című pontjának végrehajtása érdekében szükséges források rendelkezésre állásának felülvizsgálatáról,Other,,
2020,2238/2020,A Puskás Aréna közlekedésbiztonsági kérdéseiről,Other,,
2020,2239/2020,A Gazdaságvédelmi Akcióterv keretében a turisztikai szektor működésének támogatásához szükséges intézkedésekről,Other,,
2020,2240/2020,A Magyarország nem önálló képviseleteinek megnyitásához szükséges elvi jóváhagyásról szóló 2010/2020. Korm. határozat módosításáról,Other,,
2020,2241/2020,Az energiahatékonysági kötelezettségi rendszer hazai bevezetéséhez szükséges finanszírozási feltételek megteremtéséről,Other,,
2020,2242/2020,Az NTT Manufacturing Korlátolt Felelősségű Társaság nagybefektető magyarországi beruházásának kormányzati támogatásáról,Other,,
2020,2243/2020,A Flowserve Hungary Services Korlátolt Felelősségű Társaság nagybefektető magyarországi beruházásának kormányzati támogatásáról,Other,,
2020,2244/2020,A Nemzeti Adó- és Vámhivatal védelmi és biztonsági feladatokkal összefüggő igényeinek jóváhagyásáról,Other,,
2020,2245/2020,A Fejér Megyei Rendőr-főkapitányság védelmi és biztonsági feladatokkal összefüggő igényének jóváhagyásáról,Other,,
2020,2246/2020,A Készenléti Rendőrség védelmi és biztonsági feladatokkal összefüggő igényének jóváhagyásáról,Other,,
2020,2247/2020,A Terrorelhárítási Központ védelmi és biztonsági feladatokkal összefüggő igényeinek jóváhagyásáról,Other,,
2020,2248/2020,A Budapesten működő nemzetközi szervezetek központjának kialakításáról,Other,,
2020,2249/2020,A Nemzeti Adó- és Vámhivatal védelmi és biztonsági feladatokkal összefüggő igényének jóváhagyásáról,Other,,
2020,2250/2020,A Magyar Honvédség Parancsnoksága védelmi és biztonsági feladatokkal összefüggő igényének jóváhagyásáról,Other,,
2020,2251/2020,A Terrorelhárítási Központ védelmi és biztonsági feladatokkal összefüggő igényeinek jóváhagyásáról,Other,,
2020,,Az Európai Bizottság Technikai Támogatási Eszköze 2021. évi pályázati körében benyújtani javasolt pályázatokról,Other,,
2020,2254/2020,A Millenáris Tudományos Kulturális Alapítvány részére történő vagyoni juttatásról,Other,,
2020,2255/2020,Az Európai Unió által koordinált COVID-19 oltóanyag közbeszerzésben való részvételéhez kapcsolódó kérdésekről,Other,,
2020,2256/2020,"A Polgári Művelődésért Oktatási, Kulturális és Tudományos Alapítvány részére történő vagyoni juttatásról",Other,,
2020,2257/2020,A Budapesti Műszaki és Gazdaságtudományi Egyetem „V2” megjelölésű épületének bontásával kapcsolatos intézkedésekről szóló 2211/2019. Korm. határozat visszavonásáról,Other,,
2020,2258/2020,A magyarországi vállalkozások versenyképességének növelése érdekében tervezett határon tóli beruházások támogatásához szükséges további források biztosításáról,Other,,
2020,2259/2020,"A Szlovákia, Besztercebánya, Horná 5. szám alatti ingatlan vásárlásával kapcsolatos intézkedésekről szóló 2056/2020. Korm. határozat módosításáról",Other,,
2020,2260/2020,A Magyarországnak az Eurázsiai Fejlesztési Bankhoz történő csatlakozásával kapcsolatos egyes feladatokról,Other,,
2020,2261/2020,A külgazdasági és külügyminiszter számára feladatot meghatározó egyes kormányhatározatok visszavonásáról,Other,,
2020,2262/2020,Az ATEV Fehérjefeldolgozó Zártkörűen Működő Részvénytársaság fejlesztési koncepciójának megvalósításához szükséges forrás biztosításáról,Other,,
2020,2263/2020,A Szeged-Csanádi Egyházmegye által végzett egyes állami feladatok ellátásához szükséges forrás biztosításáról,Other,,
2020,2264/2020,A szombathelyi sportélet támogatása érdekében szükséges forrás biztosításáról,Other,,
2020,2265/2020,A Budafoki Munkás Testedző Egyesület sportközpontjának további fejlesztéséhez és a Gyirmót FC Korlátolt Felelősségű Társaság sportcentrumának bővítéséhez szükséges források biztosításáról,Other,,
2020,2267/2020,A Magyar Honvédség Parancsnoksága védelmi és biztonsági feladatokkal összefüggő igényének jóváhagyásáról,Other,,
2020,2268/2020,A Készenléti Rendőrség védelmi és biztonsági feladatokkal összefüggő igényének jóváhagyásáról,Other,,
2020,2269/2020,A Terrorelhárítási Központ védelmi és biztonsági feladatokkal összefüggő igényének jóváhagyásáról,Other,,
2020,2270/2020,A Nemzetbiztonsági Szakszolgálat védelmi és biztonsági feladatokkal összefüggő igényeinek jóváhagyásáról,Other,,
2020,2271/2020,Az 5000 fő lakosságszám feletti településeken működő civil szervezetek támogatásával összefüggő feladatokról,Other,,
2020,2272/2020,A trieszti kikötőben tervezett fejlesztésekhez kapcsolódó intézkedésekről,Other,,
2020,2273/2020,A SCHOTT Hungary Gyógyszeripari Üvegtermék Gyártó Korlátolt Felelősségű Társaság nagybefektető magyarországi beruházásának kormányzati támogatásáról,Other,,
2020,2274/2020,"Az MFB Magyar Fejlesztési Bank Zártkörűen Működő Részvénytársaság, valamint a Regionális Fejlesztési Holding Zártkörűen Működő Részvénytársaság tőkehelyzetének stabilitásához szükséges forrás biztosításáról",Other,,
2020,2275/2020,A MARSO Ipari Kereskedelmi Szolgáltató Korlátolt Felelősségű Társaság nagybefektető magyarországi beruházásának kormányzati támogatásáról,Other,,
2020,,A kezelőszemélyzet nélküli automaták felügyeletével kapcsolatos szolgáltatói feladatokhoz és a turisztikai tárhelyszolgáltatással kapcsolatos adattitkosítási eljárás feladataihoz szükséges források biztosításáról,Other,,
2020,2277/2020,Egyes ungvári ingatlanok megvásárlásával kapcsolatos intézkedésekről,Other,,
2020,2278/2020,A Nemzeti Adó- és Vámhivatal védelmi és biztonsági feladatokkal összefüggő igényeinek jóváhagyásáról,Other,,
2020,2279/2020,A Veszprém Megyei Katasztrófavédelmi Igazgatóság védelmi és biztonsági feladatokkal összefüggő igényének jóváhagyásáról,Other,,
2020,2280/2020,A Batthyány család 1945-ig a körmendi kastélyban őrzött regisztrált levéltári okleveleinek a magyar állam javára történő megszerzéséről,Other,,
2020,2281/2020,A Honvédelmi Minisztérium CURRUS Gödöllői Harcjárműtechnikai Zártkörűen Működő Részvénytársaság védelmi és biztonsági feladatokkal összefüggő igényének jóváhagyásáról,Other,,
2020,2282/2020,A Nemzeti Adó- és Vámhivatal védelmi és biztonsági feladatokkal összefüggő igényeinek jóváhagyásáról,Other,,
2020,2283/2020,"A Gazdaságfejlesztési és Innovációs Operatív Program, valamint az Integrált Közlekedésfejlesztési Operatív Program közötti forrásátcsoportosításról és a programok módosításáról",Other,,
2020,2285/2020,Az Európai Unió által koordinált COVID-19 oltóanyag közbeszerzésben való részvételéhez kapcsolódó kérdésekről,Other,,
2020,2286/2020,A Bács-Kiskun Megyei Rendőr-főkapitányság védelmi és biztonsági feladatokkal összefüggő igényének jóváhagyásáról,Other,,
2020,2287/2020,A Honvédelmi Minisztérium CURRUS Gödöllői Harcjárműtechnikai Zártkörűen Működő Részvénytársaság védelmi és biztonsági feladatokkal összefüggő igényének jóváhagyásáról,Other,,
2020,2288/2020,Az Információs Hivatal védelmi és biztonsági feladatokkal összefüggő igényének jóváhagyásáról,Other,,
2020,2289/2020,A Terrorelhárítási Központ építési-beruházási feladatai forrásigényének biztosításáról,Other,,
2020,2290/2020,Az Országos Rendőr-főkapitányság védelmi képességének fenntartásához szükséges beszerzési terve jóváhagyásáról,Other,,
2020,2291/2020,A Katonai Nemzetbiztonsági Szolgálat védelmi és biztonsági feladatokkal összefüggő igényeinek jóváhagyásáról,Other,,
2020,2292/2020,Az Országos Rendőr-főkapitányság védelmi és biztonsági feladatokkal összefüggő igényének jóváhagyásáról,Other,,
2020,2293/2020,Az Európai Unió által koordinált COVID-19 oltóanyag közbeszerzésben való részvételéhez kapcsolódó kérdésekről,Other,,
2020,2294/2020,A kassai Csáky-Dessewffy palota megvásárlásával kapcsolatos intézkedésekről,Other,,
2020,2295/2020,Az adminisztratív terhek csökkentésével összefüggő anyakönyvi eljárások egyszerűsítésének és elektronizálásának megvalósításához szükséges intézkedésekről,Other,,
2020,2296/2020,"Az Albánia, Tirana, Rruga Kuvajt 47. szám alatti ingatlan megvásárlásával kapcsolatos intézkedésekről",Other,,
2020,2297/2020,Magyarország nemzeti katasztrófakockázat-értékeléséről szóló jelentésről,Other,,
2020,2298/2020,A „Magyarország 2010-2020 díszalbum” című kötet állam általi megvásárlásáról és könyvtárakba történő eljuttatásáról,Other,,
2020,2299/2020,A Magyar Állami Operaház beruházásainak megvalósításával kapcsolatos intézkedésekről szóló 2153/2019. Korm. határozat módosításáról,Other,,
2020,,"A Magyarország Kormánya és az Amerikai Egyesült Államok Kormánya közötti, a védelmi együttműködésről szóló megállapodás végrehajtásával kapcsolatos kormányzati feladatokról",Other,,
2020,2301/2020,A Belügyminisztérium Országos Katasztrófavédelmi Főigazgatóság Gazdasági Ellátó Központ védelmi és biztonsági feladatokkal összefüggő igényének jóváhagyásáról,Other,,
2020,2302/2020,Az Információs Hivatal védelmi és biztonsági feladatokkal összefüggő igényének jóváhagyásáról,Other,,
2020,2303/2020,A Nemzetbiztonsági Szakszolgálat védelmi és biztonsági feladatokkal összefüggő igényének jóváhagyásáról,Other,,
2020,2304/2020,Az Országos Rendőr-főkapitányság védelmi és biztonsági feladatokkal összefüggő igényének jóváhagyásáról,Other,,
2020,2305/2020,A Nemzeti Adó- és Vámhivatal védelmi és biztonsági feladatokkal összefüggő igényének jóváhagyásáról,Other,,
2020,2306/2020,"A ""Hunyadi"" című történelmi televíziósorozat és játékfilm megvalósításának támogatásáról",Other,,
2020,2307/2020,A Nemzeti Művelődési Intézet Nonprofit Közhasznú Korlátolt Felelősségű Társaság működéséhez szükséges többletforrás biztosításáról,Other,,
2020,2308/2020,A Magyarország Kijevben található nagykövetségének új épületben történő elhelyezésével kapcsolatos intézkedésekről szóló 2077/2017. Korm. határozat módosításáról,Other,,
2020,2309/2020,A Tiszta Ország Program megvalósításához szükséges további intézkedésekről,Other,,
2020,2310/2020,Az Alkotmányvédelmi Hivatal védelmi és biztonsági feladatokkal összefüggő igényének jóváhagyásáról,Other,,
2020,2311/2020,A Magyar Honvédség Parancsnoksága védelmi és biztonsági feladatokkal összefüggő igényének jóváhagyásáról,Other,,
2020,2312/2020,A Nemzeti Adó- és Vámhivatal védelmi és biztonsági feladatokkal összefüggő igényének jóváhagyásáról,Other,,
2020,2313/2020,A Veszprém Megyei Katasztrófavédelmi Igazgatóság védelmi és biztonsági feladatokkal összefüggő igényének jóváhagyásáról,Other,,
2020,2314/2020,"Az Európai Unió által koordinált COVID-19 oltóanyag-közbeszerzési eljárás keretében érkezett, újabb oltóanyaggyártó céggel kötendő megállapodáshoz való csatlakozásról",Other,,
2020,2315/2020,A koronavírus ellei védőoltással kapcsolatos előzetes igényfelmérésről és tájékoztatásról,Other,,
2020,2316/2020,"„az Online Számla rendszer és a számla adatszolgáltatás kapcsán érintett további rendszerek továbbfejlesztése, az eÁFA rendszer fejlesztése, valamint a működéshez szükséges infrastruktúra bővítése” tárgyú beszerzési eljárással kapcsolatos egyes döntések meghozataláról szóló 2095/2020. Korm. határozat módosításáról",Other,,
2020,2317/2020,Az ügyfelek számára adminisztratív terheket tartalmazó egyes jogszabályok egyszerűsítésének megvalósításához szükséges intézkedésekről,Other,,
2020,2318/2020,"A ""világoszöld rendszám"" felülvizsgálatáról",Other,,
2020,2319/2020,Az Európai Bizottság által teljesítendő időközi átutalások előmozdítása érdekében szükséges intézkedésekről,Other,,
2020,2322/2020,A Mathias Corvinus Collegium tehetséggondozási programja végrehajtásához szükséges egyes intézkedésekről,Other,,
2020,2323/2020,A 2021. évi Magyarok Világjátéka elnevezésű esemény megrendezése érdekében szükséges kormányzati intézkedésekről,Other,,
2020,,A Nemzeti Hauszmann Program II. ütemének megvalósításához kapcsolódó feladatokról,Other,,
2020,2325/2020,A Katonai Nemzetbiztonsági Szolgálat védelmi képességének fenntartásához szükséges beszerzési terve jóváhagyásáról,Other,,
2020,2326/2020,Az Információs Hivatal védelmi képességének fenntartásához szükséges beszerzési terve jóváhagyásáról,Other,,
2020,2327/2020,A Katonai Nemzetbiztonsági Szolgálat védelmi és biztonsági feladatokkal összefüggő igényének jóváhagyásáról,Other,,
2020,2328/2020,A Készenléti Rendőrség védelmi és biztonsági feladatokkal összefüggő igényének jóváhagyásáról,Other,,
2020,2329/2020,A Magyar Honvédség Modernizációs Intézet védelmi képességének fenntartásához szükséges beszerzési terve jóváhagyásáról,Other,,
2020,2330/2020,A Magyar Honvédség Parancsnoksága védelmi és biztonsági feladatokkal összefüggő igényeinek jóváhagyásáról,Other,,
2020,2331/2020,A Nemzeti Adó- és Vámhivatal védelmi képességének fenntartásához szükséges beszerzési terve jóváhagyásáról,Other,,
2020,2332/2020,A Nemzetbiztonsági Szakszolgálat védelmi képességének fenntartásához szükséges beszerzési terve jóváhagyásáról,Other,,
2020,2333/2020,A Terrorelhárítási Központ védelmi képességének fenntartásához szükséges beszerzési terve jóváhagyásáról,Other,,
2020,2334/2020,Az állam közvetlen többségi tulajdonát képező gazdasági társaságok által teljesítendő egységes kontrolling adatszolgáltatási rendszer bevezetéséről,Other,,
2020,2335/2020,A KALL Ingredients Kereskedelmi Korlátolt Felelősségű Társaság nagybefektető magyarországi beruházásának kormányzati támogatásáról,Other,,
2020,2336/2020,A Hungarian Juice Company Korlátolt Felelősségű Társaság nagybefektető magyarországi beruházásának kormányzati támogatásáról,Other,,
2020,2338/2020,A Svájci-Magyar Együttműködési Program II. keretében tervezett egyes projektek finanszírozási kérdéseiről,Other,,
2020,2339/2020,A tanárképzés megújítását szolgáló stratégiai intézkedések pilot jellegű bevezetéséről,Other,,
2020,2340/2020,Határon túli ingatlanok megvásárlásához szükséges intézkedésekről,Other,,
2020,2341/2020,A Pannon Egyetem bérfejlesztéséhez kapcsolódó forrás biztosításáról,Other,,
2020,2342/2020,A hitelintézetek integrációját érintő további intézkedésekről,Other,,
2020,2343/2020,A Nemzeti Koncessziós Iroda feladatainak ellátásához szükséges 2021. évi források biztosításáról,Other,,
2020,2344/2020,A határon túli ingatlanok megvásárlásához szükséges intézkedésekről,Other,,
2020,2345/2020,Az Európai Beruházási Bank Pán-európai Garanciaalapjával kapcsolatos egyes kérdésekről,Other,,
2020,2346/2020,A Színház- és Filmművészeti Egyetem ideiglenes elhelyezési céljaihoz szükséges forrás biztosításáról,Other,,
2020,2347/2020,Egyes energetikai kérdésekről,Other,,
2020,2348/2020,A Nemzeti Ménesbirtok és Tangazdaság Zártkörűen Működő Részvénytársaságnak a Vidékfejlesztési Program VP2-4.1.1.-20 azonosító számú az „Állattartó telepek fejlesztésének támogatása” című pályázatán való részvételéről,Other,,
2020,2349/2020,"A Gazdaságfejlesztési és Innovációs Operatív Program, valamint az Integrált Közlekedésfejlesztési Operatív Program közötti forrásátcsoportosításról és a programok módosításáról szóló 2283/2020. számú határozat visszavonásáról",Other,,
2020,2350/2020,A magyar gazdasági szereplők és nem kormányzati szervezetek európai uniós érdekképviseletének erősítését szolgáló szervezet létrehozásáról,Other,,
2020,,A Magyar Állam által megvásárolt Airbus A330-243F típusú szállítógép (MSN1578) üzemeltetési koncepciójáról,Other,,
2020,2352/2020,A Bocuse d'Or Europe 2022 rendezvény magyarországi megrendezésének előkészítéséhez szükséges kormányzati támogatásról,Other,,
2020,2353/2020,A V4 Future Sports Festival 2021 megrendezése érdekében szükséges kormányzati intézkedésekről,Other,,
2020,2354/2020,Egyes egészségügyi ellátások kérdéseiről,Other,,
2020,2355/2020,A MÁV Magyar Államvasutak Zrt. védelmi és biztonsági feladatokkal összefüggő igényének jóváhagyásáról,Other,,
2020,2356/2020,A Magyar Honvédség Parancsnoksága védelmi képességének fenntartásához szükséges beszerzési terveinek jóváhagyásáról,Other,,
2020,2357/2020,Az Országos Rendőr-főkapitányság védelmi és biztonsági feladaokkal összefüggő igényének jóváhagyásáról,Other,,
2020,2358/2020,Az ATOMIX Kereskedelmi és Szolgáltató Korlátolt Felelősségű Társaság védelmi és biztonsági feladatokkal összefüggő igényének jóváhagyásáról,Other,,
2020,2359/2020,Az IdomSoft Informatikai Zártkörűen Működő Részvénytársaság védelmi képességének fenntartásához szükséges beszerzési terve jóváhagyásáról,Other,,
2020,2360/2020,A Katonai Nemzetbiztonsági Szolgálat védelmi és biztonsági feladatokkal összefüggő igényének jóváhagyásáról,Other,,
2020,2361/2020,"A Tata belterület 3105/2 helyrajzi szám alatt nyilvántartott, természetben a 2890 Tata, Váralja utca 3. szám alatt található ingatlan (Cifra Malom) tulajdonjogának a Magyar Állam javára történő megszerzéséről",Other,,
2020,2362/2020,A krónikus ápolás rendszerének továbbfejlesztéséről,Other,,
2020,2363/2020,Az észak-kaukázusi régió etnomuzikológiai és folklorisztikai vizsgálatára irányuló kutatási program támogatásáról,Other,,
2020,2364/2020,A CHINOIN Gyógyszer-és Vegyészeti Termékek Gyára Zártkörűen Működő Rt. nagyberuházó magyarországi beruházásának kormányzati támogatásáról,Other,,
2020,2365/2020,Az NKÖV Nemzeti Kulturális Örökség Védelmi Nonprofit Kft. védelmi képességének fenntartásához szükséges beszerzési terve jóváhagyásáról,Other,,
2020,2366/2020,A Radioaktív Hulladékokat Kezelő Közhasznú Nonprofit Korlátolt Felelősségű Társaság védelmi képességének fenntartásához szükséges beszerzési terve jóváhagyásáról,Other,,
2020,2367/2020,A Veszprém Megyei Katasztrófavédelmi Igazgatóság védelmi képességének fenntartásához szükséges beszerzési terve jóváhagyásáról,Other,,
2020,2368/2020,A Büntetés-végrehajtás Országos Parancsnoksága védelmi képességének fenntartásához szükséges beszerzési terve jóváhagyásáról,Other,,
2020,2369/2020,A Fejér Megyei Katasztrófavédelmi Igazgatóság védelmi képességének fenntartásához szükséges beszerzési terve jóváhagyásáról,Other,,
2020,2370/2020,A Honvédelmi Minisztérium CURRUS Gödöllői Harcjárműtechnikai Zártkörűen Működő Részvénytársaság védelmi képességének fenntartásához szükséges beszerzési terve jóváhagyásáról,Other,,
2020,2371/2020,A Komárom-Esztergom Megyei Katasztrófavédelmi Igazgatóság védelmi képességének fenntartásához szükséges beszerzési terve jóváhagyásáról,Other,,
2020,2373/2020,„A Passió” című produkció megvalósításához szükséges támogatás biztosításáról,Other,,
2020,2374/2020,A Központi Nukleáris Pénzügyi Alap értékállóságának biztosításához szükséges intézkedésekről,Other,,
2020,,"A KÖFOP-1.0.0-VEKOP-15-2016-00024 azonosító számú, „A 21. század családtámogatási, nyugdíj és kincstári számlavezető rendszere” című projekt, valamint a KÖFOP-1.0.0-VEKOP-15-2016-00043 azonosító számú, „A hatáskör átcsoportosításból adódó szakrendszeri integrációs feladatok” című projekt szakmai tartalmának módosításáról",Other,,
2020,2377/2020,Az egyes felsőoktatási intézmények bérfejlesztéséhez szükséges forrás biztosításáról,Other,,
2020,2378/2020,A Magyar Honvédség Modernizációs Intézet védelmi és biztonsági feladatokkal összefüggő igényének jóváhagyásáról,Other,,
2020,2379/2020,A Közép-európai Oktatási Alapítvány részére történő vagyonjuttatásról,Other,,
2020,2380/2020,A Nemzeti Hauszmann Program II. ütemének megvalósításáról és a végrehajtásához szükséges 2020 - 2023. évi források biztosításáról szóló 2104/2020. Korm. határozat módosításáról,Other,,
2020,2383/2020,A Bükki Nemzeti Park Igazgatóság védelmi képességének fenntartásához szükséges beszerzési terve jóváhagyásáról,Other,,
2020,2385/2020,Két erdélyi magyar katolikus műemléktemplom restaurálásához szükséges további forrás biztosításáról,Other,,
2020,2389/2020,A Borsod-Abaúj-Zemplén Megyei Katasztrófavédelmi Igazgatóság védelmi képességének fenntartásához szükséges beszerzési terve jóváhagyásáról,Other,,
2020,2390/2020,A Tolna Megyei Katasztrófavédelmi Igazgatóság védelmi képességének fenntartásához szükséges beszerzési terve jóváhagyásáról,Other,,
2020,2391/2020,A magyar nyelvű közszolgálati műsorok határon túli sugárzásával kapcsolatos egyes kérdésekről,Other,,
2020,2392/2020,A Mylan Hungary Kft. nagybefektető magyarországi beruházásának kormányzati támogatásáról,Other,,
2020,2394/2020,II. Zsigmond Ágost lengyel király gyermekpáncéljának a Lengyel Állam részére történő tulajdonba adásáról,Other,,
2020,2396/2020,A Fudan Egyetem és kapcsolódó egyéb kormányzati felsőoktatási létesítményfejlesztések megvalósításához szükséges ingatlanok biztosításával kapcsolatos intézkedésekről,Other,,
2020,2397/2020,A Nemzeti Atlétikai Központ megvalósításához szükséges ingatlanok biztosításával kapcsolatos intézkedésekről,Other,,
2020,2398/2020,Egyes kiemelt ingatlanok felújításával kapcsolatos döntések meghozataláról,Other,,
2020,2400/2020,Az egyes feladatok forrásszükségletének biztosításáról,Other,,
2020,2401/2020,A Mathias Corvinus Collegium tehetséggondozási programja kiterjesztéséhez szükséges egyes intézkedésekről,Other,,
2020,2402/2020,Határon túli célú költségvetési támogatások biztosításáról,Other,,
2020,2405/2020,Egyes civil és egyéb szervezetek forrásszükségletének biztosításáról,Other,,
2020,2406/2020,Egyes civil szervezetek közfeladatainak ellátásához szükséges támogatásokról,Other,,
2020,2407/2020,A védelmi és iztonsági feladatokkal összefüggő beszerzések központosított rendszerének működéséhez és az ezzel kapcsolatos közfeladatok ellátásához szükséges többletforrás biztosításáról,Other,,
2020,2408/2020,A Nemzeti Ménesbirtok és Tangazdaság részére biztosítandó forrásokról,Other,,
2020,2409/2020,"A Honvédelmi területen megvalósuló ipari, innovációs és egyéb fejlesztések bővítéséről",Other,,
2020,2410/2020,A védelmi ipari tárgyú Egyetértési Megállapodások végrehajtásához szükséges további intézkedésekről,Other,,
2020,2412/2020,A Magyar Testgyakorlók Köre Budapest létesítményfejlesztési programja megvalósításához szükséges forrás biztosításáról,Other,,
2020,,"Egyes egyházi célú beruházásokhoz, fejlesztésekhez és egyéb feladatokhoz szükséges kormányzati intézkedésekről",Other,,
2020,2414/2020,Egyes kormányhatározatok módosításáról,Other,,
2020,2416/2020,A Modern Városok Program keretében Salgótarján város és környéke egyházi életének és egyházi intézményeinek fejlesztési támogatásáról,Other,,
2020,2417/2020,Az egyes feladatok forrásszükségletének biztosításáról,Other,,
2020,2418/2020,A komáromi MARIANUM Egyházi Iskolaközpont Király püspök utcai főépülete teljes körű felújításának és berendezésének támogatásáról,Other,,
2020,2419/2020,"Egyes civil szervezetek forrásszükségletének biztosításáról, valamint egyes kormányhatározatok módosításáról",Other,,
2020,2420/2020,"A Polgári Művelődésért Oktatási, Kulturális és Tudományos Alapítvány részére történő vagyoni juttatásról",Other,,
2020,2421/2020,A Magyar Ökomenikus Segélyszervezet támogatásáról,Other,,
2020,2422/2020,Költségvetési támogatások biztosításáról,Other,,
2020,2423/2020,A költségvetési támogatások biztosításáról szóló 2422/2020. Kormány határozat módosításáról,Other,,
2020,2424/2020,Esztergomi ingatlanokon teremgarázs beruházáshoz kapcsolódó intézkedésekről,Other,,
2020,2426/2020,"A Bp2017 Világbajnokság Szervező és Lebonyolító Nonprofit Korlátolt Felelősségű Társaság ""végelszámolás alatt"" beolvadással történő megszűnéséről",Other,,
2020,2440/2020,"A Patrona Hungariae Óvoda, Általános Iskola, Gimnázium, Kollégium és Alapfokú Művészeti Iskola bővítéséhez szükséges támogatásról",Other,,
2020,2441/2020,A Talentum Református Általános Iskola bővítésének és egyes zempléni református hitéleti célú ingatlanok felújításának támogatásáról,Other,,
2020,2442/2020,"A zalaegerszegi Szent Család Óvoda felújításához és bővítéséhez, valamint a zalaegerszegi Szűz Mária Szeplőtelen Szíve Plébániatemplom altemplomának bővítéséhez és közösségi ház kialakításához szükséges források biztosításáról",Other,,
2020,2443/2020,"A Magyar Bencés Kongregáció Szent Mór Perjelség és a győri Czcuczor Gergely Bencés Gimnázium és Kollégium épületeinek oktatási, hitéleti ls fenntartható működést szolgáló rekonstrukciójának támogatásáról",Other,,
2020,2444/2020,Veszprém Megyei Jogú Város Önkormányzata ingatlanvásárlásának támogatásáról,Other,,
2020,2445/2020,Budapest belvárosi zsebpark kialakításához és környezete megújításához szükséges intézkedésekről,Other,,
2025,2001/2025,"Az egyes felsőoktatási intézmények infrastrukturális, valamint innovációs ökoszisztéma fejlesztéseihez szükséges többletforrás biztosításáról szóló 2115/2022. Korm. határozat módosításáról",Other,,
2025,2002/2025,A 2027. évi ICF Gyorsasági és Para Kajak-Kenu Világbajnokság magyarországi megrendezése érdekében szükséges további kormányzati intézkedésekről,Other,,
2025,2003/2025,"A Budapest II. kerület, belterület 13240/1 helyrajzi számú ingatlan 925/8042 tulajdoni hányadának az állam javára történő megvásárlásáról",Other,,
2025,2004/2025,A Nemzeti Adó- és Vámhivatal szervezeti változásai miatt szükséges egyes intézkedésekről,Other,,
2025,2005/2025,A MotoGP és Superbike versenyek magyarországi megrendezésével kapcsolatos kormányzati intézkedésekről szóló 2654/2023. Korm. határozat végrehajtása során alkalmazandó eltérő intézkedésekről,Other,,
2025,2007/2025,A Védelmi Ipari Magántőkealap átalakításáról szóló,Other,,
2025,2009/2025,Politikai okból meghozott intézkedés következtében megindítandó jogi eljárás kapcsán szükséges intézkedésekről,Other,,
2025,2010/2025,Az Antióchiai Szír Ortodox Egyház projektjeinek Hungary Helps Program keretében történő támogatásáról,Other,,
2025,2011/2025,Az igazságügyi rendszer hatékonyságának növelése érdekében kötött megállapodással kapcsolatos feladatokról,Other,,
2025,2012/2025,A Mesterséges Intelligencia Alkalmazott Tudományi Munkacsoport kijelöléséről szóló 2189/2024. Korm. határozatban foglalt feladatok végrehajtásához szükséges forrásigényekről,Other,,
2025,2013/2025,"A Széchenyi István Egyetemért Alapítványról, a Széchenyi István Egyetemért Alapítvány és a Széchenyi István Egyetem részére történő vagyonjuttatásról szóló 2020. évi XXXVIII. törvény módosításával összefüggően egyes kormányhatározatok végrehajtása során alkalmazandó eltérő intézkedésekről szóló 2469/2022. Korm. határozat módosításáról",Other,,
2025,2014/2025,A határon túli labdarúgó sportszervezet kiegészítő támogatásához szükséges forrás biztosításáról,Other,,
2025,2015/2025,A Mathias Corvinus Collegium tehetséggondozási programja végrehajtásához szükséges infrastrukturális fejlesztések megvalósításáról szóló 2398/2023. Korm. határozat módosításáról,Other,,
2025,2017/2025,Az Egyesült Nemzetek Egyetem kőszegi intézetének létrehozásával összefüggő egyes intézkedésekről szóló 2089/2024. Korm. határozat módosításáról,Other,,
2025,2018/2025,Egyes állami eszközbeszerzésekre vonatkozó további szabályokról,Other,,
2025,2019/2025,Egyes 2025. évi előirányzatok felhasználásának kontrolljáról,Other,,
2025,2020/2025,A Magyar-Kirgiz Fejlesztési Alap alaptőkéjének megemeléséről,Other,,
2025,2021/2025,A Krausz Ferenc Nobel-díjas fizikus által vezetett Molekuláris- Ujjlenyomat Kutató Központ Nonprofit Korlátolt Felelősségű Társaság (CMF) 2030-ig tartó stratégiai céljainak megvalósításához szükséges intézkedésekről szóló 2475/2023. Korm. határozat módosításáról,Other,,
2025,2022/2025,A helyi önkormányzatok pénzügyi stabilitásáról,Other,,
2025,2023/2025,A Magyar Unitárius Egyház kiegészítő támogatásához szükséges forrás biztosításáról,Other,,
2025,2024/2025,A rendvédelmi szervek és az állami légimentő szolgálat által üzemeltetett helikopterek folyamatos légialkalmasságát fenntartó és karbantartási feladatait ellátó társaság meghatározásáról,Other,,
2025,2025/2025,A Magyar Honvédség nemzetközi együttműködési programhoz való csatlakozásának jóváhagyásáról,Other,,
2025,2026/2025,Egyes egészségügyi célú intézkedések forrásbiztosításáról,Other,,
2025,2027/2025,"A HEPA Magyar Exportfejlesztési Ügynökség Nonprofit Zártkörűen Működő Részvénytársaság 2025. évben, a „Keleti nyitás” országaiban megvalósuló szakkiállításokon nemzeti standdal történő megjelenéséhez szükséges forrás biztosításáról",Other,,
2025,2028/2025,A PANZI-PET Kereskedelmi és Szolgáltató Korlátolt Felelősségű Társaság nagybefektető magyarországi beruházásának kormányzati támogatásáról,Other,,
2025,2029/2025,A Continental Dohányipari Zártkörűen Működő Részvénytársaság nagybefektető magyarországi beruházásának kormányzati támogatásáról,Other,,
2025,2030/2025,Az MZ Precast Gyártó és Építő Korlátolt Felelősségű Társaság nagybefektető magyarországi beruházásának kormányzati támogatásáról,Other,,
2025,2031/2025,A MIP Alapanyaggyártó Zártkörűen Működő Részvénytársaság nagybefektető magyarországi beruházásának kormányzati támogatásáról,Other,,
2025,2032/2025,A Patológiai Innovációs Inkubátor Korlátolt Felelősségű Társaság nagybefektető magyarországi kutatás-fejlesztési projektjének kormányzati támogatásáról,Other,,
2025,2033/2025,A Dominó Trans Nemzetközi-Belföldi Fuvarozó és Szállítmányozó Külkereskedelmi Korlátolt Felelősségű Társaság nagybefektető magyarországi beruházásának kormányzati támogatásáról,Other,,
2025,2034/2025,A Neutrik Hungary Korlátolt Felelősségű Társaság nagybefektető magyarországi beruházásának kormányzati támogatásáról,Other,,
2025,2035/2025,A Siemens Mobility Korlátolt Felelősségű Társaság nagybefektető magyarországi kutatás-fejlesztési projektjének kormányzati támogatásáról,Other,,
2025,2036/2025,A Cloud Network Technology Korlátolt Felelősségű Társaság nagybefektető magyarországi beruházásának kormányzati támogatásáról,Other,,
2025,2037/2025,Egy gazdasági társasággal kapcsolatos intézkedésről,Other,,
2025,2039/2025,A kárpátaljai nyelvtanfolyamok megvalósításához szükséges forrás biztosításáról,Other,,
2025,2041/2025,"Az Iskola Alapítvány „Iskola utáni („after school”) oktatás” programjának támogatása, valamint az Erdélyi Godako Ökölvívó Sportklub Egyesület működésének finanszírozásához szükséges forrás biztosításáról",Other,,
2025,2042/2025,A Paks II. beruházás megvalósításával kapcsolatos egyes feladatokról,Other,,
2025,2043/2025,A Főnix-Gold FC. Utánpótlásnevelő Sportegyesület létesítményfejlesztési programjának megvalósításáról szóló 2652/2023. Korm. határozat módosításáról,Other,,
2025,2044/2025,A gazdaságfejlesztési célú költségvetési források 2024. évi felhasználási lehetőségeiről szóló 2059/2024. Korm. határozat módosításáról,Other,,
2025,2045/2025,Az Aero Space Power Korlátolt Felelősségű Társaság nagybefektető magyarországi beruházásának kormányzati támogatásáról,Other,,
2025,2046/2025,A CE Glass Üveg- és Gépipari Zártkörűen Működő Részvénytársaság nagybefektető magyarországi beruházásának kormányzati támogatásáról,Other,,
2025,2047/2025,A Fireplace Gyártó és Kereskedelmi Korlátolt Felelősségű Társaság nagybefektető magyarországi beruházásának kormányzati támogatásáról,Other,,
2025,2048/2025,"A HÓD PLAST Műanyagipari, Kereskedelmi és Szolgáltató Korlátolt Felelősségű Társaság nagybefektető magyarországi beruházásának kormányzati támogatásáról",Other,,
2025,2049/2025,A KARSAI ALBA Műanyagfeldolgozó Korlátolt Felelősségű Társaság és a KARSAI MŰANYAGTECHNIKA Feldolgozó és Szerszámgyártó Holding Zártkörűen Működő Részvénytársaság nagybefektető magyarországi beruházásának kormányzati támogatásáról,Other,,
2025,2050/2025,A cyment Korlátolt Felelősségű Társaság nagybefektető magyarországi beruházásának kormányzati támogatásáról,Other,,
2025,2051/2025,A MAM-HUNGÁRIA Ipari és Kereskedelmi Korlátolt Felelősségű Társaság nagybefektető magyarországi beruházásának kormányzati támogatásáról,Other,,
2025,2052/2025,A Scrub Daddy Hungary Zártkörűen Működő Részvénytársaság nagybefektető magyarországi beruházásának kormányzati támogatásáról,Other,,
2025,2053/2025,A magyar-szerb határszakaszon a teherforgalom határátlépéssel járó várakozási idő csökkentéséhez szükséges időpontfoglaló rendszer kialakításáról,Other,,
2025,2054/2025,Egy gazdasági társaság állami tulajdonba kerüléséhez szükséges intézkedésekről,Other,,
2025,2055/2025,A Boszniai Szerb Köztársaság mint hiteladós részére a Magyar Export- Import Bank Zártkörűen Működő Részvénytársaság által nyújtandó szabad felhasználású hitelszerződés módosításáról,Other,,
2025,2056/2025,"A Belgium, 1000 Brüsszel, Rue Ducale 51. szám alatti ingatlan állami tulajdonba kerüléséhez szükséges intézkedésekről",Other,,
2025,2057/2025,Az állami kiadások felhasználásának korlátozásáról,Other,,
2025,2058/2025,"A közvetlen vagy közvetett módon állami tulajdonban álló egyes gazdasági társaságok, valamint egyéb állami szervezetek elhelyezéséről szóló 2011/2022. Korm. határozat, valamint az államigazgatási szervek és állami tulajdonú gazdasági társaságok budapesti elhelyezéséhez szükséges kormányzati intézkedésekről szóló 2222/2022. Korm. határozat végrehajtása érdekében szükséges rendelkezésekről",Other,,
2025,2059/2025,"A Konstantinápolyi Egyetemes Patriarchátus Magyarországi Ortodox Exarchátus Dialógus Központ, Lelkiségi, Kulturális és Tudományos Akadémiája megvalósításának folytatásához szükséges források biztosításáról",Other,,
2025,2060/2025,"A ""Magyarország teljes földrajzi területe vonatkozásában autóbusszal végzett helyközi (országos, regionális, elővárosi) személyszállítási közszolgáltatási szerződés"" tárgyú koncessziós eljárás eredményeként megkötendő közszolgáltatási szerződés szrinti kötelezettségvállalás engedélyezéséről",Other,,
2025,2061/2025,Egyes gazdasági társaságok részesedéseire alapított vételi jog gyakorlására vonatkozó eltérő megállapodás kitárgyalásáról,Other,,
2025,2062/2025,A Nemeskürty István Tanárképző Kar létrehozásával és a tanár- továbbképzéssel kapcsolatos intézkedésekről szóló 2050/2024. Korm. határozat módosításáról,Other,,
2025,2063/2025,"A Gazdaságfejlesztési és Innovációs Operatív Program, az Integrált Közlekedésfejlesztési Operatív Program és a Környezeti és Energiahatékonysági Operatív Program kapcsán indított szabálytalansági eljárásokban megállapított pénzügyi korrekciók rendezéséről",Other,,
2025,2064/2025,A 2021-2027 programozási időszak felhívásainak meghirdetési ütemtervéről,Other,,
2025,2065/2025,A közös működtetésű önkormányzati színházakkal kapcsolatos többletforrás biztosításáról,Other,,
2025,2066/2025,Egyes operatív programok félidős felülvizsgálatáról és módosításáról,Other,,
2025,2067/2025,A debreceni Déli Gazdasági Övezet infrastrukturális fejlesztésének megvalósításához szükséges 2024. évi források biztosításáról szóló 2167/2024. visszavonásáról,Other,,
2025,2068/2025,Az EL-Q Invest Ipari Park Bérbeadó Korlátolt Felelősségű Társaság nagybefektető magyarországi beruházásának kormányzati támogatásáról,Other,,
2025,2069/2025,Az LG Magna e-Powertrain Hungary Korlátolt Felelősségű Társaság nagybefektető magyarországi beruházásának kormányzati támogatásáról,Other,,
2025,2070/2025,A Robert Bosch Power Tool Elektromos Szerszámgyártó Korlátolt Felelősségű Társaság nagybefektető magyarországi beruházásának kormányzati támogatásáról,Other,,
2025,2071/2025,A XiMo Hungary Korlátolt Felelősségű Társaság nagybefektető magyarországi beruházásának kormányzati támogatásáról,Other,,
2025,2072/2025,A Zettanet Korlátolt Felelősségű Társaság nagybefektető magyarországi beruházásának kormányzati támogatásáról,Other,,
2025,2073/2025,A Jeruzsálemi Magyar Akadémia megnyitásához szükséges intézkedésekről,Other,,
2025,2074/2025,Az Iskola Alapítvány nagyváradi ingatlan beruházásának befejezéséről,Other,,
2025,2075/2025,Egy gazdasági társaság részesedései elidegenítési lehetőségeinek vizsgálatáról,Other,,
2025,2076/2025,Egyes turisztikai tárgyú kérdésekről,Other,,
2025,2077/2025,Egyes honvédelmi tárgyú beszerzési eljárások eredményeként kötendő szerződésekkel kapcsolatos éven túli kötelezettségvállalások előzetes jóváhagyásáról,Other,,
2025,2078/2025,Egyes állami tulajdonú ingatlanok hasznosításáról és értékesítéséről,Other,,
2025,2079/2025,A Citadella erődben a „Szabadság Bástyája” kiállítás megvalósításához szükséges intézkedésekről,Other,,
2025,2080/2025,"A Brüll Alfréd Általános Iskola, Gimnázium, Technikum és Kollégium létrehozásához szükséges feltételek és források biztosításáról",Other,,
2025,2081/2025,Az MVM NET Távközlési Szolgáltató Zártkörűen Működő Részvénytársaság tulajdonjogának megszerzéséről,Other,,
2025,2082/2025,"A külgazdasági, véderő-, katonai és légügyi attasék védelmi ipari ügyekbe történő bevonásáról, valamint a Honvédelmi Minisztérium, Külgazdasági és Külügyminisztérium, valamint Nemzetgazdasági Minisztérium közötti védelmi ipari információs rendszer kiépítéséről",Other,,
2025,2083/2025,A védelmi és biztonsági célú lakossági riasztás bevezetésével kapcsolatos egyes kormányzati intézkedésekről,Other,,
2025,2084/2025,A kimenekítéssel összefüggő döntéshozatal szabályairól,Other,,
2025,2085/2025,A Nemzeti Információs Központ elhelyezésének további biztosításához szükséges intézkedésekről,Other,,
2025,2086/2025,A HELL ENERGY Magyarország Korlátolt Felelősségű Társaság nagybefektető magyarországi beruházásának kormányzati támogatásáról,Other,,
2025,2087/2025,A HELL ENERGY Magyarország Korlátolt Felelősségű Társaság és a QUALITY PACK Zártkörűen Működő Részvénytársaság nagybefektetők magyarországi beruházásának kormányzati támogatásáról,Other,,
2025,2088/2025,A Nemzetgazdasági Minisztériumhoz tartozó egyes szervek és állami többségi befolyás alatt álló gazdasági társaságok informatikai beszerzéseinek hatékonyabbá tételéről,Other,,
2025,2089/2025,A közúti gördülőállomány rövidtávú legfontosabb fejlesztéseiről,Other,,
2025,2090/2025,Egyes koncessziós kérdésekről,Other,,
2025,2091/2025,Az NHKV Nemzeti Hulladékgazdálkodási Koordináló és Vagyonkezelő Zártkörűen Működő Részvénytársaság megszüntetésével összefüggésben szükséges intézkedésekről,Other,,
2025,2092/2025,A Nyíregyházi Állatpark fejlesztésének megvalósítása érdekében szükséges többletforrásigény biztosításáról,Other,,
2025,2093/2025,A 2025. évi MotoGP és Superbike versenysorozat magyarországi futamainak megtartásával kapcsolatos további kormányzati intézkedésekről,Other,,
2025,2094/2025,A 2025. évi MotoGP és Superbike versenysorozat magyarországi futamainak megrendezéséhez szükséges további kormányzati intézkedésekről,Other,,
2025,2096/2025,A magyar lóversenyzés szellemi örökségének fenntartásához szükséges támogatásról,Other,,
2025,2098/2025,A Makovecz Campus Alapítvány támogatásához szükséges intézkedésekről,Other,,
2025,2099/2025,A humanitárius és karitatív tevékenység támogatásáról,Other,,
2025,2100/2025,A Magyar Honvédség nemzetközi együttműködési programhoz való csatlakozásának jóváhagyásáról,Other,,
2025,2101/2025,Egyes gazdasági társaságok részesedéseivel kapcsolatos intézkedésekről,Other,,
2025,2102/2025,Az egységes hulladékgazdálkodási tevékenységek tárgyában kötött koncessziós szerződés szerinti kompenzációs díjfizetési kötelezettség teljesítéséhez szükséges intézkedésekről,Other,,
2025,2103/2025,A Nemzeti Adó- és Vámhivatalt érintő humánerőforrás-megtartó intézkedésekről,Other,,
2025,2105/2025,A filmalkotások közvetett támogatásának kontrolljáról,Other,,
2025,2106/2025,A védelmi és biztonsági felkészítés 2025. évi egyes kérdéseiről szóló 2296/2024. Korm. határozat módosításáról,Other,,
2025,2107/2025,A Belgrádi Expo 2027 kiállításon történő magyar részvételi szándékról,Other,,
2025,2108/2025,A Rijád Expo 2030 kiállításon történő magyar részvételi szándékról,Other,,
2025,2109/2025,Az azerbajdzsáni Soltanli település újjáépítésének keretében magyar támogatásból megvalósuló iskolakomplexum kivitelezéséhez nyújtott további magyar támogatásról,Other,,
2025,2110/2025,A Moldvai Csángómagyarok Szövetsége támogatása érdekében szükséges további intézkedésekről,Other,,
2025,2111/2025,A „Szülőföldön magyarul” program kiegészítő forrásbiztosításáról,Other,,
2025,2112/2025,A Terrorelhárítási Központ építési-beruházási feladataival összefüggő intézkedésekről,Other,,
2025,2113/2025,A Nemzeti Filmintézet Közhasznú Nonprofit Zártkörűen Működő Részvénytársaság által kezelt letéti számla javára történő forráskülönbözet biztosításáról,Other,,
2025,2114/2025,A PLANET Budapest 2026 rendezvénysorozat megvalósításáról,Other,,
2025,2115/2025,A Budapesti Huba utcai Kármelhegyi Boldogasszony templom felújítás II. ütemének folytatásáról,Other,,
2025,2117/2025,A Károli Gáspár Református Egyetem elhelyezésével kapcsolatos kormányzati intézkedésekről szóló 2340/2023. Korm. határozat módosításáról,Other,,
2025,2118/2025,"A hazai és határon túli, katolikus és református fejlesztések és beruházások támogatásáról",Other,,
2025,2120/2025,A Magyar Fotográfiai Alapítvány megszüntetésével kapcsolatos kormányzati intézkedésekről,Other,,
2025,2121/2025,A METRANS Zalaegerszeg Korlátolt Felelősségű Társaság nagybefektető magyarországi beruházásának kormányzati támogatásáról,Other,,
2025,2122/2025,A fejlesztéspolitikai ösztönzőrendszer felülvizsgálatáról,Other,,
2025,2123/2025,"A Középiskolai Matematikai és Fizikai Lapok (KöMaL) és egyéb fizikai, matematikai és informatikai tehetséggondozó versenyek és tevékenységek támogatásáról és az ehhez szükséges forrás biztosításáról",Other,,
2025,2124/2025,A Nyugat-Magyarország területén megvalósuló gyorsforgalmi úti beruházások finanszírozásáról,Other,,
2025,2125/2025,A Kúria Kossuth Lajos téri Igazságügyi Palota épületében el nem férő szervezeti egységeinek elhelyezéséhez szükséges kormányzati intézkedésekről,Other,,
2025,2126/2025,A Ganz Transzformátor- és Villamos Forgógépgyártó Korlátolt Felelősségű Társaság nagybefektető magyarországi beruházásának kormányzati támogatásáról,Other,,
2025,2127/2025,Az MZ Precast Gyártó és Építő Korlátolt Felelősségű Társaság nagybefektető magyarországi beruházásának kormányzati támogatásáról,Other,,
2025,2128/2025,A START PLAST Korlátolt Felelősségű Társaság nagybefektető magyarországi beruházásának kormányzati támogatásáról,Other,,
2025,2129/2025,A VG Komarom Korlátolt Felelősségű Társaság nagybefektető magyarországi beruházásának kormányzati támogatásáról,Other,,
2025,2130/2025,A Samsung SDI Magyarország Gyártó és Értékesítő Zártkörűen Működő Részvénytársaság nagybefektető magyarországi beruházásának kormányzati támogatásáról,Other,,
2025,2131/2025,A Nippon Paper Chemicals Europe Zártkörűen Működő Részvénytársaság nagybefektető magyarországi beruházásának kormányzati támogatásáról,Other,,
2025,2132/2025,A Benepack Hungary Korlátolt Felelősségű Társaság nagybefektető magyarországi beruházásának kormányzati támogatásáról,Other,,
2025,2133/2025,A BYD Electric Bus & Truck Hungary Korlátolt Felelősségű Társaság nagybefektető magyarországi beruházásának kormányzati támogatásáról,Other,,
2025,2134/2025,A BYD Electric Bus & Truck Hungary Korlátolt Felelősségű Társaság nagybefektető magyarországi beruházásának kormányzati támogatásáról,Other,,
2025,2135/2025,A Kirchhoff Hungária Autóalkatrész Gyártó Korlátolt Felelősségű Társaság nagybefektető magyarországi beruházásának kormányzati támogatásáról,Other,,
2025,2136/2025,A Mercedes-Benz Manufacturing Hungary Korlátolt Felelősségű Társaság nagybefektető magyarországi beruházásának kormányzati támogatásáról,Other,,
2025,2137/2025,A Omya Hungária Mészkőfeldolgozó Kft nagybefektető magyarországi beruházásának kormányzati támogatásáról,Other,,
2025,2138/2025,A Diligent Governance Hungary Korlátolt Felelősségű Társaság nagybefektető magyarországi kutatás-fejlesztési projektjének kormányzati támogatásáról,Other,,
2025,2139/2025,A Magyar Suzuki Zártkörűen Működő Részvénytársaság nagybefektető magyarországi beruházásának kormányzati támogatásáról,Other,,
2025,2141/2025,A Nemzeti Közszolgálati Egyetemnek a Ludovika-gyűrű és ezáltal Budapest VIII. kerület Józsefváros általa érintett részének rehabilitációjára irányuló hivatásával összefüggésben a Nemeskürty István Tanárképző Kar létrehozásával és a tanár-továbbképzéssel kapcsolatos intézkedésekről szóló 2050/2024. Korm. határozat módosításáról,Other,,
2025,2142/2025,A magyarországi turizmusfinanszírozás megújítása céljából szükséges forrásbiztosításról,Other,,
2025,2144/2025,A Digitális Megújulás Operatív Program Plusz végrehajtását támogató feladatokról,Other,,
2025,2145/2025,Egyes költségvetési kérdésekről,Other,,
2025,2146/2025,Egyes további költségvetési kérdésekről,Other,,
2025,2147/2025,Az Északnyugat-magyarországi Általános Olimpiai Központ (Tatai Edzőtábor) fejlesztéséről,Other,,
2025,2148/2025,A Duna Aszfalt Út és Mélyépítő Zártkörűen Működő Részvénytársaság által kibocsátásra kerülő kötvények Magyar Export- Import Bank Zártkörűen Működő Részvénytársaság és MFB Magyar Fejlesztési Bank Zártkörűen Működő Részvénytársaság általi lejegyzéséhez kapcsolódó egyes kormányzati intézkedésekről,Other,,
2025,2149/2025,Egy helyi önkormányzat pénzügyi-gazdasági helyzetének átvilágításához szükséges intézkedésekről,Other,,
2025,2150/2025,Az Országos Kórházi Főigazgatóság és az irányítása alá tartozó intézmények által használt EKEIDR irat- és dokumentumkezelő rendszer informatikai támogatásához szükséges forrás biztosításáról,Other,,
2025,2151/2025,Határon túli célú költségvetési támogatások biztosításáról,Other,,
2025,2152/2025,A FAB Tetőtér beruházás befejezéséhez szükséges kormányzati intézkedésekről,Other,,
2025,2153/2025,A Magyar-Turán Közhasznú Alapítvány támogatásáról,Other,,
2025,2154/2025,A felsőoktatás nemzetköziesítéséről,Other,,
2025,2155/2025,A biatorbágyi Ritsmann Pál Német Nemzetiségi Általános Iskola bővítésére irányuló beruházás befejezéséről,Other,,
2025,2156/2025,A 2024. évi pedagógus béremelés végrehajtásához biztosított többlettámogatás elszámolásával kapcsolatban a helyi önkormányzatoknál jelentkező visszafizetési kötelezettséggel kapcsolatos intézkedésekről,Other,,
2025,2157/2025,A 2027. évi Tour de Hongrie megrendezéséhez szükséges további kormányzati intézkedésekről,Other,,
2025,2158/2025,A 2026. évi Gaming Expo rendezvénysorozat megrendezésével kapcsolatos kormányzati intézkedésekről,Other,,
2025,2159/2025,A 2026. évi Judo Grand Slam megrendezésével kapcsolatos kormányzati intézkedésekről,Other,,
2025,2160/2025,A 2027. évi Öttusa Világbajnokság megrendezésével kapcsolatos kormányzati intézkedésekről,Other,,
2025,2161/2025,A 2026. évi Gyulai István Memorial - Atlétikai Magyar Nagydíj megrendezésével kapcsolatos kormányzati intézkedésekről,Other,,
2025,2163/2025,"A BINDER Ipari szerkezetépítő, Kereskedelmi, Termeltető és Szolgáltató Korlátolt Felelősségű Társaság nagybefektető magyarországi beruházásának kormányzati támogatásáról",Other,,
2025,2164/2025,A DENSO Gyártó Magyarország Korlátolt Felelősségű Társaság nagybefektető magyarországi beruházásának kormányzati támogatásáról,Other,,
2025,2165/2025,Az EcoPro BM Hungary Zártkörűen Működő Részvénytársaság nagybefektető magyarországi beruházásának kormányzati támogatásáról,Other,,
2025,2166/2025,A BioTechUSA Korlátolt Felelősségű Társaság nagybefektető magyarországi beruházásának kormányzati támogatásáról,Other,,
2025,2167/2025,A BorsodChem Zártkörűen Működő Részvénytársaság nagybefektető magyarországi beruházásának kormányzati támogatásáról,Other,,
2025,2168/2025,A CK EM Solution HUN Korlátolt Felelősségű Társaság nagybefektető magyarországi beruházásának kormányzati támogatásáról,Other,,
2025,2169/2025,A DANA TM4 Hungary Korlátolt Felelősségű Társaság nagybefektető magyarországi beruházásának kormányzati támogatásáról,Other,,
2025,2170/2025,A REMRED Technológia Fejlesztő Zártkörűen Működő Részvénytársaság nagybefektető magyarországi beruházásának kormányzati támogatásáról,Other,,
2025,2171/2025,A Wasion Hungary Korlátolt Felelősségű Társaság nagybefektető magyarországi beruházásának kormányzati támogatásáról,Other,,
2025,2172/2025,A ZOLLNER Elektronik Gyártó és Szolgáltató Korlátolt Felelősségű Társaság nagybefektető magyarországi beruházásának kormányzati támogatásáról,Other,,
2025,2173/2025,Az EL JEFE Gyártó és Kereskedelmi Korlátolt Felelősségű Társaság nagybefektető magyarországi beruházásának kormányzati támogatásáról,Other,,
2025,2174/2025,A Harro Höfliger Hungary Korlátolt Felelősségű Társaság nagybefektető magyarországi beruházásának kormányzati támogatásáról,Other,,
2025,2175/2025,A MARZEK KNER PACKAGING Csomagolóanyag-gyártó Korlátolt Felelősségű Társaság nagybefektető magyarországi beruházásának kormányzati támogatásáról,Other,,
2025,2176/2025,A MOL Magyar Olaj- és Gázipari Nyilvánosan Működő Részvénytársaság nagybefektető magyarországi beruházásának kormányzati támogatásáról,Other,,
2025,2177/2025,Az EGIS Gyógyszergyár Zártkörűen Működő Részvénytársaság nagybefektető magyarországi beruházásának kormányzati támogatásáról,Other,,
2025,2178/2025,Qvantum Energy Technology Korlátolt Felelősségű Társaság nagybefektető magyarországi beruházásának kormányzati támogatásáról,Other,,
2025,2179/2025,Horváth Rudoldf Intertransport Kereskedelmi és Szolgáltató Korlátolt Felelősségű Társaság nagybefektető magyarországi beruházásának kormányzati támogatásáról,Other,,
2025,2180/2025,A Tokaj-Hegyalja Egyetemért Alapítvány részére történő forrásbiztosításról,Other,,
2025,2181/2025,A Magyar Országos Korcsolyázó Szövetség 2025-2026. évi többlettámogatásával kapcsolatos intézkedésekről intézkedésekről,Other,,
2025,2183/2025,Befizetési kötelezettség előírásáról,Other,,
2025,2186/2025,Határon túli labdarúgó sportszervezet kiegészítő támogatásához szükséges forrás biztosításáról,Other,,
2025,2187/2025,A BorgWarner Oroszlány Korlátolt Felelősségű Társaság nagybefektető magyarországi beruházásának kormányzati támogatásáról,Other,,
2025,2188/2025,A Howmet-Köfém Székesfehérvári Könnyűfémmű Korlátolt Felelősségű Társaság nagybefektető magyarországi beruházásának kormányzati támogatásáról,Other,,
2025,2189/2025,A Tulip Interfaces Korlátolt Felelősségű Társaság nagybefektető magyarországi beruházásának kormányzati támogatásáról,Other,,
2025,2190/2025,A SEMCORP Hungary Korlátolt Felelősségű Társaság nagybefektető magyarországi beruházásának kormányzati támogatásáról,Other,,
2025,2191/2025,A W-SCOPE HUNGARY PLANT Kft. nagybefektető magyarországi beruházásának kormányzati támogatásáról,Other,,
2025,2192/2025,Az Andrássy-palotában megvalósuló könnyűzenei központ beruházás megvalósításához szükséges többletforrások biztosításáról,Other,,
2025,2193/2025,"Az Észak-magyarországi Regionális Utánpótlás Központ, valamint a Diósgyőri Vasgyárak Testgyakorlók Köre és partneregyesületei 2024. évi működésének, valamint sportszakmai feladatainak további finanszírozásával kapcsolatos intézkedésekről",Other,,
2025,2194/2025,"Az azerbajdzsáni Soltanli település újjáépítésének keretében magyar támogatásból megvalósuló, lakóépületek kivitelezéséhez nyújtott magyar támogatásról",Other,,
2025,2195/2025,Civil szervezet feladatainak ellátásához szükséges támogatásról,Other,,
2025,2196/2025,A Brüll Alfréd Ház - Magyar Zsidó Örökség Parkja megvalósításához szükséges intézkedésekről,Other,,
2025,2197/2025,A Magyarországi Baptista Egyház debreceni gyülekezeti központ beruházásának megvalósításához szükséges forrás biztosításáról szóló 2311/2024. Korm. határozat módosításáról,Other,,
2025,2198/2025,A kistelepülések támogatása érdekében szükséges egyes ingatlanok állami tulajdonszerzésének vizsgálatáról,Other,,
2025,2199/2025,A Klímacél Korlátolt Felelősségű Társaság nagybefektető magyarországi beruházásának kormányzati támogatásáról,Other,,
2025,2200/2025,A Scrapcity Korlátolt Felelősségű Társaság nagybefektető magyarországi beruházásának kormányzati támogatásáról,Other,,
2025,2201/2025,Karcag Város Önkormányzata tulajdonosi joggyakorlása alá tartozó gazdasági társaságának adósságot keletkeztető ügyletéhez történő hozzájárulásról,Other,,
2025,2202/2025,A szélessávú mobil adatátviteli EDR-szolgáltatás és a pilóta nélküli légijárművek forgalommenedzsmentjének ellátásához szükséges frekvenciasáv elérhetősége érdekében szükséges intézkedésekről,Other,,
2025,2204/2025,Az Európa biztonságát az európai védelmi ipar megerősítése révén szolgáló cselekvési eszköz igénybevételéről,Other,,
2025,2205/2025,Egy gazdasági társaság részesedései elidegenítési lehetőségeinek vizsgálatáról,Other,,
2025,2206/2025,A József Főhercegi Palota teljes rekonstrukciója és a Várgarázs III. beruházás megvalósításához szükséges intézkedésekről,Other,,
2025,2207/2025,A Honvéd Főparancsnokság újjáépítésének teljes megvalósításához szükséges intézkedésekről,Other,,
2025,2208/2025,"Az általános európai uniós, valamint az európai uniós fejlesztéspolitikai területen kitűzött célok eléréséhez szükséges szervezett utánpótlás biztosításáról szóló 2067/2019. Korm. határozat módosításáról",Other,,
2025,2209/2025,A 2027. évi Női Kézilabda Világbajnokság megrendezéséhez szükséges további kormányzati intézkedésekről,Other,,
2025,2210/2025,A MÁV Pályaműködtetési Zártkörűen Működő Részvénytársaság adósságot keletkeztető ügyletéhez történő hozzájárulásról,Other,,
2025,2211/2025,A MÁV Személyszállítási Zártkörűen Működő Részvénytársaság adósságot keletkeztető ügyletéhez történő hozzájárulásról,Other,,
2025,2212/2025,A „Visegrád 700” fejlesztési program előkészítői és megvalósítási feladatainak átvételéhez szükséges intézkedésekről,Other,,
2025,2213/2025,93 darab használt motorvonat és hozzá kapcsolódó 15 éves karbantartás beszerzéséről,Other,,
2025,2215/2025,A NÖF Nemzeti Örökségvédelmi Fejlesztési Nonprofit Korlátolt Felelősségű Társaság vagyonkezelésében álló állami tulajdonú ingatlanportfólió optimalizálásáról,Other,,
2025,2216/2025,Az Elektronikus Közbeszerzési Rendszer 2026-2029. évi továbbfejlesztéséhez szükséges forrás biztosításáról,Other,,
2025,2217/2025,A 2021-2027 programok 2025. évi lehívási előrejelzéséről és a kapcsolódó feladatokról,Other,,
2025,2218/2025,A Váry–Szabó–Jankovich Kúria felújításához szükséges többletforrás biztosításáról,Other,,
2025,2219/2025,"Egyes honvédelmi tárgyú beszerzési eljárások eredményeként kötendő szerződésekkel kapcsolatos, éven túli kötelezettségvállalások előzetes jóváhagyásáról",Other,,
2025,2220/2025,A határ menti térségek további gazdasági fellendülése érdekében szükséges forrás biztosításáról és a magyar-szerb határszakaszon a határátlépéssel járó várakozási idő csökkentéséhez szükséges rendészeti fejlesztési igényekről szóló 2213/2024. Korm. határozat módosításáról,Other,,
2025,2221/2025,Egyes befektetési tárgyú kérdésekről,Other,,
2025,2222/2025,A Belgrádi Expo 2027. kiállításon történő magyar megjelenés előzetes tematikájáról és a részvételhez szükséges előkészítő feladatokhoz kapcsolódó működési és finanszírozási feltételek megteremtéséről,Other,,
2025,2223/2025,A Legfőbb Ügyészség Markó utcai épülete rekonstrukciójához szükséges kormányzati intézkedésekről,Other,,
2025,2225/2025,Az Európai Unió hatásköreinek vizsgálatáról,Other,,
2025,2226/2025,A Vendég Információs Zárt Adatbázis üzemeltetéséhez szükséges források biztosításáról,Other,,
2025,2227/2025,A szekszárdi uszoda állami üzemeltetéséhez szükséges további intézkedésekről,Other,,
2025,2228/2025,A 2026. évi UEFA Bajnokok Ligája-döntő budapesti megrendezéséhez szükséges további kormányzati intézkedésekről,Other,,
2025,2229/2025,"A Budapest-Belgrád vasútfejlesztési projekt északi (Ferencváros - Soroksár) szakaszához kapcsolódó, a Kínai Eximbankkal megkötendő finanszírozási megállapodás jóváhagyásáról",Other,,
2025,2230/2025,Az állami kiadások felhasználásának korlátozásáról szóló 2057/2025. Korm. határozatban foglalt zárolás részbeni feloldásáról,Other,,
2025,2231/2025,"A Védelmi Ipari Tőkealap létrehozásáról, az alapkezelő kijelöléséről, valamint a szükséges források biztosításáról szóló 2411/2023. Korm. határozat módosításáról",Other,,
2025,2232/2025,"Az egyes honvédelmi tárgyú beszerzési eljárások eredményeként kötendő szerződésekkel kapcsolatos, éven túli kötelezettségvállalás előzetes jóváhagyásáról",Other,,
2025,2233/2025,A Debreceni Közlekedési Zártkörűen Működő Részvénytársaság adósságot keletkeztető ügyletéhez történő hozzájárulásról,Other,,
2025,2234/2025,"A World Aquatics 2027. évi 23. Úszó-, Vízilabda-, Műugró, Műúszó és Nyíltvízi Világbajnokság és 22. Masters Világbajnokság megrendezéséhez szükséges további kormányzati intézkedésekről",Other,,
2025,2235/2025,A minősített ajánlott elektronikus kézbesítési szolgáltatás biztosításához szükséges intézkedésekről,Other,,
2025,2237/2025,Az egységes központi elektronikus irat- és dokumentumkezelési rendszer kiterjesztésével kapcsolatos további feladatokról,Other,,
2025,2238/2025,A befizetési kötelezettség előírásáról,Other,,
2025,2239/2025,"A Magyar Honvédség számára elérhető külföldi katonai képzések aktuális helyzetéről, valamint a személyi állomány szakmai képzettségének további fejlesztésével kapcsolatos egyes kérdésekről",Other,,
2025,2240/2025,"A külképviseletek, valamint egyéb, a kormányzati tevékenység szempontjából fontos külföldön lévő magyar szervek, intézmények és létesítmények biztonsági védelmével kapcsolatos további intézkedésekről",Other,,
2025,2241/2025,Az állami építési beruházásként megvalósult létesítményekben megrendezendő kiemelt eseményekkel kapcsolatos szükség intézkedésekről,Other,,
2025,2243/2025,Az Egyesült Nemzetek Egyetem kőszegi intézetének létrehozásáról,Other,,
2025,2244/2025,Az egyes határon túli civil szervezetek programjainak finanszírozásához szükséges forrás biztosításáról,Other,,
2025,2246/2025,Az Universitas Miskolcinensis Alapítvány modern nehézipari ökoszisztémában történő szerepvállalásának erősítéséről,Other,,
2025,2247/2025,A LIGHTWARE Vetítéstechnikai Zártkörűen Működő Részvénytársaság nagybefektető magyarországi beruházásának kormányzati támogatásáról,Other,,
2025,2248/2025,A LIGHTWARE Vetítéstechnikai Zártkörűen Működő Részvénytársaság nagybefektető magyarországi beruházásának kormányzati támogatásáról,Other,,
2025,2250/2025,Az Aalberts Surface Technologies Szolgáltató Korlátolt Felelősségű Társaság nagybefektető magyarországi beruházásának kormányzati támogatásáról,Other,,
2025,2251/2025,A Boysen Battery Components Hungary Korlátolt Felelősségű Társaság nagybefektető magyarországi beruházásának kormányzati támogatásáról,Other,,
2025,2252/2025,A Leadec Korlátolt Felelősségű Társaság nagybefektető magyarországi beruházásának kormányzati támogatásáról,Other,,
2025,2253/2025,A ROCHE (MAGYARORSZÁG) GYÓGYSZER- ÉS VEGYIANYAGKERESKEDELMI KFT nagybefektető magyarországi kutatás-fejlesztési projektjének kormányzati támogatásáról,Other,,
2025,2254/2025,A Genesys Cloud Services Hungary Korlátolt Felelősségű Társaság nagybefektető magyarországi kutatás-fejlesztési projektjének kormányzati támogatásáról,Other,,
2025,2255/2025,Az OBO Bettermann Hungary Ipari és Kereskedelmi Szolgáltató Korlátolt Felelősségű Társaság és a Bettermann Ingatlankezelő és Szolgáltató Korlátolt Felelősségű Társaság nagybefektetők magyarországi beruházásainak kormányzati támogatásáról,Other,,
2025,2256/2025,"A Rheinmetall Advanced Technology Solutions Korlátolt Felelősségű Társaság, Rheinmetall Polycharge Hungary Korlátolt Felelősségű Társaság és a Rheinmetall Real Estate SPS Korlátolt Felelősségű Társaság nagybefektetők magyarországi beruházásainak kormányzati támogatásáról",Other,,
2025,2257/2025,A NHK Spring Hungary Korlátolt Felelősségű Társaság nagybefektető magyarországi beruházásának kormányzati támogatásáról,Other,,
2025,2258/2025,Az Euraseal Szolgáltató Betéti Társaság nagybefektető magyarországi beruházásának kormányzati támogatásáról,Other,,
2025,2259/2025,A SHINHEUNG SEC EU Korlátolt Felelősségű Társaság nagybefektető magyarországi beruházásának kormányzati támogatásáról,Other,,
2025,2260/2025,A HARIBO Hungária Édességgyártó- és Forgalmazó Korlátolt Felelősségű Társaság nagybefektető magyarországi beruházásának kormányzati támogatásáról,Other,,
2025,2261/2025,"Az Intretech Hungary Gyártó, Szolgáltató Korlátolt Felelősségű Társaság és az Insut Hungary Korlátolt Felelősségű Társaság nagybefektetők magyarországi beruházásainak kormányzati támogatásáról",Other,,
2025,2262/2025,A Nolato Magyarország Ipari és Kereskedelmi Korlátolt Felelősségű Társaság nagybefektető magyarországi beruházásának kormányzati támogatásáról,Other,,
2025,2263/2025,A SE-CEE Schneider Electric Közép-Kelet Európai Korlátolt Felelősségű Társaság nagybefektető magyarországi beruházásának kormányzati támogatásáról,Other,,
2025,2264/2025,A SCHOTT Hungary Gyógyszeripari Üvegtermék Gyártó Korlátolt Felelősségű Társaság nagybefektető magyarországi beruházásának kormányzati támogatásáról,Other,,
2025,2265/2025,A Supratec Membrane Korlátolt Felelősségű Társaság nagybefektető magyarországi beruházásának kormányzati támogatásáról,Other,,
2025,2266/2025,Az AUDI HUNGARIA AHEAD Korlátolt Felelősségű Társaság nagybefektető magyarországi beruházásának megvalósítása érdekében kibocsátandó feltételes támogatási ajánlatról,Other,,
2025,2267/2025,A Becton Dickinson Hungary Kereskedelmi Korlátolt Felelősségű Társaság nagybefektető magyarországi beruházásának megvalósítása érdekében kibocsátandó feltételes támogatási ajánlatról,Other,,
2025,2268/2025,A Becton Dickinson Hungary Kereskedelmi Korlátolt Felelősségű Társaság nagybefektető magyarországi beruházásának megvalósítása érdekében kibocsátandó feltételes támogatási ajánlatról,Other,,
2025,2269/2025,A GE Vernova Hungary Ipari és Kereskedelmi Korlátolt Felelősségű Társaság nagybefektető magyarországi beruházásának megvalósítása érdekében kibocsátandó feltételes támogatási ajánlatról,Other,,
2025,2270/2025,A 2027. évi U19-es Futsal Európa-bajnokság magyarországi megrendezésére vonatkozó pályázat benyújtásához szükséges kormányzati intézkedésekről,Other,,
2025,2271/2025,A Harman Becker Gépkocsirendszer Gyártó Korlátolt Felelősségű Társaság nagybefektető magyarországi beruházásának megvalósítása érdekében kibocsátandó feltételes támogatási ajánlatról,Other,,
2025,2272/2025,A VESTFROST Zártkörűen Működő Részvénytársaság nagybefektető magyarországi beruházásának megvalósítása érdekében kibocsátandó feltételes támogatási ajánlatról,Other,,
2025,2273/2025,Egyes nagybefektetők magyarországi beruházásainak kormányzati támogatásáról,Other,,
2025,2274/2025,A Gödöllői Királyi Kastély teljes felújításához szükséges kormányzati intézkedésekről,Other,,
2025,2275/2025,Az International Testing Agency Budapesten létesítendő európai központjáról,Other,,
2025,2276/2025,Egyes turisztikai fejlesztések előkészítéséről,Other,,
2025,2277/2025,Egyes infrastruktúrafejlesztési kérdésekről,Other,,
2025,2278/2025,A természetes építőanyagokkal kapcsolatos akcióterv kidolgozásához szükséges egyes intézkedésekről,Other,,
2025,2279/2025,Az élelmiszeripari intézkedésekről,Other,,
2025,2280/2025,A dunakeszi járműgyártás helyzetének rendezéséhez szükséges további intézkedésekről,Other,,
2025,2281/2025,Az ALSTOM Hungary Korlátolt Felelősségű Társaság nagybefektető magyarországi beruházásának kormányzati támogatásáról,Other,,
2025,2282/2025,Vételi jog gyakorlásával kapcsolatos döntésről,Other,,
2025,2283/2025,Az egységes központi elektronikus irat- és dokumentumkezelési rendszer Nemzeti Adó- és Vámhivatalnál történő bevezetéséről,Other,,
2025,2284/2025,A Médiaszolgáltatás-támogató és Vagyonkezelő Alap adósságot keletkeztető ügyletéhez történő hozzájárulásról,Other,,
2025,2285/2025,A Sapientia Alapítvány által fenntartott Sapientia Erdélyi Magyar Tudományegyetem sepsiszentgyörgyi beruházásához szükséges forrás biztosításáról szóló 2249/2024. Korm. határozat végrehajtása során alkalmazandó eltérő rendelkezésekről,Other,,
2025,2286/2025,A MotoGP és a Superbike gyorsaságimotoros-versenyek magyarországi futamainak megrendezésével kapcsolatos kormányzati intézkedésekről,Other,,
2025,2287/2025,A kistelepülések támogatása érdekében egyes ingatlanok állami tulajdonba kerüléséről,Other,,
2025,2288/2025,Egyes sportcélú támogatásokkal kapcsolatos intézkedésekről,Other,,
2025,2289/2025,"Az egyes felsőoktatási intézmények infrastrukturális, valamint innovációs és ökoszisztéma fejlesztéseihez szükséges többletforrás biztosításáról szóló 2115/2022. Korm. határozat szerinti fejlesztések megvalósítása érdekében szükséges intézkedésekről",Other,,
2025,2290/2025,"A Budapest-Lőkösháza III/1. ütem kivitelezés; Békéscsaba állomás pályaépítés és Gyoma (kiz.) –Békéscsaba (bez.) vonalszakasz új elektronikus biztosítóberendezés építése, Ferencváros „C” elágazás - Lőkösháza ETCS 2 telepítés kivitelezése (IKOP-2.1.0-15-2016-00011) projekt zárása miatti forrásszükséglet rendezéséről",Other,,
2025,2291/2025,A Clark Ádám tér és környezete turistabarát megújításához szükséges feladatokról,Other,,
2025,2292/2025,A „NAV számla domain támogatási és fejlesztési szolgáltatásának biztosítása” tárgyú beszerzéssel kapcsolatos egyes döntések meghozataláról,Other,,
2025,2293/2025,Egyes honvédelmi tárgyú beszerzési eljárások eredményeként kötendő szerződésekkel kapcsolatos éven túli kötelezettségvállalások előzetes jóváhagyásáról,Other,,
2025,2294/2025,A Mesterséges Intelligenciáról szóló EU rendelet hazai végrehajtását biztosító hatósági feladatok ellátásának biztosításáról,Other,,
2025,2295/2025,A Széchenyi Programiroda Tanácsadó és Szolgáltató Nonprofit Korlátolt Felelősségű Társaság 2025. évi működésének támogatásához szükséges forrás biztosításáról,Other,,
2025,2296/2025,Nemzetpolitikai célok és programok támogatásához szükséges forrás biztosításáról,Other,,
2025,2297/2025,Egy önkormányzati tulajdonú ingatlan tulajdonjogának magyar állam általi megszerzéséről,Other,,
2025,2298/2025,Békéscsaba Megyei Jogú Város Önkormányzata feladatainak támogatásáról,Other,,
2025,2299/2025,Befizetési kötelezettség előírásáról,Other,,
2025,2300/2025,A KIVING Ingatlangazdálkodó és Beruházásszervező Korlátolt Felelősségű Társaság adósságot keletkeztető ügyletéhez történő hozzájárulásról,Other,,
2025,2301/2025,Költségvetési fejezetek számára befizetési kötelezettség előírásáról,Other,,
2025,2302/2025,A kistelepülések támogatása érdekében további ingatlanok állami tulajdonba kerüléséről,Other,,
2025,2303/2025,Egyes infrastruktúrafejlesztési kérdésekről szóló 2277/2025. Korm. határozat végrehajtása során alkalmazandó eltérő rendelkezésekről,Other,,
2025,2304/2025,"Az iparbiztonsági veszélyt, valamint a fenyegető környezetkárosodást megelőző intézkedésekről",Other,,
2025,2305/2025,A magyar-szerb határszakaszon a határátlépéssel járó várakozási idő csökkentéséhez szükséges rendészeti fejlesztési igényekről szóló 2213/2024. Korm. határozat módosításáról,Other,,
2025,2306/2025,A Genesys Cloud Services Hungary Korlátolt Felelősségű Társaság nagybefektető magyarországi beruházásának kormányzati támogatásáról,Other,,
2025,2307/2025,A Progroup Board Korlátolt Felelősségű Társaság nagybefektető magyarországi beruházásának kormányzati támogatásáról,Other,,
2025,2308/2025,A STOBAG Alunorm Kereskedelmi és Szolgáltató Korlátolt Felelősségű Társaság nagybefektető magyarországi beruházásának kormányzati támogatásáról,Other,,
2025,2309/2025,A CALLCOMM Zártkörűen Működő Részvénytársaság nagybefektető magyarországi beruházásának kormányzati támogatásáról,Other,,
2025,2310/2025,A Continental Autonomous Mobility Hungary Korlátolt Felelősségű Társaság nagybefektető magyarországi beruházásának kormányzati támogatásáról,Other,,
2025,2311/2025,Az evosoft Hungary Számítástechnikai Kft nagybefektető magyarországi beruházásának kormányzati támogatásáról,Other,,
2025,2312/2025,A Foldana Ingatlan- és Követeléskezelő Korlátolt Felelősségű Társaság nagybefektető magyarországi beruházásának kormányzati támogatásáról,Other,,
2025,2313/2025,A Birla Carbon Hungary Korlátolt Felelősségű Társaság nagybefektető magyarországi beruházásának kormányzati támogatásáról,Other,,
2025,2314/2025,Az ARAGO Green Technologies Korlátolt Felelősségű Társaság nagybefektető magyarországi beruházásának kormányzati támogatásáról,Other,,
2025,2315/2025,A CJ Foods Hungary Korlátolt Felelősségű Társaság nagybefektető magyarországi beruházásának kormányzati támogatásáról,Other,,
2025,2316/2025,A FÉMALK Fémöntészeti és Alkatrészgyártó Zártkörű Részvénytársaság nagybefektető magyarországi beruházásának kormányzati támogatásáról,Other,,
2025,2317/2025,A Flextronics International Termelő és Szolgáltató Vámszabadterületi Korlátolt Felelősségű Társaság nagybefektető magyarországi beruházásának kormányzati támogatásáról,Other,,
2025,2318/2025,A KunlunChem Hungary Korlátolt Felelősségű Társaság nagybefektető magyarországi beruházásának kormányzati támogatásáról,Other,,
2025,2319/2025,A NEO TPS Hungary Zártkörűen Működő Részvénytársaság nagybefektető magyarországi beruházásának kormányzati támogatásáról,Other,,
2025,2320/2025,A SANG-A FRONTEC EU Korlátolt Felelősségű Társaság nagybefektető magyarországi beruházásának kormányzati támogatásáról,Other,,
2025,2321/2025,Az aiMotive Informatikai Korlátolt Felelősségű Társaság nagybefektető magyarországi beruházásának kormányzati támogatásáról,Other,,
2025,2322/2025,Az E-GROUP ICT SOFTWARE Informatikai Zártkörűen Működő Részvénytársaság minősített projektjének támogatásáról,Other,,
2025,2323/2025,Az Európai Bizottság Technikai Támogatási Eszköze 2026. évi pályázati körében benyújtani javasolt pályázatokról,Other,,
2025,2324/2025,A HYGINETT Magyar-Amerikai Higiéniai Cikkeket Gyártó Korlátolt Felelősségű Társaság nagybefektető magyarországi beruházásának kormányzati támogatásáról,Other,,
2025,2325/2025,A KUKA HUNGÁRIA Korlátolt Felelősségű Társaság nagybefektető magyarországi beruházásának kormányzati támogatásáról,Other,,
2025,2326/2025,A Demján Sándor Tőkeprogram módosításáról,Other,,
2025,2327/2025,A Shapr3D Zártkörűen Működő Részvénytársaság nagybefektető magyarországi beruházásának kormányzati támogatásáról,Other,,
2025,2328/2025,Az SPS Germany GmbH Magyarországi Fióktelepe nagybefektető magyarországi beruházásának kormányzati támogatásáról,Other,,
2025,2329/2025,Az Agrárminisztérium elhelyezésének biztosításához szükséges intézkedésekről,Other,,
2025,2330/2025,Közfeladat-finanszírozási szerződéssel kapcsolatos kormányzati feladatokról,Other,,
2025,2331/2025,A GYŐR PROJEKT Kft. adósságot keletkeztető ügyletéhez történő hozzájárulásról,Other,,
2025,2332/2025,Befizetési kötelezettség előírásairól,Other,,
2025,2333/2025,A csekély összegű támogatások nyilvántartására vonatkozó kötelezettségek teljesítésének biztosításáról,Other,,
2025,2334/2025,"Magyarország és az Egyesült Arab Emírségek között a katonai, a védelmi ipari és a kapcsolódó ügyek területén való együttműködésről szóló egyetértési megállapodással összefüggő intézkedésekről",Other,,
2025,2335/2025,A különleges földgázkészlet létrehozásához szükséges földgáz beszerzését szolgáló hitelhez kapcsolódó egyedi állami kezességvállalás meghosszabbításáról,Other,,
2025,2336/2025,"A Belgium, 1000 Brüsszel, Rue Ducale 51. szám alatti ingatlan állami tulajdonba kerüléséhez szükséges intézkedésekről szóló 2056/2025. Korm. határozat módosításáról",Other,,
2025,2337/2025,Egy sportlétesítmény átalakításához szükséges intézkedésekről,Other,,
2025,2338/2025,A személyszállítási közszolgáltatási feladatok egy részének alvállalkozók által történő ellátása érdekében szükséges intézkedésekről,Other,,
2025,2340/2025,Egy hitelintézetet érintő kérdésekről,Other,,
2025,2341/2025,A biztosítási jogviszonyról és az egészségbiztosítási ellátásokról szóló igazolványban foglalt adatok megőrzéséről,Other,,
2025,2343/2025,Az összkormányzati válságkezelés hatékonyságát elősegítő egyes adatszolgáltatásokra vonatkozó eljárási szabályokról,Other,,
2025,2344/2025,A Stadler Szolnok Vasúti Járműgyártó Korlátolt Felelősségű Társaság nagybefektető magyarországi beruházásának kormányzati támogatásáról,Other,,
2025,2345/2025,Forrásbiztosítási kötelezettség előírásáról,Other,,
2025,2346/2025,Az ÉLVONAL Csúcskutatási és Tehetséggondozó Alapítvány működéséhez szükséges további források biztosításáról,Other,,
2025,2348/2025,A nemzeti kulturális identitás mélyítése érdekében az értékelkötelezett feladatellátást hatákonyan megvalósító és új funkcióval bővülő közgyűjteményi hálózat működtetésének megalapozásáról,Other,,
2025,2350/2025,A Bamo Technology Hungary Korlátolt Felelősségű Társaság nagybefektető magyarországi beruházásának kormányzati támogatásáról,Other,,
2025,2351/2025,A Contemporary Amperex Technology Hungary Korlátolt Felelősségű Társaság nagybefektető magyarországi beruházásának kormányzati támogatásáról,Other,,
2025,2352/2025,A METRANS Szeged Korlátolt Felelősségű Társaság nagybefektető magyarországi beruházásának kormányzati támogatásáról,Other,,
2025,2353/2025,A MAB Insulations Szigetelőanyaggyártó Korlátolt Feleősségű Társaság nagybefektető magyarországi beruházásának kormányzati támogatásáról,Other,,
2025,2354/2025,Az Eve Power Hungary Korlátolt Felelősségű Társaság nagybefektető magyarországi beruházásának kormányzati támogatásáról,Other,,
2025,2355/2025,A HUNGARY SUNWODA AUTOMOTIVE ENERGY TECHNOLOGY Korlátolt Felelősségű Társaság nagybefektető magyarországi beruházásának kormányzati támogatásáról,Other,,
2025,2356/2025,A DELAWARE CONSULTING HUNGARY Korlátolt Felelősségű Társaság nagybefektető magyarországi beruházásának kormányzati támogatásáról,Other,,
2025,2357/2025,A J-STAR MOTION Hungary Korlátolt Felelősségű Társaság nagybefektető magyarországi beruházásának kormányzati támogatásáról,Other,,
2025,2358/2025,A TUBEX Mátra Korlátolt Felelősségű Társaság nagybefektető magyarországi beruházásának kormányzati támogatásáról,Other,,
2025,2359/2025,A Becton Dickinson Hungary Kereskedelmi Korlátolt Felelősségű Társaság nagybefektető magyarországi beruházásának kormányzati támogatásáról,Other,,
2025,2360/2025,A Formlabs Korlátolt Felelősségű Társaság nagybefektető magyarországi beruházásának kormányzati támogatásáról,Other,,
2025,2361/2025,Az egységes hulladékgazdálkodási tevékenységek tárgyában kötött koncessziós szerződés szerinti kompenzációs díjfizetési kötelezettség teljesítésével kapcsolatos kormányzati álláspontról,Other,,
2025,2362/2025,A magyar zeneművészet és a magyar zenei hagyományok népszerűsítésével összefüggő intézkedésekről,Other,,
2025,2363/2025,A Pro Populo Carpathico Nonprofit Korlátolt Felelősségű Társaság beolvadással történő megszűnéséről,Other,,
2025,2364/2025,A 2025. és 2026. évi felhalmozási és működési kiadási előirányzatokra vonatkozó kötelezettségvállalások korlátozásáról,Other,,
2025,2365/2025,A honismereti túrasorozattal kapcsolatos tevékenység támogatásáról,Other,,
2025,2366/2025,A 2026. évi állami kiadások felhasználásának korlátozásáról,Other,,
2025,2367/2025,Az NI Hungary Software és Hardware Gyártó Korlátolt Felelősségű Társaság nagybefektető magyarországi beruházásának kormányzati támogatásáról,Other,,
2025,2368/2025,A Paks II. beruházás megvalósításával kapcsolatos egyes feladatokról,Other,,
2025,2369/2025,A Mátraházi Edzőtábor területének rendezéséről,Other,,
2025,2370/2025,"A közvetlen vagy közvetett módon állami tulajdonban álló egyes gazdasági társaságok, valamint egyéb állami szervezetek elhelyezéséről szóló 2011/2022. Korm. határozat végrehajtása érdekében szükséges intézkedésekről",Other,,
2025,2371/2025,"A kosárlabda sportágat érintő, folyamatban lévő sportinfrastrukturális fejlesztési beruházások befejezéséhez szükséges intézkedésekről",Other,,
2025,2372/2025,A boszniai szerb gazdaságfejlesztési pályázati program folytatásához szükséges intézkedésekről,Other,,
2025,2373/2025,A Pro-M Professzionális Mobil és Hálózati Szolgáltató Zártkörűen Működő Részvénytársaság tőkeemeléséhez és adósságot keletkeztető ügyletéhez történő hozzájárulásról,Other,,
2025,2374/2025,Helyi önkormányzatok fejlesztési feladatainak támogatásáról,Other,,
2025,2375/2025,Az állami kiadások felhasználásának korlátozásáról szóló 2057/2025. Korm. határozatban foglalt zárolás részbeni feloldásáról,Other,,
2025,2376/2025,A Mercedes-Benz Manufacturing Hungary Korlátolt Felelősségű Társaság nagybefektető magyarországi beruházásainak kormányzati támogatásáról,Other,,
2025,2377/2025,Az Agrosprint Mezőgazdasági és Ipari Termékforgalmazó Zártkörűen Működő Részvénytársaság nagybefektető magyarországi beruházásainak kormányzati támogatásáról,Other,,
2025,2379/2025,Az Emerson Process Management Magyarország Technológiai Műszergyártó és Kereskedelmi Korlátolt Felelősségű Társaság nagybefektető magyarországi beruházásainak kormányzati támogatásáról,Other,,
2025,2380/2025,A GE Vernova Hungary Ipari és Kereskedelmi Korlátolt Felelősségű Társaság nagybefektető magyarországi beruházásainak kormányzati támogatásáról,Other,,
2025,2381/2025,A GRABOPLAST Padlógyártó Zártkörűen Működő Részvénytársaság nagybefektető magyarországi beruházásainak kormányzati támogatásáról,Other,,
2025,2382/2025,A GRABOPLAST Padlógyártó Zártkörűen Működő Részvénytársaság nagybefektető magyarországi beruházásainak kormányzati támogatásáról,Other,,
2025,2383/2025,A Magyar Zöld Acél Zártkörűen Működő Részvénytársaság nagybefektető magyarországi beruházásainak kormányzati támogatásáról,Other,,
2025,2384/2025,A MASTER GOOD Termelő és Kereskedelmi Korlátolt Felelősségű Társaság nagybefektető magyarországi beruházásainak kormányzati támogatásáról,Other,,
2025,2385/2025,A NeocoreGames Development Korlátolt Felelősségű Társaság nagybefektető magyarországi beruházásainak kormányzati támogatásáról,Other,,
2025,2386/2025,Magyarországnak az Európai Űrügynökség programjaira a 2025. évi Miniszteri Tanácson történő feliratkozására adott felhatalmazásról,Other,,
2025,2388/2025,A MODEM Modern és Kortárs Művészeti Központ Nonprofit Korlátolt Felelősségű Társaság adósságot keletkeztető ügyletéhez történő hozzájárulásról,Other,,
2025,2389/2025,A kormányzati kiberbiztonsági képességek megerősítéséről,Other,,
2025,2390/2025,A SAFE Védelmi Ipari Beruházási Terv benyújtásával és végrehajtásával kapcsolatos intézkedésekről,Other,,
2025,2391/2025,Egyes peres eljárásokhoz szükséges központi költségvetési forrás biztosításáról,Other,,
2025,2393/2025,Az ÉMI Építésügyi Minőségellenőrző Innovációs Nonprofit Korlátolt Felelősségű Társaság Otthonfelújítási Programhoz kapcsolódó műszaki szakértői közreműködői feladatainak ellátására irányuló kötelezettségvállalásról és annak finanszírozásáról szóló 2135/2024. Korm. határozat módosításáról,Other,,
2025,2394/2025,A Magyar Export-Import Bank Zártkörűen Működő Részvénytársaság által az EAGLE SPV Zártkörűen Működő Részvénytársaság részére nyújtandó hitelhez szükséges egyes kormányzati intézkedésekről,Other,,
2025,2395/2025,"Az államigazgatási szervek és állami tulajdonú gazdasági társaságok budapesti elhelyezéséhez szükséges további kormányzati intézkedésekről szóló 2115/2023. Korm. határozat, valamint az államigazgatási szervek és állami tulajdonú gazdasági társaságok budapesti elhelyezéséhez szükséges további kormányzati intézkedésekről szóló 2494/2022. Korm. határozat végrehajtásával összefüggő további rendelkezésekről",Other,,
2025,2396/2025,Magyarország Szingapúri Nagykövetségén turisztikai szakdiplomata álláshely létesítéséről és fenntartásáról,Other,,
2025,2397/2025,A Diósgyőri Acélművek egykori ipari területét érintő önkormányzati tulajdonszerzés érdekében szükséges intézkedésekről,Other,,
2025,2398/2025,A Nemzeti Útdíjfizetési Szolgáltató Zártkörűen Működő Részvénytársaság tőkeemeléséhez történő hozzájárulásról,Other,,
2025,2399/2025,Az állami kiadások felhasználásának korlátozásáról szóló 2057/2025. Korm. határozatban foglalt zárolás további részbeni feloldásáról,Other,,
2025,2400/2025,Egyházi mozgalmak és egyházi közösségek támogatásáról,Other,,
2025,2401/2025,Az állami szervek szerződéseiben alkalmazott vagyonvédelmi szolgáltatási rezsióradíjak meghatározásáról,Other,,
2025,2402/2025,Egyes sportszervezetek támogatásával kapcsolatos intézkedésekről,Other,,
2025,2403/2025,A vajdasági gazdaságfejlesztési programok folytatásához szükséges többletforrás biztosításáról,Other,,
2025,2404/2025,Az Egészségtudatossági és Pácienstájékoztatási Alapítvány működésének támogatásával kapcsolatos intézkedésekről,Other,,
2025,2405/2025,"Az IKOP Plusz-1.1.0-23-2023-00001 azonosító számú, ""Budapesti trolibusz járműbeszerzés III. ütem és állatkerti deltavágány kiépítése"" című kiemelt projekt támogatásáról",Other,,
2025,2406/2025,"Márai Sándor: a gyertyák csonkig égnek című regénye filmadaptációja megvalósításának, valamint elsőfilmes alkotók támogatásáról",Other,,
2025,2407/2025,A FESTO-AM Gyártó Korlátolt Felelősségű Társaság és CERTA Szerszámkészítő és Alkatrészgyártó Korlátolt Felelősségű Társaság nagybefektető magyarországi beruházásainak kormányzati támogatásáról,Other,,
2025,2409/2025,"Az IRON-TECH Kereskedelmi, Szolgáltató és Gyártó Korlátolt Felelősségű Társaság nagybefektető magyarországi beruházásainak kormányzati támogatásáról",Other,,
2025,2410/2025,A KNAUS TABBERT Termelő- és Kereskedelmi Korlátolt Felelősségű Társaság nagybefektető magyarországi beruházásainak kormányzati támogatásáról,Other,,
2025,2411/2025,A Linamar Hungary Autóipari és Gépgyártó Zártkörűen Működő Részvénytársaság nagybefektető magyarországi beruházásainak kormányzati támogatásáról,Other,,
2025,2412/2025,A Doktor24 Medicina Zártkörűen Működő Részvénytársaság nagybefektető magyarországi beruházásainak kormányzati támogatásáról,Other,,
2025,2413/2025,A Flextronics International Termelő és Szolgáltató Vámszabadterületi Korlátolt Felelősségű Társaság nagybefektető magyarországi beruházásainak kormányzati támogatásáról,Other,,
2025,2414/2025,A Gyermelyi Élelmiszeripari Zártkörűen Működő Részvénytársaság nagybefektető magyarországi beruházásainak kormányzati támogatásáról,Other,,
2025,2415/2025,A LEGO Manufacturing Korlátolt Felelősségű Társaság nagybefektető magyarországi beruházásainak kormányzati támogatásáról,Other,,
2025,2416/2025,A Pro-Solum Hungary Esztrich Betongyártó Korlátolt Felelősségű Társaság nagybefektető magyarországi beruházásainak kormányzati támogatásáról,Other,,
2025,2417/2025,A Rév-Bíró-Vart Metal Zrt. nagybefektető magyarországi beruházásainak kormányzati támogatásáról,Other,,
2025,2418/2025,A VÁMOSGÉP Gép és Acélszerkezetgyártó Korlátolt Felelősségü Társaság nagybefektető magyarországi beruházásainak kormányzati támogatásáról,Other,,
2025,2419/2025,A Zoomlion Access Machinery Hungary Korlátolt Felelősségű Társaság nagybefektető magyarországi beruházásainak kormányzati támogatásáról,Other,,
2025,2420/2025,Budapest Liszt Ferenc Nemzetközi Repülőtér közvetlen vasúti kapcsolatának infrastrukturális fejlesztési kérdéseiről,Other,,
2025,2421/2025,"A Nyugat-Magyarország területén megvalósítandó gyorsforgalmi úti beruházások finanszírozási lehetőségeinek vizsgálatáról, valamint fejlesztésének, üzemeltetésének és fenntartásának új, koncessziós modelljéről",Other,,
2025,2422/2025,Nyugat Magyarország területén megvalósítandó gyorsforgalmi úti beruházások finanszírozási lehetőségeinek további vizsgálatáról,Other,,
2025,2423/2025,Minősített szerződés kapcsán szükséges intézkedésekről,Other,,
2025,2424/2025,A magyar-szerb határszakaszon a határátlépéssel járó várakozási idő csökkentéséhez szükséges rendészeti fejlesztési igényekről szóló 2213/2024. Korm. határozat módosításáról,Other,,
2025,2425/2025,A kiemelt fővárosi sportegyesületek sportlétesítmény üzemeltetési feladatainak támogatásáról,Other,,
2025,2426/2025,A 2026-2028. évekre vonatkozó oltóanyag-beszerzésekről,Other,,
2025,2427/2025,A volt Szövőgyár területének kármentesítéséhez szükséges hazai forrás biztosításáról,Other,,
2025,2428/2025,A 2028. évben megrendezésre kerülő Maccabi Európa Játékok sportesemény Budapesten történő megszervezésének és lebonyolításnak felajánlására és a tárgyalások megkezdésére való felhatalmazásról,Other,,
2025,2429/2025,A Nemzeti Informatikai Eszközkezelési Rendszer létrehozása érdekében szükséges jogalkotási feladatokról,Other,,
2025,2430/2025,Magyarország volt varsói Kereskedelmi Kirendeltsége felújítása második ütemének megvalósításához szükséges intézkedésekről,Other,,
2025,2431/2025,A védelmi és biztonsági felkészítés 2026. évi egyes kérdéseiről,Other,,
2025,2432/2025,A vasúti járműgyártási és karbantartási tevékenység megújításáról,Other,,
2025,2433/2025,Az állami kiadások felhasználásának korlátozásáról szóló 2057/2025. Korm. határozatban foglalt zárolás további részbeni feloldásáról,Other,,
2025,2434/2025,A 2026. évi állami kiadások felhasználásának korlátozásáról szóló 2366/2025. Korm. határozat végrehajtása során alkalmazandó eltérő intézkedésekről,Other,,
2025,2435/2025,A SAFE hiteleszközre allokálható honvédelmi tárgyú beszerzési eljárások előkészítésével kapcsolatos feladatokról,Other,,
2025,2436/2025,Az egyes fejezeti kezelésű előirányzatok terhére vállalható kötelezettségek összegeinek megállapításáról,Other,,
2025,2437/2025,A 2026. évi UEFA Bajnokok Ligája-döntő budapesti megrendezéséhez szükséges további kormányzati intézkedésekről szóló 2228/2025. határozat módosításáról,Other,,
2025,2438/2025,Kiemelt jelentőségű feladatok támogatásáról,Other,,
2025,2439/2025,"A World Aquatics 2027. évi 23. Úszó-, Vízilabda-, Műugró, Műúszó és Nyíltvízi Világbajnokság és 22. Masters Világbajnokság megrendezéséhez szükséges egyes létesítmények felújításáról",Other,,
2025,2440/2025,"A World Aquatics 2027. évi 23. Úszó-, Vízilabda-, Műugró, Műúszó és Nyíltvízi Világbajnokság és 22. Masters Világbajnokság megrendezése érdekében a Duna Aréna felújításáról",Other,,
2025,2441/2025,Többletfeladatok ellátásához szükséges források biztosításáról,Other,,
2025,2442/2025,A magyar zeneművészet és a magyar zenei hagyományok népszerűsítésével összefüggő intézkedésekről,Other,,
2025,2443/2025,Gerincgyógyászati ellátások támogatásáról,Other,,
2025,2444/2025,A 2026. évi „Hacacáré – Együtt a zenében” országos könnyűzenei rendezvénysorozat kiemelt fontosságú rendezvénnyé nyilvánításáról,Other,,
2025,2445/2025,Egy kiemelt fővárosi sportegyesület támogatásáról,Other,,
2025,2446/2025,Egyes sportcélú támogatásokkal kapcsolatos intézkedésekről,Other,,
2025,2449/2025,Határon túli költségvetési támogatás biztosításáról,Other,,
2025,2450/2025,A Türk Nyelvű Államok Együttműködési Tanácsa magyarországi Képviseleti Irodája működtetéséhez szükséges további intézkedésekről,Other,,
2025,2451/2025,"A Meteorológiai Műholdak Hasznosításának Európai Szervezete (EUMETSAT) műholdas programjainak megvalósításához szükséges, a tagságból eredő tagdíjak fedezetének biztosításáról és a programok elfogadásáról",Other,,
2025,2452/2025,A társasházi építményi joggal kapcsolatos informatikai feladatok megvalósításához szükséges forrás biztosításáról,Other,,
2017,2001/2017,A BIO-VITAL 2017 Korlátolt Felelősségű Társaság nagybefektető magyarországi beruházásának magyarországi beruházásának kormányzati támogatásáról.,1. Gazdaságfejlesztés,és Vállalati Támogatások,Több nagybefektető
2017,2002/2017,Az EGLO Magyarország Termelő Korlátolt Felelősségű Társaság nagybefektető magyarországi beruházásának kormányzati támogatásáról.,1. Gazdaságfejlesztés,és Vállalati Támogatások,Több nagybefektető
2017,2003/2017,A HUNGERIT Baromfifeldolgozó és Élelmiszeripari Zártkörűen Működő Részvénytársaság nagybefektető magyarországi beruházásának kormányzati támogatásáról.,1. Gazdaságfejlesztés,és Vállalati Támogatások,Több nagybefektető
2017,2004/2017,Az IBM Data Storage Systems Információtechnológiai Korlátolt Felelősségű Társaság nagybefektető magyarországi beruházásának kormányzati támogatásáról.,1. Gazdaságfejlesztés,és Vállalati Támogatások,Több nagybefektető
2017,2005/2017,A MITSUBA Automotive Systems of Europe Autóalkatrész Gyártó Korlátolt Felelősségű Társaság nagybefektető magyarországi beruházásának kormányzati támogatásáról.,1. Gazdaságfejlesztés,és Vállalati Támogatások,Több nagybefektető
2017,2006/2017,A Mondi Békéscsaba Csomagoló-anyaggyártó Korlátolt Felelősségű Társaság nagybefektető magyarországi beruházásának kormányzati támogatásáról.,1. Gazdaságfejlesztés,és Vállalati Támogatások,Több nagybefektető
2017,2007/2017,A SAMSONITE-HUNGÁRIA Bőrönd Kft. nagybefektető magyarországi beruházásának kormányzati támogatásáról.,1. Gazdaságfejlesztés,és Vállalati Támogatások,Több nagybefektető
2017,2008/2017,A VISONTA PROJEKT Ipari és Szolgáltató Korlátolt Felelősségű Társaság nagybefektető magyarországi beruházásának kormányzati támogatásáról.,1. Gazdaságfejlesztés,és Vállalati Támogatások,Több nagybefektető
2017,2009/2017,A 2014-2020 közötti európai uniós forrású kockázati tőkeprogramokkal kapcsolatos kérdésekről.,1. Gazdaságfejlesztés,és Vállalati Támogatások,Kockázati tőke
2017,2010/2017,Egyes állami fenntartású szociális intézmények egyházak részére történő átadásának folytatásáról és ezzel kapcsolatos további feladatokról.,"6. Kultúra,","Sport, Oktatás, Egészségügy és Egyházak",Szociális intézmények egyházaknak
2017,2011/2017,Az egyes villamos energia infrastruktúra elemek fokozott biztonsági ellenőrzéséről.,"4. Infrastruktúra,",Közlekedés és Energetika,Villamos energia infrastruktúra
2017,2012/2017,Az Edenred S. A. v. Magyarország tárgyú választottbírósági eljárásban hozott ítélet végrehajtásával kapcsolatos intézkedésekről.,3. Állami,"Vagyongazdálkodás, Költségvetés és Közigazgatás",Választottbírósági ítélet
2017,2014/2017,A Médiaszolgáltatás-támogató és Vagyonkezelő Alap objektumainak védelméhez szükséges intézkedésekről.,"2. Honvédelem,",Rendvédelem és Nemzetbiztonság,Objektumvédelem
2017,2015/2017,AMagyarÁllamésaMOLOlaj-ésGázipariNyilvánosanMűködőRészvénytársaság között 2005. december 22-én létrejött szerződés megszüntetéséről.,3. Állami,"Vagyongazdálkodás, Költségvetés és Közigazgatás",MOL szerződés
2017,2016/2017,Az Új Nemzeti Politikával kapcsolatos nemzeti konzultációról.,3. Állami,"Vagyongazdálkodás, Költségvetés és Közigazgatás",Nemzeti konzultáció
2017,2017/2017,A libanoni templomrekonstrukciós projekteket érintő állami szerepvállalásról.,"7. Külpolitika,",EU és Határon Túli Ügyek,Libanoni templomrekonstrukció
2017,2018/2017,"Az Európai Unió Emisszió-kereskedelmi Rendszerével, valamint annak hatálya alá nem tartozó ágazatok klímapolitikai szabályozásával kapcsolatos stratégiai döntés meghozatalára adott felhatalmazásról.","7. Külpolitika,",EU és Határon Túli Ügyek,Klímapolitika
2017,2019/2017,Az MFB Csoport pénzügyi és gazdaságfejlesztési szolgáltatásainak stratégiai irányairól és az ezzel összefüggő feladatokról.,1. Gazdaságfejlesztés,és Vállalati Támogatások,MFB
2017,2020/2017,A Nemzeti Energetikusi Hálózattal kapcsolatos feladatok ellátásáról.,"4. Infrastruktúra,",Közlekedés és Energetika,Nemzeti Energetikusi Hálózat
2017,2021/2017,A révkomáromi Selye János Egyetem részére megvásárolandó kollégium épületéről.,"6. Kultúra,","Sport, Oktatás, Egészségügy és Egyházak",Selye János Egyetem kollégium
2017,2022/2017,"A Közszolgálati Kulturális Nonprofit Kft., a Közszolgálati Archívum és a Nemzeti Audivizuális Archívum működéséhez szükséges intézkedésekről.","6. Kultúra,","Sport, Oktatás, Egészségügy és Egyházak",Közszolgálati Archívum
2017,2023/2017,"A modern, innovatív, integrált nemzeti közmű-szolgáltatási rendszer létrehozásához szükséges intézkedésekről.","4. Infrastruktúra,",Közlekedés és Energetika,Közmű-szolgáltatás
2017,2024/2017,A 2009/28/EK európai parlamenti és tanácsi irányelv 3. cikk (4) bekezdés c) pontja szerinti nemzeti célérték meghatározásáról.,"4. Infrastruktúra,",Közlekedés és Energetika,Megújuló energia
2017,2025/2017,A GlaxoSmithKline Biologicals Gyógyszergyártó és Forgalmazó Korlátolt Felelősségű Társaság nagybefektető magyarországi beruházásának kormányzati támogatásáról.,1. Gazdaságfejlesztés,és Vállalati Támogatások,Több nagybefektető
2017,2026/2017,Az Alföldi Tej Értékesítő és Beszerző Korlátolt Felelősségű Társaság nagybefektető magyarországi beruházásának kormányzati támogatásáról.,1. Gazdaságfejlesztés,és Vállalati Támogatások,Több nagybefektető
2017,2027/2017,A Valeo Auto-Electric Magyarország Gépjárműalkatrész-gyártó Korlátolt Felelősségű Társaság nagybefektető magyarországi beruházásának kormányzati támogatásáról.,1. Gazdaságfejlesztés,és Vállalati Támogatások,Több nagybefektető
2017,2028/2017,A Becton Dickinson Hungary Kereskedelmi Korlátolt Felelősségű Társaság nagybefektető magyarországi beruházásának kormányzati támogatásáról.,1. Gazdaságfejlesztés,és Vállalati Támogatások,Több nagybefektető
2017,2029/2017,Az Apollo Tyres (Hungary) Kft. beruházásához igényelt fejlesztési adókedvezmény engedélyezéséről szóló 2012/2015. Korm. határozat módosításáról.,1. Gazdaságfejlesztés,és Vállalati Támogatások,Adókedvezmény
2017,2030/2017,A „Material-Plastik” Műanyagipari és Kereskedelmi Korlátolt felelősségű Társaság nagybefektető magyarországi beruházásának kormányzati támogatásáról.,1. Gazdaságfejlesztés,és Vállalati Támogatások,Több nagybefektető
2017,2031/2017,A Rosenberger Magyarország Eleketronikai Korlátolt Felelősségű Társaság nagybefektető magyarországi beruházásának kormányzati támogatásáról.,1. Gazdaságfejlesztés,és Vállalati Támogatások,Több nagybefektető
2017,2032/2017,A Nemzeti Versenyképességi Tanács alakuló ülése alapján az üzleti környezet versenyképességének javítását szolgáló intézkedési tervről.,1. Gazdaságfejlesztés,és Vállalati Támogatások,Versenyképességi Tanács
2017,2033/2017,Magyarország Münchenben található főkonzulátusának új épületben történő elhelyezésével kapcsolatos intézkedésekről szóló 2050/2016. Korm. határozatának visszavonásáról.,"7. Külpolitika,",EU és Határon Túli Ügyek,Müncheni főkonzulátus
2017,2034/2017,A konzuli szolgálatról készített jelentésről és a konzuli feladatokkal összefüggő fejlesztésekhez szükséges költségvetési többletforrások biztosításáról.,"7. Külpolitika,",EU és Határon Túli Ügyek,Konzuli szolgálat
2017,2035/2017,A számla on-line adatszolgáltatás bevezetésével kapcsolatos egyes feladatokról.,3. Állami,"Vagyongazdálkodás, Költségvetés és Közigazgatás",Online számla
2017,2036/2017,Az AMES Hungaria Korlátolt Felelősségű Társaság nagybefektető magyarországi beruházásának kormányzati támogatásáról.,1. Gazdaságfejlesztés,és Vállalati Támogatások,Több nagybefektető
2017,2037/2017,A Dana Hungary Gyártó Korlátolt Felelősségű Társaság nagybefektető magyarországi beruházásának kormányzati támogatásáról.,1. Gazdaságfejlesztés,és Vállalati Támogatások,Több nagybefektető
2017,2038/2017,Az F. Segura Hungária Ipari és Kereskedelmi Korlátolt Felelősségű Társaság nagybefektető magyarországi beruházásának kormányzati támogatásáról.,1. Gazdaságfejlesztés,és Vállalati Támogatások,Több nagybefektető
2017,2039/2017,A Hi-Lex Hungary Kábelrendszer Gyártó Korlátolt Felelősségű Társaság nagybefektető magyarországi beruházásának kormányzati támogatásáról.,1. Gazdaságfejlesztés,és Vállalati Támogatások,Több nagybefektető
2017,2040/2017,AMaxonMotorHungaryElektronikaiKorlátolt FelelősségűTársaságnagybefektető magyarországi beruházásának kormányzati támogatásáról.,1. Gazdaságfejlesztés,és Vállalati Támogatások,Több nagybefektető
2017,2041/2017,Az ITU Telecom World 2019 világkonferencia megrendezésére irányuló pályázat benyújtásához való hozzájárulásról.,"7. Külpolitika,",EU és Határon Túli Ügyek,Világkonferencia pályázat
2017,2042/2017,"Integrált kommunikációs országmárka kampány keretében kulturális-művészeti rendezvények és kiadványok megvalósításáról, illetve dokumentumfilm külföldi és hazai televíziós csatornán történő elhelyezéséről.","7. Külpolitika,",EU és Határon Túli Ügyek,Országmárka kampány
2017,2043/2017,A tiltott online szerencsejátékok elleni fellépés keretében végrehajtandó egyes intézkedésekről.,"2. Honvédelem,",Rendvédelem és Nemzetbiztonság,Szerencsejáték elleni fellépés
2017,2044/2017,Az állampolgárok életét nagymértékben befolyásoló döntésekről és aktuális kormányzati eredményekről szóló tájékoztató kiadványról.,3. Állami,"Vagyongazdálkodás, Költségvetés és Közigazgatás",Tájékoztató kiadvány
2017,2045/2017,A geszti Tisza-kastély környezet rekonstrukciójához szükséges egyes további intézkedésekről.,"6. Kultúra,","Sport, Oktatás, Egészségügy és Egyházak",Geszti Tisza-kastély
2017,2046/2017,A Modern Városok Program fejlesztéseivel összefüggő egyes vagyonjogi kérdésekről.,"4. Infrastruktúra,",Közlekedés és Energetika,Modern Városok Program
2017,2047/2017,"A RÉVÉSZ-NYÍRLOG Logisztikai, Kereskedelmi és Szolgáltató Korlátolt Felelősségű Társaság nagybefektető magyarországi beruházásának kormányzati támogatásáról.",1. Gazdaságfejlesztés,és Vállalati Támogatások,RÉVÉSZ-NYÍRLOG
2017,2048/2017,A Felhő utcai Református Központ létrehozása érdekében szükséges intézkedésekről.,"6. Kultúra,","Sport, Oktatás, Egészségügy és Egyházak",Református Központ
2017,2049/2017,A Kenyai Köztársaság kelet-európai térséget lefedő nagykövetségének budapesti székhellyel történő megnyitásának támogatásáról.,"7. Külpolitika,",EU és Határon Túli Ügyek,Kenyai nagykövetség
2017,2050/2017,A megújuló energiaforrásokból előállított energia használatánaktámogatásáról szóló európai parlamenti és tanácsi irányelv-tervezetre vonatkozó induló tárgyalási álláspont meghatározásáról.,"7. Külpolitika,",EU és Határon Túli Ügyek,Megújuló energia irányelv
2017,2051/2017,Az IT Services Hungary Szolgáltató Korlátolt Felelősségű Társaság nagybefektető magyarországi beruházásának kormányzati támogatásáról.,1. Gazdaságfejlesztés,és Vállalati Támogatások,Több nagybefektető
2017,2052/2017,"Az ONGROPACK MŰANYAG FÓLIAGYÁRTÓ, FELDOLGOZÓ ÉS KERESKEDELMI KFT. nagybefektető magyarországi beruházásának kormányzati támogatásáról.",1. Gazdaságfejlesztés,és Vállalati Támogatások,Több nagybefektető
2017,2053/2017,A Fulltech Industry Korlátolt Felelősségű Társaság nagybefektető magyarországi beruházásának kormányzati támogatásáról.,1. Gazdaságfejlesztés,és Vállalati Támogatások,Több nagybefektető
2017,2054/2017,A BP Business Service Centre Korlátolt Felelősségű Társaság nagybefektető magyarországi beruházásának kormányzati támogatásáról.,1. Gazdaságfejlesztés,és Vállalati Támogatások,Több nagybefektető
2017,2055/2017,A „Recsk I. – részére” és „Recsk II. – nemes-és színesfémérc” védnevű bányatelkek újrahasznosításának lehetőségéről és feltételeiről.,"4. Infrastruktúra,",Közlekedés és Energetika,Bányatelkek újrahasznosítása
2017,2056/2017,A Vasúti Műszaki Vizsgálóközpont létrehozásához szükséges intézkedésekről.,"4. Infrastruktúra,",Közlekedés és Energetika,Vasúti Műszaki Vizsgálóközpont
2017,2057/2017,Az Alaptörvény értelmezésének indítványozásáról.,3. Állami,"Vagyongazdálkodás, Költségvetés és Közigazgatás",Alaptörvény értelmezése
2017,2058/2017,A BorgWarner Oroszlány Korlátolt Felelősségű Társaság és a BorgWarner Hungary Korlátolt Felelősségű Társaság nagybefektetők magyarországi beruházásának kormányzati támogatásáról.,1. Gazdaságfejlesztés,és Vállalati Támogatások,BorgWarner
2017,2059/2017,A Waclaw Felczak Alap létrehozásával kapcsolatos egyes intézkedésekről.,"7. Külpolitika,",EU és Határon Túli Ügyek,Waclaw Felczak Alap
2017,2060/2017,AFreudenbergSealingTechnoklogies Korlátolt Felelősségű Társaságnagybefektető magyarországi beruházásának kormányzati támogatásáról.,1. Gazdaságfejlesztés,és Vállalati Támogatások,Több nagybefektető
2017,2061/2017,A HUNENT Viziszárnyas Feldolgozó Zártkörűen Működő Részvénytársaság nagybefektető magyarországi beruházásának kormányzati támogatásáról.,1. Gazdaságfejlesztés,és Vállalati Támogatások,Több nagybefektető
2017,2062/2017,A QUALITÍ POULTRY Baromfifeldolgozó és Kereskedelmi Korlátolt Felelősségű Társaság befektető magyarországi beruházásának kormányzati támogatásáról.,1. Gazdaságfejlesztés,és Vállalati Támogatások,Több nagybefektető
2017,2063/2017,A magyar műkincs állam javára történő megvásárlásáról szóló 2040/2015. Korm. határozatának visszavonásáról.,"6. Kultúra,","Sport, Oktatás, Egészségügy és Egyházak",Műkincs visszavonás
2017,2064/2017,A Spinto Hungaria Korlátolt Felelősségű Társaság nagybefektető magyarországi beruházásának kormányzati támogatásáról.,1. Gazdaságfejlesztés,és Vállalati Támogatások,Spinto Hungaria
2017,2065/2017,A Nemzeti Korcsolyázó Központ megteremtése érdekében szükséges további intézkedésekről.,"6. Kultúra,","Sport, Oktatás, Egészségügy és Egyházak",Nemzeti Korcsolyázó Központ
2017,2066/2017,Az ATEV Fehérjefeldolgozó Zártkörűen Működő Részvénytársaság részére romániai tevékenysége folytatása céljából nyújtott forrás felhasználásáról.,3. Állami,"Vagyongazdálkodás, Költségvetés és Közigazgatás",ATEV romániai tevékenysége
2017,2067/2017,A Kallós Zoltán Alapítvány ingatlanvásárlásának támogatásáról.,"7. Külpolitika,",EU és Határon Túli Ügyek,Kallós Zoltán Alapítvány
2017,2068/2017,A „Hungary Helps” védjegy bevezetésével kapcsolatos feladatokról.,"7. Külpolitika,",EU és Határon Túli Ügyek,"""Hungary Helps"""
2017,2069/2017,Az FLC Logistic Kereskedelmi és Logisztikai Korlátolt Felelősségű Társaság nagybefektető magyarországi beruházásának kormányzati támogatásáról.,1. Gazdaságfejlesztés,és Vállalati Támogatások,Több nagybefektető
2017,2070/2017,A BOURGOGNE GASTRONOMIE Szolgáltató Korlátolt Felelősségű Társaság nagybefektető magyarországi beruházásának kormányzati támogatásáról.,1. Gazdaságfejlesztés,és Vállalati Támogatások,Több nagybefektető
2017,2071/2017,A fóti Károlyi István Gyermekközpont által nyújtott gyermekvédelmi szakellátások jövőbeni helyszíneinek és az azok létrehozásához szükséges forrásoknak a meghatározásáról.,"6. Kultúra,","Sport, Oktatás, Egészségügy és Egyházak",Fóti Gyermekközpont
2017,2072/2017,A 2017. évi NATO stratégiai tervezéshez kapcsolódó felhatalmazásról.,"2. Honvédelem,",Rendvédelem és Nemzetbiztonság,NATO
2017,2073/2017,"Magyarország Teheránban található nagykövetségének új, saját tulajdonú épületben történő elhelyezésével kapcsolatos intézkedésekről.","7. Külpolitika,",EU és Határon Túli Ügyek,Teheráni nagykövetség
2017,2074/2017,A Nemzeti Közszolgálati Egyetem elhelyezésével a Ludovika Campusban állami beruházás programelemeinek megvalósításához szükséges ingatlanok biztosításával kapcsolatos intézkedésekről.,"6. Kultúra,","Sport, Oktatás, Egészségügy és Egyházak",NKE Ludovika Campus
2017,2075/2017,A Dunakeszi Járműjavító Korlátolt Felelősségű Társaság Magyar Állami és a MÁV Magyar Államvasutak Zártkörűen Működő Részvénytársaság tulajdonában lévő társasági részesedéseiről.,3. Állami,"Vagyongazdálkodás, Költségvetés és Közigazgatás","MÁV, Dunakeszi"
2017,2076/2017,"A modern, innovatív, integrált nemzeti közmű-szolgáltatási rendszer létrehozásához szükséges intézkedésekről szóló 2023/2017. Kormány határozat módosításáról.","4. Infrastruktúra,",Közlekedés és Energetika,Nemzeti közmű
2017,2077/2017,Magyarország Kijevben található nagykövetségének új épületben történő elhelyezésével kapcsolatos intézkedésekről.,"7. Külpolitika,",EU és Határon Túli Ügyek,Kijevi nagykövetség
2017,2078/2017,A Soros-tervvel kapcsolatos nemzeti konzultációról.,3. Állami,"Vagyongazdálkodás, Költségvetés és Közigazgatás",Nemzeti konzultáció
2017,2080/2017,"A Budapest V. kerület, Nádor utca 36. A épület cím alatt található ingatlan hasznosításával kapcsolatos feladatokról.",3. Állami,"Vagyongazdálkodás, Költségvetés és Közigazgatás",Ingatlanhasznosítás
2017,2081/2017,A Malév GH Földi Kiszolgáló Zártkörűen Működő Részvénytársaság reorganizációjának végrehajtása érdekében nyújtandó forrásjuttatásról.,3. Állami,"Vagyongazdálkodás, Költségvetés és Közigazgatás",Malév GH forrás
2017,2082/2017,Aszámlaon-lineadatszolgáltatás bevezetésévelkapcsolatosegyesfeladatokról szóló 2035/2017. Korm. határozat módosításáról.,3. Állami,"Vagyongazdálkodás, Költségvetés és Közigazgatás",Online számla
2017,2083/2017,A Waclaw Felczak Alap létrehozásával kapcsolatos egyes intézkedésekről szóló 2059/2017. Korm. határozat módosításáról.,"7. Külpolitika,",EU és Határon Túli Ügyek,Waclaw Felczak Alap
2017,2084/2017,A Nemak Győr Alumíniumöntöde Korlátolt Felelősségű Társaság nagybefektető magyarországi beruházásának kormányzati támogatásáról.,1. Gazdaságfejlesztés,és Vállalati Támogatások,Nemak Győr
2017,2085/2017,A sportról szóló 2004. évi I. törvény szerinti vagyoni értékű jogok hasznosításáról.,"6. Kultúra,","Sport, Oktatás, Egészségügy és Egyházak",Sport vagyoni jogok
2017,2086/2017,"A költségvetési viszontgarancia vállalásának és érvényesítésének, valamint az MFB Magyar Fejlesztési Bank Zártkörűen Működő Részvénytársaság javára vagy érdekében vállalt kezesség beváltásának szabályozásával összefüggő kormányzati feladatokról.",3. Állami,"Vagyongazdálkodás, Költségvetés és Közigazgatás",MFB kezesség
2017,2087/2017,A megyei hatáskörű városi múzeumok és a Magyar Nemzeti Múzeum régészeti feladatellátásával kapcsolatos intézkedésekről.,"6. Kultúra,","Sport, Oktatás, Egészségügy és Egyházak",Múzeumok
2017,2088/2017,Az Étkezési Erzsébet utalvány formájában biztosítandó egyszeri jóléti juttatás nyújtásához szükséges feladatokról.,3. Állami,"Vagyongazdálkodás, Költségvetés és Közigazgatás",Erzsébet utalvány
2017,2089/2017,A Kárpát-medencei Tehetséggondozó Nonprofit Kft. feladatainak bővítésével összefüggő intézkedésekről.,"6. Kultúra,","Sport, Oktatás, Egészségügy és Egyházak",Tehetséggondozó Kft.
2017,2090/2017,A Magyar Bencés Kongregáció Szent Mór Perjelség oktatási intézményének elhelyezése érdekében szükséges intézkedésekről.,"6. Kultúra,","Sport, Oktatás, Egészségügy és Egyházak",Bencés Kongregáció
2017,2091/2017,A mezőgazdasági idénymunka és a közfoglalkoztatás összehangolásával és továbbfejlesztésével kapcsolatos egyes feladatokról.,1. Gazdaságfejlesztés,és Vállalati Támogatások,Közfoglalkoztatás
2017,2092/2017,A Nemzeti Földalap részére földvásárláshoz szükséges forrás biztosításáról.,3. Állami,"Vagyongazdálkodás, Költségvetés és Közigazgatás",Nemzeti Földalap
2017,2093/2017,A kóser zöldségtermesztéssel és feldolgozással kapcsolatos fejlesztésekről.,1. Gazdaságfejlesztés,és Vállalati Támogatások,Kóser zöldségtermesztés
2017,2094/2017,A határon túli magyar állampolgárok részére küldendő kormányzati tájékoztató.,"7. Külpolitika,",EU és Határon Túli Ügyek,Kormányzati tájékoztató
2017,2095/2017,A vörösberényi kolostoregyüttes működtetéséhez szükséges forrás biztosításáról.,"6. Kultúra,","Sport, Oktatás, Egészségügy és Egyházak",Vörösberényi kolostor
2017,2096/2017,A Budakalász-Pomáz elkerülő út 11. sz. főút és 1111. sz. út közötti szakasz megvalósításáról szóló 2031/2016. Korm. határozat módosításáról.,"4. Infrastruktúra,",Közlekedés és Energetika,Elkerülő út
2017,2097/2017,A Sotheby’S London Aukciósház 2017. november 28-ai árverésen eladásra kínált Bartók Béla kéziratok Magyar Állam javára történő megszerzéséhez szükséges intézkedésekről.,"6. Kultúra,","Sport, Oktatás, Egészségügy és Egyházak",Műkincs vásárlás
2017,2098/2017,A Thomas Duvenbeck Immobilien Invest Korlátolt Felelősségű Társaság nagybefektető magyarországi beruházásának kormányzati támogatásáról.,1. Gazdaságfejlesztés,és Vállalati Támogatások,Több nagybefektető
2017,2099/2017,A Rosenberg Magyarország Elektronikai Korlátolt Felelősségű Társaság nagybefektető magyarországi beruházásának Nemzeti Foglalkoztatási Alapból történő kormányzati támogatásáról.,1. Gazdaságfejlesztés,és Vállalati Támogatások,Több nagybefektető
2017,2100/2017,A magyar-szlovák határvízi relációban felhalmozódott tartozásról.,"7. Külpolitika,",EU és Határon Túli Ügyek,Magyar-szlovák tartozás
2017,2102/2017,Az FAG Magyarország Ipari Korlátolt Felelősségű Társaság nagybefektető magyarországi beruházásának kormányzati támogatásáról.,1. Gazdaságfejlesztés,és Vállalati Támogatások,Több nagybefektető
2017,2103/2017,A RUAG Aerostructures Hungary Zártkörűen Működő Részvénytársaság nagybefektető magyarországi beruházásának kormányzati támogatásáról.,1. Gazdaságfejlesztés,és Vállalati Támogatások,Több nagybefektető
2017,2104/2017,A ZF Hungária Ipari és Kereskedelmi Korlátolt Felelősségű Társaság nagybefektető magyarországi beruházásának kormányzati támogatásáról.,1. Gazdaságfejlesztés,és Vállalati Támogatások,Több nagybefektető
2017,2105/2017,A thyssenkrupp Presta Hungary Korlátolt Felelősségű Társaság nagybefektető magyarországi beruházásának kormányzati támogatásáról.,1. Gazdaságfejlesztés,és Vállalati Támogatások,Több nagybefektető
2017,2106/2017,A Rosenberger Magyarország Elektronikai Korlátolt Felelősségű Társaság nagybefektető magyarországi beruházásának kormányzati támogatásáról.,1. Gazdaságfejlesztés,és Vállalati Támogatások,Több nagybefektető
2017,2107/2017,Az ostffyasszonyfai Pannónia Ring motor- és autóversenypálya állami tulajdonba kerülésének vizsgálatáról.,"6. Kultúra,","Sport, Oktatás, Egészségügy és Egyházak",Pannónia Ring
2017,2108/2017,A Diehl Aircabin Hungary Korlátolt Felelősségű Társaság nagybefektető magyarországi beruházásának kormányzati támogatásáról.,1. Gazdaságfejlesztés,és Vállalati Támogatások,Több nagybefektető
2017,2109/2017,"A SICTA Gyártó, Kereskedelmi és Szolgáltató Korlátolt Felelősségű Társaság nagybefektető magyarországi beruházásának kormányzati támogatásáról.",1. Gazdaságfejlesztés,és Vállalati Támogatások,Több nagybefektető
2017,2110/2017,Az ElringKlinger Korlátolt Felelősségű Társaság nagybefektető magyarországi beruházásának kormányzati támogatásáról.,1. Gazdaságfejlesztés,és Vállalati Támogatások,Több nagybefektető
2017,2111/2017,A HÍRÖS-VITÁL Zártkörűen Működő Részvénytársaság befektető magyarországi beruházásának kormányzati támogatásáról.,1. Gazdaságfejlesztés,és Vállalati Támogatások,Több nagybefektető
2017,2112/2017,A Transcosmos Informatikai Rendszer Támogató Szolgáltató Korlátolt Felelősségű Társaság magyarországi beruházásának kormányzati támogatásáról.,1. Gazdaságfejlesztés,és Vállalati Támogatások,Több nagybefektető
2017,2113/2017,A magyarországi élelmiszer-kiskereskedelmi piacon aktív kiskereskedőkre a gazdasági erőfölény megállapításakor alkalmazandó megdönthetetlen védelemről szóló jogszabályi rendelkezéssel kapcsolatos feladatokról.,1. Gazdaságfejlesztés,és Vállalati Támogatások,Kiskereskedelem
2017,2114/2017,A Vasúti Műszaki Vizsgálóközpont megvalósítására irányuló beruházás előkészítéséhez szükséges forrás biztosításáról.,"4. Infrastruktúra,",Közlekedés és Energetika,Vasúti Vizsgálóközpont
2017,2115/2017,"A Budapest IX. kerület, belterület 36969 helyrajzi számú, természetben az 1092. Budapest, Kinizsi u. 14. szám alatti ingatlan tulajdonjogának állam javára történő megszerzéséről.",3. Állami,"Vagyongazdálkodás, Költségvetés és Közigazgatás",Ingatlan állami tulajdonba vétele
2017,2118/2017,A Mátraházi Edzőtábor bővítése érdekében szükséges intézkedésekről.,"6. Kultúra,","Sport, Oktatás, Egészségügy és Egyházak",Mátraházi Edzőtábor
2017,2119/2017,Az egyes ingatlanok és ingóságok állami tulajdonba vétele érdekében szükséges intézkedésekről.,3. Állami,"Vagyongazdálkodás, Költségvetés és Közigazgatás",Állami tulajdonba vétel
2017,2120/2017,"A Budapest, XIII. kerület 26085/1114, 26085/1115, 26085/1116, 26085/1118 helyrajzi számú ingatlanokat terhelő földhasználati jognak az állam javára történő megváltása érdekében szükséges intézkedésekről.",3. Állami,"Vagyongazdálkodás, Költségvetés és Közigazgatás",Földhasználati jog
2017,2121/2017,A Flextronics International Termelő és Szolgáltató Vámszabadterületi Korlátolt Felelősségű Társaság magyarországi beruházásának kormányzati támogatásáról.,1. Gazdaságfejlesztés,és Vállalati Támogatások,Flextronics
2017,2122/2017,"A fóti Károlyi István Gyermekközpont helyzetének rendezéséről szóló 2063/2016. Korm. határozat, valamint a Károlyi István Gyermekközpont által nyújtott gyermekvédelmi szakellátások jövőbeni helyszíneinek és az azok létrehozásához szükséges forrásoknak a meghatározásáról szóló 2071/2017. Korm. határozat végrehajtása során alkalmazandó eltérő rendelkezésekről.","6. Kultúra,","Sport, Oktatás, Egészségügy és Egyházak",Fóti Gyermekközpont
2024,2002/2024,Az LTE 450 MHz-es mobil adatkommunikációs hálózat honvédelmi célú átvétele érdekében szükséges kormányzati intézkedésekről,Other,,
2024,2003/2024,Az Emberi Erőforrás Fejlesztési Operatív Program Plusz kiemelt projektjeinek nevesítéséről szóló 2185/2023. Korm. határozat módosításáról,Other,,
2024,2004/2024,A 2021–2027 programozási időszak kohéziós forrásai felhasználásáról,Other,,
2024,2005/2024,A Helyreállítási és Ellenállóképességi Terv forrásai felhasználásáról,Other,,
2024,2007/2024,A Magyar Export-Import Bank Zártkörűen Működő Részvénytársaság által a Ganz- MaVag Holding Kft. részére nyújtandó hitelhez kapcsolódó egyes kormányzati intézkedésekről,Other,,
2024,2008/2024,A védelmi és biztonsági feladatokkal összefüggő beszerzésekkel kapcsolatos egyeztetésekről,Other,,
2024,2009/2024,A humanitárius segítségnyújtásról,Other,,
2024,2010/2024,A World Aquatics Központjának Budapesten történő ideiglenes elhelyezéséhez szükséges intézkedésekről,Other,,
2024,2011/2024,A Végrehajtás Operatív Program Plusz kiemelt projektjeinek nevesítéséről szóló 2186/2022. kormányhatározat módosításáról,Other,,
2024,2014/2024,A DENSO Gyártó Magyarország Korlátolt Felelősségű Társaság nagybefektető magyarországi beruházásának kormányzati támogatásáról,Other,,
2024,2015/2024,A Ceva-Phylaxia Oltóanyagtermelő Zrt. nagybefektető magyarországi beruházásának kormányzati támogatásáról,Other,,
2024,2016/2024,A Chervon Autó Precíziós Technológia (Európa) Korlátolt Felelősségű Társaság nagybefektető magyarországi beruházásának kormányzati támogatásáról,Other,,
2024,2017/2024,Egyes vagyongazdálkodási kérdésekről,Other,,
2024,2018/2024,A védelmi és biztonsági felkészítés 2024. évi egyes kérdéseiről,Other,,
2024,2019/2024,A Kötelezettségvállalásokat Ellenőrző Munkacsoportról,Other,,
2024,2020/2024,"A Gazdaságvédelmi Alap létrehozásáról, valamint kiadási előirányzatainak felhasználásáról szóló 2669/2023. Korm. határozat módosításáról",Other,,
2024,2022/2024,A Magyar Export-Import Bank Zártkörűen Működő Részvénytársaság által a Ganz- MaVag Holding Kft. részére nyújtandó hitelhez kapcsolódó egyes kormányzati intézkedésekről szóló 2007/2024. Korm. határozat kiegészítéséről,Other,,
2024,2023/2024,A hazai logisztikai ágazat versenyképességét növelő intézkedésekről szóló 2279/2023. Korm. határozat visszavonásáról,Other,,
2024,2024/2024,Az egyes egyházi mozgalmak és közösségek támogatásáról szóló 2672/2023. Korm. határozat módosításáról,Other,,
2024,2025/2024,"Az ""Úri muri - megazisten"" címmel készülő film megvalósításának támogatásáról",Other,,
2024,2026/2024,A Mathias Corvinus Collegium szakmai feladatainak és infrastruktúra fejlesztési programjának végrehajtásához szükséges forrás biztosításáról,Other,,
2024,2027/2024,Örményországi humanitárius segítségnyújtási projektek Hungary Helps Program keretében történő támogatásáról,Other,,
2024,2028/2024,A Gazdaságvédelmi Alapnak a 2024. évi szilvásváradi négyesfogathajtó világbajnokság megszervezéséhez kapcsolódó útfelújítások érdekében történő felhasználásáról,Other,,
2024,2030/2024,A közép-európai professzori hálózat bővítéséről,Other,,
2024,2032/2024,A határon túli gazdaságfejlesztési program alapjául szolgáló gazdaságfejlesztési stratégiák célterületeihez tartozó területeken megvalósuló programelemek támogatásáról,Other,,
2024,,A Magyar Honvédség harcászati repülőgép fejlesztéséhez szükséges intézkedésekről,Other,,
2024,2036/2024,"A Gazdaságvédelmi Alap létrehozásáról, valamint kiadási előirányzatainak felhasználásáról szóló 2669/2023. Korm. határozat végrehajtása során alkalmazandó eltérő intézkedésekről",Other,,
2024,2037/2024,A Budapesti vasút melletti fejlesztési területtel összefüggő további intézkedésekről,Other,,
2024,2038/2024,Az Európai Parlamentnek és a Tanácsnak az európai adatkormányzásról és az (EU) 2018/1724 rendelet módosításáról szóló (EU) 2022/868 rendeletének végrehajtásával kapcsolatos intézkedésekről,Other,,
2024,2039/2024,Az Európai Unió Tanácsa 2024. második félévi magyar elnökségével összefüggő feladatok finanszírozásáról,Other,,
2024,2040/2024,"Az Európai Unió Tanácsa 2024. második félévi magyar elnökségével összefüggő, a XIV. Belügyminisztérium fejezetnél felmerülő többletfeladatok finanszírozásáról",Other,,
2024,2041/2024,Egyes közlekedési kedvezmények igénybételével kapcsolatos kérdésekről,Other,,
2024,2042/2024,A kormányzati képzési és oktatási beszerzések tilalmának visszavonásáról,Other,,
2024,2044/2024,A Magyar Honvédség nemzetközi együttműködési programhoz való csatlakozás jóváhagyásáról,Other,,
2024,2045/2024,A Magyar Honvédség nemzetközi együttműködési programhoz való csatlakozás jóváhagyásáról,Other,,
2024,2046/2024,A Kovács Katalin Nemzeti Kajak–Kenu Sportakadémia működésének megkezdéséhez szükséges ingóságok beszerzéséről,Other,,
2024,2047/2024,A Beloiannisz hajó megmentésének támogatásáról,Other,,
2024,2049/2024,"A Terrorelhárítási Központ építési beruházásával kapcsolatos Korm. határozatok módosításáról, valamint egyes kormányhatározatok visszavonásáról",Other,,
2024,2050/2024,A Nemeskürty István Tanárképző Kar létrehozásával és a tanár-továbbképzéssel kapcsolatos intézkedésekről,Other,,
2024,2051/2024,"A Gazdaságvédelmi Alap létrehozásáról, valamint kiadási előirányzatainak felhasználásáról szóló 2669/2023. Korm. határozat végrehajtása során alkalmazandó további eltérő intézkedésekről",Other,,
2024,2052/2024,A GYSEV Zrt. állami tulajdoni hányada növeléséhez szükséges további intézkedésekről,Other,,
2024,2053/2024,"A Magyar Export-Import Bank Zártkörűen Működő Részvénytársaság által az ""ANTENNA HUNGÁRIA” Zrt. részére nyújtandó hitelhez szükséges egyes kormányzati intézkedésekről",Other,,
2024,2054/2024,A Magyar Export-Import Bank Zártkörűen Működő Részvénytársaság által a Duna Aszfalt Út és Mélyépítő Zártkörűen Működő Részvénytársaság részére nyújtandó hitelekhez szükséges egyes kormányzati intézkedésekről,Other,,
2024,2055/2024,Az M44 gyorsforgalmi út M5 autópályával és 5. sz. főúttal közös csomópontjainak végleges kiépítéséhez szükséges források biztosításáról,Other,,
2024,2056/2024,Az M44 gyorsforgalmi út M5 autópályával és 5. sz. főúttal közös csomópontjainak végleges kiépítésének támogatásáról,Other,,
2024,2057/2024,Magyarország Száhel-övezetben történő átfogó szerepvállalásához kapcsolódó összkormányzati feladatok összehangolásáért felelős munkacsoport létrehozásáról,Other,,
2024,2058/2024,Az Európai Unió Tanácsa 2024. második félévi magyar elnökségével kapcsolatos feladatok ellátása érdekében történő kötelezettségvállalásról,Other,,
2024,,A gazdaságfejlesztési célú költségvetési források 2024. évi felhasználási lehetőségeiről,Other,,
2024,2060/2024,"Az egyes ipari parki, iparterületi beruházások jövőjéről szóló 2174/2022. Korm. határozat módosításáról",Other,,
2024,2061/2024,Egyes állam által megvalósított kiemelt értékű beruházási közfeladatokkal kapcsolatos intézkedésekről,Other,,
2024,2062/2024,"A Nemzeti Reorganizációs Nonprofit Korlátolt Felelősségű Társaság tevékenységéhez, feladatinak ellátásához szükséges forrásjuttatásról",Other,,
2024,2063/2024,"A közfeladatot ellátó közérdekű vagyonkezelői alapítványok, valamint az egyházi jogi személyek által fenntartott felsőoktatási intézmények részére közfeladatot- finanszírozási szerződés alapján biztosított valorizációjával kapcsolatos intézkedésekről",Other,,
2024,2069/2024,A debreceni Déli Gazdasági Övezet infrastrukturális fejlesztése előkészítéséhez és egyes elemek ütemezett megvalósításához szükséges intézkedésekről,Other,,
2024,2070/2024,Egyes vagyonelemek állam javára történő megszerzésével kapcsolatos intézkedésekről,Other,,
2024,2071/2024,A gazdaságfejlesztési célú költségvetési források 2024. évi felhasználási lehetőségeiről szóló 2059/2024. Korm. határozat végrehajtása során alkalmazandó eltérő rendelkezésekről,Other,,
2024,2072/2024,A XIX. Uniós fejlesztések költségvetési fejezet terhére történő kötelezettségvállalás jóváhagyásáról,Other,,
2024,2073/2024,A Károli Gáspár Református Egyetem elhelyezésével kapcsolatos kormányzati intézkedésekről szóló 2340/2023. Korm. határozat módosításáról,Other,,
2024,2074/2024,A Dunántúl déli és délnyugati térségeiben az iparfejlesztés előmozdítása érdekében szükséges intézkedésekről szóló 2582/2023. Korm. határozat módosításáról,Other,,
2024,2075/2024,Egyes külképviseleti és határmenti beruházások támogatásáról,Other,,
2024,2076/2024,"A Paks II. projekthez kapcsolódó pénzügyi, jogi és energetikai tanácsadási szolgáltatások igénybevételéhez szükséges forrás biztosításáról",Other,,
2024,2077/2024,A Nemzeti Hauszmann Program folytatásához szükséges 2025-2027. évi forrásigényekről és egyes kormányhatározatok visszavonásáról,Other,,
2024,2078/2024,A nemzetbiztonsági szolgálatok irányításáért felelős miniszterek egyeztetési kötelezettségéről,Other,,
2024,2079/2024,A „Magyarország földrajzi területén autóbusszal végzett helyközi személyszállítási közszolgáltatás ellátására szolgáltatási koncesszió keretében” elnevezésű pályázati eljárás kérdéseiről,Other,,
2024,2080/2024,"A HEPA Magyar Exportfejlesztési Ügynökség 2024. évben, Oroszországban megvalósuló szakkiállításokon nemzeti standdal történő megjelenéséhez szükséges forrás biztosításáról",Other,,
2024,2081/2024,A Környezeti és Energiahatékonysági Operatív Program Plusz kiemelt projektjeinek megállapításáról szóló 2450/2023. Korm. határozat visszavonásáról,Other,,
2024,2082/2024,Magyarország N’Djamenai Nagykövetségének megnyitásáról valamint a nagykövetség megnyitásához szükséges intézkedésekről,Other,,
2024,2083/2024,A MÁV-START Zrt. üzemképes gördülőállomány biztosításával összefüggő valamennyi tevékenysége és az azok végzéséhez szükséges erőforrások MÁV VAGON Kft.-be történő kihelyezéséről,Other,,
2024,2084/2024,Egy gazdasági társaság többségi tulajdoni részesedése megszerzésének megvalósulásához szükséges szerződésmódosításokról,Other,,
2024,,Egyes kisebbségi állami tulajdonban álló társaságok átalakulásáról,Other,,
2024,2086/2024,"A Budai Egészségközpont Zártkörűen Működő Részvénytársaság közvetlen, vissza nem térítendő költségvetési támogatásával kapcsolatos intézkedésekről szóló 2314/2022. Korm. határozat módosításáról",Other,,
2024,2087/2024,A Magyarországot népszerűsítő nemzetközi marketing kampány lefolytatásával kapcsolatos egyes intézkedésekről szóló 2582/2021. Korm. határozat végrehajtása során alkalmazandó eltérő rendelkezésekről,Other,,
2024,2088/2024,A Brüsszeli Magyar Ház Nonprofit Korlátolt Felelősségű Társaság létrehozásáról,Other,,
2024,2089/2024,Az Egyesült Nemzetek Egyetem kőszegi intézetének létrehozásával összefüggő egyes intézkedésekről,Other,,
2024,2090/2024,"A Kiemelt fejlesztési igények részét képező, a Modern Városok Program keretében megvalósuló Tiszaliget fürdőfejlesztési projekthez szükséges többletforrás biztosításáról",Other,,
2024,2091/2024,A frankofón kapcsolatok 2023-2027. évi fejlesztéséhez szükséges intézkedésekről szóló 2520/2023. Korm. határozat módosításáról,Other,,
2024,2092/2024,A gazdaságfejlesztési célú költségvetési források 2024. évi felhasználási lehetőségeiről szóló 2059/2024. Korm. határozat végrehajtása során alkalmazandó további eltérő rendelkezésekről,Other,,
2024,2093/2024,A védelmi és biztonsági tervezéssel kapcsolatos feladatok ütemezéséről,Other,,
2024,2094/2024,A 2026. évi UEFA Bajnokok Ligája-döntő budapesti megrendezéséhez szükséges kormányzati intézkedésekről,Other,,
2024,2095/2024,A 2025. évi IJF Judo Világbajnoksággal és éves kongresszussal kapcsolatos egyes kérdésekről,Other,,
2024,2096/2024,Szent István napok keretében megrendezésre kerülő kulturális rendezvények támogatásáról,Other,,
2024,2098/2024,A Regionális Gazdaságfejlesztési Támogatási Program további folytatásáról és az ehhez szükséges forrás biztosításáról,Other,,
2024,2099/2024,Köztársasági elnöki rezidencia kijelöléséről,Other,,
2024,2101/2024,Egy gazdasági társaság pénzügyi-gazdasági helyzetének javításához szükséges intézkedésekről,Other,,
2024,2102/2024,A Gazdaságfejlesztési és Innovációs Operatív Program Plusz kiemelt projektjeinek nevesítéséről,Other,,
2024,2103/2024,A Krausz Ferenc Nobel-díjas fizikus által vezetett Molekuláris- Ujjlenyomat Kutató Központ (CMF) 2030-ig tartó stratégiai céljainak megvalósításához szükséges intézkedésekről szóló 2475/2023. Korm. határozat módosításáról,Other,,
2024,2104/2024,A Jász-Nagykun-Szolnok Vármegyei Kormányhivatal működését biztosító beruházásról,Other,,
2024,2105/2024,A határon túli labdarúgó sportszervezetek 2024. évi kiegészítő támogatásához szükséges forrás biztosításáról,Other,,
2024,2106/2024,Az államilag elismert labdarúgó sportakadémiák 2024. évi kiegészítő támogatásához szükséges forrás biztosításáról,Other,,
2024,2108/2024,A tanárképzésben résztvevők és a pályakezdő tanárok számának növelése és megtartása érdekében hozandó intézkedésekhez szükséges források biztosításáról szóló 2226/2023. Korm. határozat módosításáról,Other,,
2024,2109/2024,A középiskolások ingyenes vezetői engedély szerzéséhez szükséges finanszírozásról,Other,,
2024,2110/2024,A Gazdaság-újraindítási Akcióterv keretében a Magyarország Mexikóvárosi Nagykövetség hivatali épülete és szolgálati lakásai beruházásának megvalósításáról szóló 2285/2021. Korm. határozat módosításáról,Other,,
2024,,A 2014-2020 programozási időszak zárásával összefüggésben a Gazdaságfejlesztési és Innovációs Operatív Program egyes projektjeinek befejezéséhez szükséges intézkedésekről,Other,,
2024,2112/2024,A Magyar Honvédség nemzetközi együttműködési programhoz való csatlakozásának jóváhagyásáról,Other,,
2024,2113/2024,Az egyes honvédelmi tárgyú beszerzési eljárások eredményeként kötendő szerződésekkel kapcsolatos kötelezettségvállalások előzetes jóváhagyásáról szóló 2471/2023. Korm. határozat módosításáról,Other,,
2024,2114/2024,"A befizetési kötelezettség előírásáról, éven túli kötelezettségvállalás engedélyezéséről, valamint a Magyar Művészeti Akadémia stratégiai fejlesztési programja támogatásáról szóló 2081/2020. Korm. határozat végrehajtása során alkalmazandó eltérő rendelkezésekről szóló 2159/2022. Korm. határozat módosításáról",Other,,
2024,2115/2024,Egyes honvédelmi tárgyú beszerzési eljárások eredményeként kötendő szerződésekkel kapcsolatos kötelezettségvállalások előzetes jóváhagyásáról,Other,,
2024,2116/2024,A gazdaságfejlesztési célú költségvetési források 2024. évi felhasználási lehetőségeiről szóló 2059/2024. Korm. határozat végrehajtása során alkalmazandó további eltérő rendelkezésekről,Other,,
2024,2117/2024,Befizetési kötelezettség előírásáról,Other,,
2024,2118/2024,Egyes vagyonelemek állam javára történő megszerzésével kapcsolatos intézkedésekről,Other,,
2024,2119/2024,Magyarország és a csádi Köztársaság közötti stratégiai partnerségről szóló közös nyilatkozattal összefüggő intézkedésekről,Other,,
2024,2122/2024,Digitális Megújulás Operatív Program Plusz kiemelt projektjeinek nevesítéséről szóló 2106/2023. Korm. határozat visszavonásáról,Other,,
2024,2123/2024,A GE Hungary Ipari és Kereskedelmi Korlátolt Felelősségű Társaság nagybefektető magyarországi beruházásának kormányzati támogatásáról,Other,,
2024,2124/2024,Az Universitas Ipari Park bővítésével összefüggő infrastruktúra-fejlesztések vizsgálatáról,Other,,
2024,2125/2024,Egyes gazdasági társaságok közvetett állami tulajdonban lévő részesedései átruházásáról,Other,,
2024,2126/2024,Egyes gazdasági társaságok közvetett állami tulajdonban lévő részesedései átruházásának végrehajtását támogató intézkedésekről,Other,,
2024,2127/2024,Egyes honvédelmi tárgyú beszerzési eljárások eredményeként kötendő szerződésekkel kapcsolatos további kötelezettségvállalások előzetes jóváhagyásáról,Other,,
2024,2128/2024,A radiológiai szolgáltatás biztosítása érdekében konténerbe telepített 1 db mobil CT és 1 db mobil MR berendezés beszerzéséhez szükséges források biztosításáról,Other,,
2024,2130/2024,A Nemzeti Atlétikai Központ és környezete továbbfejlesztéshez kapcsolódó további feladatokról,Other,,
2024,2131/2024,A Magyar Export-Import Bank Zártkörűen Működő Részvénytársaság által hitelek nyújtásához szükséges kormányzati intézkedésekről,Other,,
2024,2132/2024,A gazdaságfejlesztési programok folytatásához szükséges intézkedésekről,Other,,
2024,2133/2024,Az Európai Bizottság által a GKN Automotive Hungary Kft. számára Magyarország által nyújtani tervezett állami támogatással kapcsolatos negatív döntés kezeléséről,Other,,
2024,2134/2024,A gazdaságfejlesztési célú költségvetési források 2024. évi felhasználási lehetőségeiről szóló 2059/2024. Korm. határozat végrehajtása során alkalmazandó további eltérő rendelkezésekről,Other,,
2024,,Az ÉMI Építésügyi Minőségellenőrző Innovációs Nonprofit Korlátolt Felelősségű Társaság Otthonfelújítási Programhoz kapcsolódó műszaki szakértői közreműködői feladatainak ellátására irányuló kötelezettségvállalásról és annak finanszírozásáról,Other,,
2024,2137/2024,A Pázmány Péter Katolikus Egyetem oktatási célú ingatlanjainak bővítése és fejlesztéséről szóló 2229/2023. Korm. határozat módosításáról,Other,,
2024,2138/2024,Egy közvetett állami részesedést érintő egyes kérdésekről,Other,,
2024,2139/2024,"A HEPA Magyar Exportfejlesztési Ügynökség Nonprofit Zártkörűen Működő Részvénytársaság 2024. évben, Kínában megvalósuló szakkiállításokon nemzeti standdal történő megjelenéséről",Other,,
2024,2140/2024,A gazdaságfejlesztési célú költségvetési források 2024. évi felhasználási lehetőségeiről szóló 2059/2024. Korm. határozat végrehajtása során alkalmazandó eltérő rendelkezésekről,Other,,
2024,2141/2024,"A Védelmi Ipari Tőkealap létrehozásáról, az alapkezelő kijelöléséről, valamint a szükséges források biztosításáról szóló 2411/2023. Korm. határozat módosításáról",Other,,
2024,2142/2024,Egyes honvédelmi tárgyú beszerzési eljárás eredményeként kötendő szerződéssel kapcsolatos éven túli kötelezettségvállalás előzetes jóváhagyásáról,Other,,
2024,2144/2024,Az egészségügyi informatikai rendszer működtetésével és egyéb feladatok finanszírozásával összefüggő források biztosításáról,Other,,
2024,2145/2024,A Magyarország Nairobi Nagykövetsége Dar es-Salaam-i Irodájának megnyitásához szükséges forrás biztosításáról,Other,,
2024,2146/2024,A Nemeskürty István Tanárképző Kar létrehozásával és a tanár-továbbképzéssel kapcsolatos intézkedésekről szóló 2050/2024. Korm. határozat módosításáról,Other,,
2024,2147/2024,A kritikus kapacitást biztosító hazai vállalatok működésének fenntartása érdekében szükséges intézkedésekről,Other,,
2024,2148/2024,A Magyar Formatervezési Tanács működtetéséhez és a Budapest Design Hét megszervezéséhez szükséges források biztosításáról,Other,,
2024,2149/2024,"Beruházási, építési és közlekedési tárgyköröket érintő egyes kormányhatározatok módosításáról",Other,,
2024,2150/2024,A Kovács Katalin Nemzeti Kajak–Kenu Sportakadémia működésének megkezdéséhez szükséges eszközbeszerzések második üteméről,Other,,
2024,2151/2024,Kormányhatározatok felülvizsgálatáról,Other,,
2024,2152/2024,"Az Észak-magyarországi Regionális Utánpótlás Központ, valamint a Diósgyőri Vasgyárak Testgyakorlók Köre és partneregyesületei működésének, valamint sportszakmai feladatainak finanszírozásával kapcsolatos intézkedésekről",Other,,
2024,2153/2024,"Az Észak-magyarországi Regionális Utánpótlás Központ, valamint a Diósgyőri Vasgyárak Testgyakorlók Köre és partneregyesületei működésének, valamint sportszakmai feladatainak 2024. évi finanszírozásával kapcsolatos intézkedésekről",Other,,
2024,2154/2024,A Határigazgatási és Vízumpolitikai Eszköz Program Plusz kiemelt projektjeinek nevesítéséről szóló 2656/2023. Korm. határozat módosításáról,Other,,
2024,2155/2024,Egy ingatlan megvásárlásáról,Other,,
2024,2156/2024,Az Észak-macedóniai Köztársaság részére a Magyar Export-Import Bank Zártkörűen Működő Részvénytársaság által nyújtandó szabad felhasználású hitelhez szükséges egyes kormányzati intézkedésekről,Other,,
2024,,A védelmi és biztonsági felkészítés 2024. évi egyes kérdéseiről szóló 2018/2024. Korm. határozat módosításáról,Other,,
2024,2158/2024,"Az államigazgatási szervek és állami tulajdonú gazdasági társaságok budapesti elhelyezéséhez szükséges kormányzati intézkedésekről szóló 2222/2022. Korm. határozat, valamint az államigazgatási szervek és állami tulajdonú gazdasági társaságok budapesti elhelyezéséhez szükséges további kormányzati intézkedésekről szóló 2494/2022. Korm. határozat módosításáról",Other,,
2024,2159/2024,"Az államigazgatási szervek és állami tulajdonú gazdasági társaságok budapesti elhelyezéséhez, valamint az egyes minisztériumok és központi költségvetési szervek állami tulajdonú, budapesti ingatlanokban történő elhelyezéséhez szükséges intézkedésekről",Other,,
2024,2160/2024,"A közvetlen vagy közvetett módon állami tulajdonban álló egyes gazdasági társaságok, valamint egyéb állami szervezetek elhelyezéséről szóló 2011/2022. Korm. határozat módosításáról és a végrehajtása során alkalmazandó további eltérő rendelkezésekről, valamint a közvetlen vagy közvetett módon állami tulajdonban álló egyes gazdasági társaságok, valamint egyéb állami szervezetek elhelyezéséről szóló 2011/2022. Korm. határozat végrehajtása során alkalmazandó eltérő rendelkezésekről szóló 2158/2022. Korm. határozat módosításáról",Other,,
2024,2161/2024,A Debrecen Nemzetközi Repülőtér tőkehelyzetének rendezése érdekében szükséges intézkedésekről,Other,,
2024,2162/2024,Az egységes kontrolling adatszolgáltatási rendszer működtetéséről,Other,,
2024,2163/2024,A Magyar Honvédség nemzetközi együttműködési programhoz való csatlakozása jóváhagyásáról,Other,,
2024,2164/2024,A Paks II. beruházás megvalósításához szükséges munkásszállás első üteme és a kapcsolódó infrastruktúra-beruházások megvalósításáról,Other,,
2024,2165/2024,A Kecskemét déli iparterület bővítési feladataihoz kapcsolódó víziközmű- fejlesztések támogatásáról és az ehhez szükséges források biztosításáról,Other,,
2024,2166/2024,Az Universitas Ipari Park kialakításával összefüggő intézkedésekről,Other,,
2024,2167/2024,A debreceni Déli Gazdasági Övezet infrastrukturális fejlesztésének megvalósításához szükséges 2024. évi források biztosításáról,Other,,
2024,2168/2024,A Nemzeti Oltóanyaggyár és a Nemzeti Koronavírus-Oltóanyaggyár megvalósításáról szóló 2035/2021. Korm. határozat és a Nemzeti Oltóanyaggyár és a Nemzeti Koronavírus-Oltóanyaggyár belső infrastruktúra fejlesztéseinek finanszírozásáról szóló 2544/2021. Korm. határozat módosításáról,Other,,
2024,2169/2024,Beruházások forrásigényének rendezéséről,Other,,
2024,2170/2024,A tanárképzés értékközpontú és gyakorlatorientált átalakításáról,Other,,
2024,2171/2024,Az Eximbank Zrt. kamatkiegyenlítése kiadási előirányzat túllépésének jóváhagyásáról,Other,,
2024,2172/2024,A Szövetséges Reagáló Erők befogadó nemzeti támogatásáról,Other,,
2024,2173/2024,A Gazdaságfejlesztési és Innovációs Operatív Program Plusz kiemelt projektjeinek nevesítéséről szóló 2102/2024 Korm. határozat visszavonásáról,Other,,
2024,2174/2024,Határon túli célú költségvetési támogatások biztosításáról szóló 2402/2020. Korm. határozat módosításáról,Other,,
2024,2175/2024,"Egyes honvédelmi tárgyú beszerzési eljárások eredményeként kötendő szerződésekkel kapcsolatos éven túli kötelezettségvállalások előzetes jóváhagyásáról, valamint kormányhatározat rendelkezéseinek visszavonásáról",Other,,
2024,2176/2024,A Boldog Gellért Közhasznú Nonprofit Korlátolt Felelősségű Társaság addiktológiai épületeinek tetőfelújításához szükséges támogatásról,Other,,
2024,,A Hungary Helps Program csádi stabilitást erősítő programjainak támogatásáról,Other,,
2024,2178/2024,A 2024. évi World Science Forumhoz kapcsolódó egyes rendezvények magyarországi megrendezésének támogatásáról és kiemelt fontosságú rendezvénnyé nyilvánításáról,Other,,
2024,2181/2024,"A termőföld beruházási célterületté nyilvánításáról, továbbá termőföldet érintő beruházáshoz kapcsolódó eljárások nemzetgazdasági szempontból kiemelt jelentőségű üggyé nyilvánításáról szóló előterjesztések előkészítésének rendjéről szóló 2178/2023. Korm. határozat módosításáról",Other,,
2024,2183/2024,Az Ifjúsági Pilóta Programról és a megvalósításához szükséges források meghatározásáról,Other,,
2024,2185/2024,A Magyarországot népszerűsítő nyugat-balkáni és egyéb desztinációkat érintő nemzetközi marketingkampány lefolytatásával kapcsolatos egyes intézkedésekről szóló 2662/2023. Korm. határozat módosításáról,Other,,
2024,2186/2024,A külföldi tanulmányok költségeihez felvett hitelek diákhitellel történő kiváltásának bevezetéséhez szükséges forrás biztosításáról,Other,,
2024,2187/2024,A NISZ Nemzeti Infokommunikációs Szolgáltató Zártkörűen Működő Részvénytársaság által üzemeltetett szolgáltatások működtethetőségéhez szükséges források biztosításáról,Other,,
2024,2189/2024,A Mesterséges Intelligencia Alkalmazott Tudományi Kutatócsoport kijelöléséről,Other,,
2024,2190/2024,A Nemzeti Adó- és Vámhivatal és a Kormányzati Társintézmények Mesterséges Intelligencia Munkacsoportról és a Mesterséges Intelligencia Alkalmazott Tudományi Kutatócsoportról,Other,,
2024,2191/2024,A Mesterséges Intelligencia Alkalmazott Tudományi Kutatócsoport támogatásához szükséges intézkedésekről,Other,,
2024,2192/2024,A Puskás Kiállítási Központ üzemeltetéséhez szükséges intézkedésekről,Other,,
2024,2194/2024,A PICK SZEGED Szalámigyár és Húsüzem Zártkörűen Működő Részvénytársaság nagybefektető magyarországi beruházásának kormányzati támogatásáról,Other,,
2024,2195/2024,A HUNGERIT Baromfifeldolgozó és Élelmiszeripari Zártkörűen Működő Részvénytársaság nagybefektető magyarországi beruházásának kormányzati támogatásáról,Other,,
2024,2197/2024,A Dunántúl déli és délnyugati térségeiben az iparfejlesztés előmozdítása érdekében szükséges intézkedésekről szóló 2582/2023. Korm. határozat módosításáról,Other,,
2024,2199/2024,A Határtalanul! program 2024. évi „Tanulmányi kirándulás hetedikeseknek” című pályázati kiíráshoz szükséges forrásbiztosításról,Other,,
2024,2200/2024,A 2021-2027-as uniós költségvetési ciklus operatív programjainak jelenleg blokkolt forrásainak átcsoportosítási lehetőségeiről,Other,,
2024,2201/2024,A többségi állami tulajdonú gazdasági társaságok ingatlangazdálkodásával kapcsolatos egyes kérdésekről,Other,,
2024,2202/2024,A Szülőföldön Magyarul Program 2023/2024. tanévre vonatkozó többletforrás szükségletéről,Other,,
2024,2203/2024,"A Bogányi-zongora megvásárlásáról és az Európai Unió Tanácsa soros elnökségének Brüsszelben helyt adó, állami tulajdonában álló ingatlanban történő elhelyezéséről szóló 2284/2023. Korm. határozat módosításáról",Other,,
2024,2204/2024,A Boszniai Szerb Köztársaság mint hiteladós részére a Magyar Export-Import Bank Zrt. által nyújtandó szabad felhasználású hitelszerződés módosításáról,Other,,
2024,,A Magyar Export-Import Bank Zártkörűen Működő Részvénytársaság hitelezési aktivitásának élénkítéséről,Other,,
2024,2206/2024,A Budapest Liszt Ferenc Nemzetközi Repülőtérhez kapcsolódó közúti fejlesztések megvalósításához szükséges forrás biztosításáról,Other,,
2024,2207/2024,Egy veszélyeshulladék-lerakó rekultivációjáról,Other,,
2024,2208/2024,"A Közlekedési, Környezeti és Energiahatékonysági Operatív Programok kapcsán indított szabálytalansági eljárásokban megállapított pénzügyi korrekciók rendezéséről",Other,,
2024,2209/2024,A Magyarországot népszerűsítő nemzetközi marketing kampány lefolytatásával kapcsolatos egyes intézkedésekről szóló 2582/2021. Korm. határozat végrehajtása során alkalmazandó további eltérő rendelkezésekről,Other,,
2024,2212/2024,A Magyar Külügyi Intézet Nonprofit Zártkörűen Működő Részvénytársaság elhelyezéséhez szükséges intézkedésekről,Other,,
2024,2213/2024,A magyar-szerb határszakaszon a határátlépéssel járó várakozási idő csökkentéséhez szükséges rendészeti fejlesztési igényekről,Other,,
2024,2214/2024,Az Európai Bizottság Technikai Támogatási Eszköze 2025. évi pályázati körében benyújtani javasolt pályázatokról,Other,,
2024,2215/2024,A Metal Kingdom Korlátolt Felelősségű Társaság nagybefektető magyarországi beruházásának kormányzati támogatásáról,Other,,
2024,2216/2024,A DRENIK Hungary Korlátolt Felelősségű Társaság nagybefektető magyarországi beruházásának kormányzati támogatásáról,Other,,
2024,2217/2024,A Motherson Business Service Hungary Korlátolt Felelősségű Társaság nagybefektető magyarországi beruházásának kormányzati támogatásáról,Other,,
2024,2218/2024,A Nissin Foods Élelmiszerek Magyarországi Korlátolt Felelősségű Társaság nagybefektető magyarországi beruházásának kormányzati támogatásáról,Other,,
2024,2219/2024,A Nissin Foods Élelmiszerek Magyarországi Korlátolt Felelősségű Társaság nagybefektető magyarországi beruházásának kormányzati támogatásáról,Other,,
2024,2221/2024,A Horváth Rudolf Intertransport Kereskedelmi és Szolgáltató Korlátolt Felelősségű Társaság nagybefektető magyarországi beruházásának kormányzati támogatásáról,Other,,
2024,2222/2024,"Az ONGROPACK MŰANYAG FÓLIAGYÁRTÓ, FELDOLGOZÓ ÉS KERESKEDELMI KFT. nagybefektető magyarországi beruházásának kormányzati támogatásáról",Other,,
2024,2223/2024,A SMR Automotive Mirror Technology Hungary Betéti Társaság nagybefektető magyarországi beruházásának kormányzati támogatásáról,Other,,
2024,2224/2024,A MAB Insulations Szigetelőanyaggyártó Korlátolt Felelősségű Társaság nagybefektető magyarországi beruházásának kormányzati támogatásáról,Other,,
2024,2225/2024,"Az ""EMIKA"" ELEKTROMECHANIKAI IPARI ÉS KERESKEDELMI ZÁRTKÖRŰEN MŰKÖDŐ RÉSZVÉNYTÁRSASÁG nagybefektető magyarországi beruházásának kormányzati támogatásáról",Other,,
2024,2226/2024,Az A.W.F. Autóalkatrészgyártó és Kereskedelmi Korlátolt Felelősségű Társaság nagybefektető magyarországi beruházásának kormányzati támogatásáról,Other,,
2024,2227/2024,A Hongene Biotech Magyarország Korlátolt Felelősségű Társaság nagybefektető magyarországi beruházásának kormányzati támogatásáról,Other,,
2024,2229/2024,A BHS Trans Korlátolt Felelősségű Társaság nagybefektető magyarországi beruházásának kormányzati támogatásáról,Other,,
2024,2230/2024,A CSABAcast Könnyűfémöntöde Korlátolt Felelősségű Társaság nagybefektető magyarországi beruházásának kormányzati támogatásáról,Other,,
2024,,A MIP Alapanyaggyártó Zártkörűen Működő Részvénytársaság nagybefektető magyarországi beruházásának kormányzati támogatásáról,Other,,
2024,2232/2024,"Az Innoscitech Innovációs, Kutatási és Építőipari Korlátolt Felelősségű Társaság nagybefektető magyarországi beruházásának kormányzati támogatásáról",Other,,
2024,2233/2024,A KEMENES CUKRÁSZ MANUFAKTÚRA Kft nagybefektető magyarországi beruházásának kormányzati támogatásáról,Other,,
2024,2234/2024,A határon túli gazdaságfejlesztési programok (kiemelten Vajdaság) folytatásához szükséges többletforrás biztosításáról,Other,,
2024,2237/2024,A MÁV-START Zrt. profiltisztításával összefüggő kormányhatározat módosításáról,Other,,
2024,2238/2024,A World Aquatics Központjának Budapesten történő állandó elhelyezéséhez szükséges intézkedésekről,Other,,
2024,2239/2024,Az Emberi Erőforrás Fejlesztési Operatív Program Plusz kiemelt projektjeinek nevesítéséről szóló 2185/2023. Korm. határozat módosításáról szóló 2003/2024. Korm. határozat visszavonásáról,Other,,
2024,2240/2024,A Digitális Megújulás Operatív Program Plusz módosításáról,Other,,
2024,2241/2024,A Határigazgatási és Vízumpolitikai Eszköz Program Plusz kiemelt projektjeinek nevesítéséről szóló 2656/2023. Korm. határozat visszavonásáról,Other,,
2024,2242/2024,A magyar-szerb határszakaszon a határátlépéssel járó várakozási idő csökkentéséhez szükséges kormányhivatali fejlesztési igényekről,Other,,
2024,2243/2024,A Papp László Budapest Sportaréna jövőbeli üzemeltetéséről,Other,,
2024,2244/2024,Az „1+1 KKV Beruházás-élénkítő Támogatási Program” elindításáról,Other,,
2024,2245/2024,A Magyarország és a nyugat-balkáni térség államai közötti együttműködés fejlesztésével összefüggő aktuális feladatokról,Other,,
2024,2246/2024,Egyes honvédelmi tárgyú beszerzési eljárások eredményeként kötendő szerződésekkel kapcsolatos éven túli kötelezettségvállalások előzetes jóváhagyásáról,Other,,
2024,2247/2024,A „Minden vállalkozásnak legyen saját honlapja Program” elindításáról,Other,,
2024,2248/2024,A hazai divat- és kreatívipart érintő ágazati és vállalkozásfejlesztési programok tervezése és végrehajtása érdekében szükséges finanszírozási feltételek megteremtéséről,Other,,
2024,2249/2024,A Sapientia Alapítvány által fenntartott Sapientia Erdélyi Magyar Tudományegyetem sepsiszentgyörgyi beruházásához szükséges forrás biztosításáról,Other,,
2024,2250/2024,A Kovács Katalin Nemzeti Kajak–Kenu Sportakadémia működésének megkezdéséhez szükséges eszközbeszerzések harmadik üteméről,Other,,
2024,2251/2024,Az AutoWallis Nyilvánosan Működő Részvénytársaság által kibocsátásra kerülő kötvények Magyar Export-Import Bank Zártkörűen Működő Részvénytársaság általi lejegyzéséhez kapcsolódó egyes kormányzati intézkedésekről,Other,,
2024,2252/2024,A 2022/2506. Tanácsi (EU) határozat rendelkezéseihez kapcsolódó kérdésekről szóló 2056/2023. Korm. határozat módosításáról,Other,,
2024,2253/2024,A Középiskolai Matematikai és Fizikai Lapok (KöMaL) és egyéb fizikai és matematikai tehetséggondozó versenyek támogatásáról és az ehhez szükséges forrás biztosításáról,Other,,
2024,2254/2024,"Egyes egyházi célú beruházásokhoz, fejlesztésekhez és egyéb feladatokhoz szükséges kormányzati intézkedésekről szóló 2413/2020 Korm. határozat módosításáról",Other,,
2024,,A Magyar Honvédség harcászati repülőgép fejlesztéséhez szükséges aláírási felhatalmazásról és egyéb szükséges intézkedésekről,Other,,
2024,2256/2024,A Demján Sándor Tőkeprogramról,Other,,
2024,2257/2024,Egyes gazdasági társaságokról szóló kérdésekről,Other,,
2024,2258/2024,Vármegyei önkormányzatok pénzügyi helyzetének rendezéséről,Other,,
2024,2260/2024,A nyugat-magyarország közúti kapcsolatok fejlesztési irányainak újratervezéséről,Other,,
2024,2261/2024,Civil szervezetek 2025. évi feladatellátásához szükséges támogatás biztosításáról,Other,,
2024,2262/2024,Állam javára történő tulajdonszerzésről,Other,,
2024,2263/2024,Az Észak-macedóniai Köztársaság részére a Magyar Export-Import Bank Zártkörűen Működő Részvénytársaság által nyújtandó szabad felhasználású hitelhez szükséges egyes kormányzati intézkedésekről,Other,,
2024,2264/2024,A Demján Sándor Tőkeprogramról szóló 2256/2024. Korm. határozat módosításáról,Other,,
2024,2265/2024,Határon túli fejlesztéshez szükséges források biztosításáról,Other,,
2024,2266/2024,Karcag Város Önkormányzata ingatlanfejlesztésének támogatásáról,Other,,
2024,2267/2024,A Károli Gáspár Református Egyetem elhelyezésével kapcsolatos kormányzati intézkedésekről szóló 2340/2023. Korm. határozat módosításáról,Other,,
2024,2268/2024,A Makovecz Campus Alapítvány létrehozásához szükséges feltételek és források biztosításáról szóló 2321/2021. Korm. határozat módosításáról és a végrehajtása kapcsán szükséges intézkedésekről szóló 2311/2023. Korm. határozat módosításáról,Other,,
2024,2271/2024,Egyes debreceni beruházások befejezésének vizsgálatáról,Other,,
2024,2272/2024,Egyes beruházások lezárásáról,Other,,
2024,2273/2024,A Kecskeméti Szakképzési Centrum Kada Elek Technikum fejlesztése beruházás befejezéséről,Other,,
2024,2274/2024,A Nemzeti Sportfejlesztési és Módszertani Intézet elhelyezéséhez szükséges intézkedésekről,Other,,
2024,2275/2024,"A Gazdaság-újraindítási Akcióterv keretében az M34 gyorsforgalmi út Vásárosnamény-Záhony közötti szakasz, mérnökségi teleppel beruházás előkészítéséről és megvalósításáról szóló 2078/2021. Korm. határozat visszavonásáról",Other,,
2024,2276/2024,Az ÉMI Építésügyi Minőségellenőrző Innovációs Nonprofit Korlátolt Felelősségű Társaság Otthonfelújítási Programhoz kapcsolódó műszaki szakértői közreműködői feladatainak ellátására irányuló kötelezettségvállalásról és annak finanszírozásáról szóló 2135/2024. Korm. határozat módosításáról,Other,,
2024,2277/2024,A kritikus kapacitást biztosító hazai vállalatok működésének fenntartása érdekében szükséges intézkedésekről szóló 2147/2024 Korm. határozat módosításáról,Other,,
2024,2278/2024,Fejlesztő kijelölésének elfogadásáról,Other,,
2024,2279/2024,Egyes vagyongazdálkodási kérdésekről,Other,,
2024,2280/2024,Az Észak-macedóniai Köztársaság részére a Magyar Export-Import Bank Zártkörűen Működő Részvénytársaság által nyújtandó szabad felhasználású hitelhez szükséges egyes kormányzati intézkedésekről szóló 2263/2024. számú Korm. határozat módosításáról,Other,,
2024,2281/2024,A Magyar Export-Import Bank Zártkörűen Működő Részvénytársaság által a B+N Referencia Zrt. részére nyújtandó kifektetési hitelhez szükséges egyes kormányzati intézkedésekről,Other,,
2024,,Gazdasági társaság többségi társasági részesedésének megszerzéséről,Other,,
2024,2285/2024,A Milipol Zártkörűen Működő Részvénytársaság tulajdoni helyzetét érintő változással kapcsolatos intézkedésekről,Other,,
2024,2286/2024,A Végrehajtás Operatív Program Plusz kiemelt projektjeinek nevesítéséről szóló 2186/2022. kormányhatározat visszavonásáról,Other,,
2024,2287/2024,A Magyarországot népszerűsítő nyugat-balkáni és egyéb desztinációkat érintő nemzetközi marketingkampány lefolytatásával kapcsolatos egyes intézkedésekről szóló 2662/2023. Korm. határozat további módosításáról,Other,,
2024,2288/2024,A Magyarországot népszerűsítő nemzetközi marketing kampány lefolytatásával kapcsolatos egyes intézkedésekről szóló 2144/2023. Korm. határozat végrehajtása során alkalmazandó eltérő rendelkezésekről szóló 2592/2023. Korm. határozat módosításáról,Other,,
2024,2289/2024,"A közvetlen vagy közvetett módon állami tulajdonban álló egyes gazdasági társaságok, valamint egyéb állami szervezetek elhelyezéséről szóló 2011/2022. Korm. határozat végrehajtása érdekében szükséges rendelkezésről",Other,,
2024,2290/2024,Az Energiaügyi Minisztérium tulajdonosi joggyakorlása alatt álló Radioaktív Hulladékokat Kezelő Korlátolt Felelősségű Társaság beruházásainak megvalósításával kapcsolatos döntésekről,Other,,
2024,2291/2024,Az Építési és Közlekedési Minisztérium által finanszírozott légnavigációs díjak fizetése alól felmentett repülések költségeinek a légnavigációs szolgáltató részére történő megtérítéséről,Other,,
2024,2292/2024,A 2025. évi Gyulai István Memorial - Atlétikai Magyar Nagydíj megrendezéséhez szükséges kormányzati intézkedésekről,Other,,
2024,2293/2024,Az új munkásszállások kialakítását támogató programmal kapcsolatos intézkedésekről,Other,,
2024,2294/2024,A Lechner Tudásközpont Nonprofit Korlátolt Felelősségű Társaság feladatainak átszervezésével kapcsolatos intézkedésekről,Other,,
2024,2295/2024,"A közvetlen vagy közvetett módon állami tulajdonban álló egyes gazdasági társaságok, valamint egyéb állami szervezetek elhelyezéséről szóló 2011/2022. Korm. határozat végrehajtásával összefüggő további rendelkezésekről",Other,,
2024,2296/2024,A védelmi és biztonsági felkészítés 2025. évi egyes kérdéseiről,Other,,
2024,2297/2024,A magyarországi szuperszámítógépes infrastruktúra továbbfejlesztéséhez és a Mesterséges Intelligencia Adatelemző Központ megvalósításához szükséges intézkedésekről,Other,,
2024,2298/2024,A Paks II. beruházás megvalósításához szükséges munkásszállás első üteme és a kapcsolódó infrastruktúra-beruházások megvalósításáról szóló 2164/2024. Korm. határozat módosításáról,Other,,
2024,2299/2024,A 2026. évi World Athletics Ultimate Championships megrendezéséhez szükséges további kormányzati intézkedésekről,Other,,
2024,2301/2024,"Az egyes minisztériumok, központi költségvetési szervek és állami tulajdonú gazdasági társaságok elhelyezésével kapcsolatos további kormányzati intézkedésekről szóló 2518/2023. Korm. határozat végrehajtása során alkalmazandó eltérő intézkedésekről",Other,,
2024,2302/2024,A turisztikai attrakciókkal kapcsolatos intézkedésekről,Other,,
2024,2303/2024,Kiemelt fővárosi sportegyesületek támogatásával kapcsolatos intézkedésekről,Other,,
2024,2304/2024,Egyes koncessziós szerződésekről,Other,,
2024,2305/2024,Hévíz turizmusának fejlesztéséhez szükséges intézkedésekről,Other,,
2024,,Az állami felsőoktatási intézmény állam által alapított gazdasági társaság fenntartásába kerülése érdekében szükséges intézkedésekről,Other,,
2024,2308/2024,"Az „Egészséges Magyarország 2021−2027” Egészségügyi Ágazati Stratégia elfogadásáról szóló 2874/2021. Korm. határozat, valamint a Tartós ápolás- gondozásra vonatkozó stratégia elfogadásáról szóló 2875/2021. Korm. határozat alapján elfogadott stratégiák feljogosító feltételek teljesítéséhez szükséges módosított változatának közzétételéről",Other,,
2024,2309/2024,A Magyar Kutatási Hálózat által használt egyes vagyonelemek állami tulajdonba vétele érdekében szükséges intézkedésekről,Other,,
2024,2310/2024,Egyes sportszervezetek támogatásával kapcsolatos intézkedésekről,Other,,
2024,2311/2024,A Magyarországi Baptista Egyház debreceni gyülekezeti központ beruházásának megvalósításához szükséges forrás biztosításáról,Other,,
2024,2313/2024,A HUMDA Magyar Mobilitás-fejlesztési Ügynökség Zártkörűen Működő Részvénytársaság állami tulajdonba kerüléséhez kapcsolódó intézkedésekről,Other,,
2024,2314/2024,Egy kiemelt feladat végrehajtásához szükséges forrás biztosításáról,Other,,
2024,2315/2024,A hitelesített energiamegtakarítások rendszerének felülvizsgálatáról,Other,,
2024,2316/2024,A felhalmozási és működési kiadási előirányzatokra vonatkozó kötelezettségvállalások korlátozásáról,Other,,
2024,2317/2024,A kormányzati célú hálózatok konszolidációjához szükséges intézkedésekről,Other,,
2024,2318/2024,A Karátson Gábor Archívum és Kutatóműhely további működtetéséhez szükséges forrás biztosításáról,Other,,
2024,2319/2024,A pedagógus-továbbképzés és a köznevelési igazgatóképzés rendszerének megújításáról és működésének finanszírozásáról,Other,,
2012,2001/2012,"A pénzügyi stabilitási gondokkal küzdő tagállamok megsegítését szolgáló, az uniós támogatással megvalósuló projektek átmeneti társfinanszírozás-emelésére vonatkozó segítségnyújtás igénybevételéből eredő hatások kezeléséről.",3. Állami,"Vagyongazdálkodás, Költségvetés és Közigazgatás",
2012,2002/2012,„A Kormány támogatja az operatív programok többletkötelezettség-vállalását a fejlesztési források teljes mértékű felhasználása érdekében.”,3. Állami,"Vagyongazdálkodás, Költségvetés és Közigazgatás",
2012,2003/2012,A Koszovói Köztársaság magaslégterének megnyitásában való részvételre irányuló NATO pályázat benyújtásáról.,"2. Honvédelem,",Rendvédelem és Nemzetbiztonság,NATO
2012,2004/2012,"A köznevelésben ellátandó állami feladatok ellátásáról, finanszírozásáról és az állami köznevelési feladatok ellátását szolgáló vagyonnal kapcsolatos kérdésekről.","6. Kultúra,","Sport, Oktatás, Egészségügy és Egyházak",Köznevelés
2012,2005/2012,"A Hálózat a Globális Fejlődésért, létrehozásáról szóló Megállapodás részes állammá váláshoz szükséges bejelentéséről.","7. Külpolitika,",EU és Határon Túli Ügyek,
2012,2006/2012,A nemzetközi szervezetekben való kormányzati részvétel felülvizsgálatáról szóló 2008/2011. (V.31.)Korm. határozat módosításáról.,"7. Külpolitika,",EU és Határon Túli Ügyek,
2012,2007/2012,A 2012. július 16. és 26. közötti konzultációs sorozat vonatkozásában meghatározott megvizsgálandó kérdésekről.,3. Állami,"Vagyongazdálkodás, Költségvetés és Közigazgatás",
2012,2008/2012,A Pénzügyi Jogok Biztosának Hivatala létrehozásával összefüggő intézkedésekről.,3. Állami,"Vagyongazdálkodás, Költségvetés és Közigazgatás",
2012,2009/2012,A szociális szövetkezetek működési és jogi támogatási feltételeinek javítása érdekében szükséges intézkedésekről.,1. Gazdaságfejlesztés,és Vállalati Támogatások,Szociális szövetkezetek
2012,2010/2012,A 2012. július 16. és 26. közötti konzultációs sorozat vonatkozásában vállalt feladatokról szóló 1412/2012. (IX. 28.) Korm. határozat szerint a gyógyszertámogatás ésszerűsítése érdekében 2013. évben szükséges intézkedésekről.,"6. Kultúra,","Sport, Oktatás, Egészségügy és Egyházak",Gyógyszertámogatás
2022,2001/2022,Az egyes egyházi és civil szervezetek támogatásáról szóló 2870/2021. Korm. határozat módosításáról,Other,,
2022,2002/2022,Az állampolgárok egyes csoportjainak küldendő kormányzati tájékoztató levelek kapcsán felmerülő feladatokról,Other,,
2022,2003/2022,A Modern Városok Program keretében a Munkácsy-negyed fejlesztési program részeként a békéscsabai Munkácsy Mihály Múzeum homlokzat-felújításához és a kapcsolódó feladatokhoz szükséges forrás biztosításáról,Other,,
2022,2004/2022,Az egyes kulturális intézmények és szakmai programok támogatása érdekében szükséges intézkedésekről szóló 2163/2021. Korm. határozat módosításáról,Other,,
2022,2005/2022,A Magyar Honvédség Parancsnoksága védelmi és biztonsági feladatokkal összefüggő igényének jóváhagyásáról,Other,,
2022,2006/2022,Az Európai Unió Törvényszéke előtt folyamatban levő T-101/18. sz. Osztrák Köztársaság kontra Európai Bizottság ügyben való részvétellel összefüggésben további forrás biztosításáról,Other,,
2022,2007/2022,Az egyes sportszervezetek és sportszövetségek működési és sportfejlesztési feladataival kapcsolatos intézkedésekről,Other,,
2022,2008/2022,A 2021. évről áthúzódó költségvetési kifizetések teljesítéséről,Other,,
2022,2009/2022,A rendőrség határrendészeti feladatainak ellátásában történő részvétel érdekében a fegyveres biztonsági őrség létszámának növelésével összefüggő források biztosításáról,"2. Honvédelem,",Rendvédelem és Nemzetbiztonság,Határrendészeti fegyveres őrség
2022,2010/2022,A trieszti kikötő magyar terminálja fejlesztési koncepciójának meghatározásáról,Other,,
2022,2011/2022,"A közvetlen vagy közvetett módon állami tulajdonban álló egyes gazdasági társaságok, valamint egyéb állami szervezetek elhelyezéséről",Other,,
2022,2012/2022,A Lengyel Köztársaság részére történő COVID-19 vakcina kölcsönbe adásáról,5. Válságkezelés,,COVID-19 vakcina kölcsönadás Lengyelországnak
2022,2013/2022,A Paks II. Projekt 2. Fázisának megindításához szükséges intézkedésekről,"4. Infrastruktúra,",Közlekedés és Energetika,Paks II. projekt 2. fázisa
2022,2014/2022,"Az államilag elismert sportakadémiák, a sportakadémiai módszertani központok és a kiemelt régiós alközpontok támogatásáról",Other,,
2022,2015/2022,A határon túli labdarúgó sportakadémiák támogatásáról,Other,,
2022,2016/2022,A KIRÁLY Sportlétesítmény fejlesztése II. ütemének megvalósításához szükséges többletforrás biztosításáról,Other,,
2022,2017/2022,A kiemelt fővárosi sportegyesületek sportlétesítmény üzemeltetéséhez feladatainak ellátásához szükséges kiegészítő támogatás biztosításával összefüggő kormányzati intézkedésekről,Other,,
2022,2018/2022,Egyes sportszervezetek támogatásával kapcsolatos intézkedésekről,Other,,
2022,2019/2022,Egyes vidéki sportfejlesztések támogatásáról,Other,,
2022,2020/2022,A tatabányai multifunkciós csarnok jövőbeli üzemeltetésével kapcsolatos intézkedésekről,Other,,
2022,2021/2022,A szegedi kézilabdacsarnok jövőbeli üzemeltetésével kapcsolatos intézkedésekről,Other,,
2022,2022/2022,Egyes egészséginformatikai szolgáltatások központi nyújtásához szükséges intézkedésekről,Other,,
2022,2023/2022,A Tállya községi sporttelep komplex fejlesztéséhez szükséges többletforrás biztosításáról,Other,,
2022,2024/2022,A „Pécs-pogányi repülőteret működtető” Korlátolt Felelősségű Társaságban és az AIR-HORIZONT PÉCS-POGÁNYI REPÜLŐTÉR FEJLESZTÉSÉÉRT Nonprofit Korlátolt Felelősségű Társaságban történő állami tulajdonrész vásárlásról szóló 2569/2021. Korm. határozat módosításáról,Other,,
2022,2025/2022,A Magyar Honvédség Parancsnoksága védelmi és biztonsági feladatokkal összefüggő igényeinek jóváhagyásáról,Other,,
2022,2026/2022,A Nemzeti Adó- és Vámhivatal védelmi és biztonsági feladatokkal összefüggő igényeinek jóváhagyásáról,Other,,
2022,2027/2022,A Törökbálint Sportközpont továbbfejlesztése beruházás előkészítésének folytatásáról,Other,,
2022,2028/2022,Egyes sportcélú ingatlanok állami tulajdonba vételével összefüggő kormányzati intézkedésekről,Other,,
2022,2029/2022,A Magyar Tenisz Szövetség támogatása érdekében szükséges kormányzati intézkedésekről,Other,,
2022,2030/2022,A Budapest-Belgrád vasútvonal újjáépítési beruházáshoz kapcsolódó többletforrások biztosításáról,Other,,
2022,2031/2022,A Magyarország vasúti fejlesztéseihez szükséges kötelezettségvállalásról,Other,,
2022,2032/2022,"A Dunai Regatta és Sportfesztivál, egyetemi evezős és sárkányhajóverseny és kísérőrendezvényei 2022. évi megrendezésével kapcsolatos kormányzati intézkedésekről",Other,,
2022,2033/2022,A 2023. évi Férfi Labdarúgó Európa-liga döntő megrendezéséhez kapcsolódó kormányzati intézkedésekről,Other,,
2022,2034/2022,A Digitális Kormányzati Fejlesztés és Projektmenedzsment Korlátolt Felelősségű Társaság Helyreállítási és Ellenállóképességi (Rezilienciaépítési) Eszköz keretében megvalósuló kiemelt projektjei vonatkozásában a biztosítéknyújtási kötelezettség alóli egyedi mentesítéséről,Other,,
2022,2035/2022,A Hatvani Kézilabda és Szabadidő Sportegyesület által megvalósítandó sportlétesítmény-fejlesztés támogatásáról,Other,,
2022,2036/2022,A felhalmozási célú előirányzatok terhére történő kötelezettségvállalások kiegészítő szabályairól,Other,,
2022,2038/2022,A Gazdaság-újraindítási Akcióterv keretében előkészítésre és megvalósításra kerülő beruházások átütemezésével kapcsolatos döntésekről,Other,,
2022,2039/2022,A Köztársasági Elnöki Hivatal működéséhez szükséges többletforrás biztosításáról,Other,,
2022,2041/2022,A Trans-Sped Logisztikai Szolgáltató Központ Korlátolt Felelősségű Társaság nagybefektető magyarországi beruházásának kormányzati támogatásáról,Other,,
2022,2042/2022,A LOTTE ALUMINIUM Hungary Korlátolt Felelősségű Társaság nagybefektető magyarországi beruházásának kormányzati támogatásáról,Other,,
2022,2043/2022,Magyarország Mexikóvárosi Nagykövetségének ideiglenes elhelyezésének kialakításával kapcsolatos forrás biztosításáról,Other,,
2022,2044/2022,A Magyarország vasúti fejlesztéseihez szükséges kötelezettségvállalásról,Other,,
2022,2045/2022,A határon túli gazdaságfejlesztési programok 2022. évi folytatásához szükséges intézkedésekről,"7. Külpolitika,",EU és Határon Túli Ügyek,Határon túli gazdaságfejlesztés
2022,2046/2022,A 2021-2027 közötti kohéziós célú támogatások kifizetését lehetővé tevő feljogosító feltételek teljesítéshez szükséges intézkedésekről,Other,,
2022,2048/2022,Egy ingatlan tulajdonjogának a magyar állam javára történő megszerzéséről,Other,,
2022,2049/2022,Az Egészségügyi Világszervezet Végrehajtó Tanácsi tagságának betöltésére kiírt felhívásra Magyarország által benyújtandó pályázatról,Other,,
2022,2050/2022,A Lendva és térsége fejlesztési célú támogatásról szóló 2383/2021. Korm. határozat módosításáról,Other,,
2022,2051/2022,A Hajdúnánás külterületén megvalósuló hazai MotoGP versenypálya és sportkomplexum beruházással kapcsolatos döntésekről,Other,,
2022,2052/2022,A Közép-Duna Menti Kiemelt Térséghez kapcsolódó egyes fejlesztésekről,Other,,
2022,2053/2022,Az Alföldi Agrárszakképzési Centrum Vidékfejlesztési Program meghatározott felhívásában való részvételéhez történő hozzájárulásról,Other,,
2022,2054/2022,"Az 1000 Brüsszel, Rue de la Loi 9. szám alatti ingatlan felújításával összefüggő feladatokról",Other,,
2022,2055/2022,Magyarország egész területét érintő 2022. január 30-i viharos időjárás okozta egyházi épületekben keletkezett károk enyhítéséről,Other,,
2022,2056/2022,A földeken fennálló haszonélvezeti jogosultságok ex lege megszüntetése miatt az Emberi Jogok Európai Bírósága előtt indult eljárásokkal összefüggő államháztartási intézkedésekről,Other,,
2022,2057/2022,Egyes egészséginformatikai szolgáltatások központi nyújtásához szükséges intézkedésekről szóló 2022/2022. Korm. határozat egyes rendelkezéseinek eltérő alkalmazásáról,Other,,
2022,2058/2022,A Gazdaságfejlesztési és Innovációs Operatív Program Plusz kiemelt projektjeinek nevesítéséről,Other,,
2022,2059/2022,A Büntetés-végrehajtás Országos Parancsnoksága védelmi és biztonsági feladatokkal összefüggő igénye jóváhagyásáról,Other,,
2022,2060/2022,Az Országos Idegenrendészeti Főigazgatóság védelmi és biztonsági feladatokkal összefüggő igénye jóváhagyásáról,Other,,
2022,2061/2022,A Magyar Honvédség Parancsnoksága védelmi képességének fenntartásához szükséges beszerzési terve jóváhagyásáról,Other,,
2022,2062/2022,"A Vidékfejlesztési Program VP4-10.2.1.1-21 kódszámú „ A védett őshonos és veszélyeztetett mezőgazdasági állatfajták genetikai állományának in situ megőrzése” című felhíváson az Állami Ménesgazdaság Szilvásvárad, valamint a Bábolna Nemzeti Ménesbirtok részvételéről",Other,,
2022,2063/2022,A szociális hozzájárulási adó 2022. évi csökkentése miatt a Belügyminisztérium és Pénzügyminisztérium fejezetben keletkező megtakarítás felhasználásáról,Other,,
2022,2064/2022,Az Európai Unió Törvényszékén megüresedett bírói mandátum betöltéséről,Other,,
2022,2066/2022,"A ""Pro Libertate!"" címmel készülő film megvalósításának támogatásáról",Other,,
2022,2067/2022,Az Arnest Hungary Korlátolt Felelősségű Társaság nagybefektető magyarországi beruházásának kormányzati támogatásáról,Other,,
2022,2068/2022,A PENOPLEX ORANGE Építőanyagipari Kereskedelmi Korlátolt Felelősségű Társaság nagybefektető magyarországi beruházásának kormányzati támogatásáról,Other,,
2022,2069/2022,A Magyar Védelmi Exportügynökség Zártkörűen Működő Részvénytársaság működése érdekében szükséges költségvetési forrás biztosításáról,Other,,
2022,2070/2022,A berettyóújfalui Bihar Termálliget - Városi Uszoda és Gyógyfürdő kivitelezésének befejezéséhez szükséges forrás biztosításáról,Other,,
2022,2071/2022,"A 2022. évi 19. FINA Úszó-, Vízilabda-, Műugró, Műúszó és Nyíltvízi Világbajnokság megrendezésével kapcsolatos egyes további intézkedésekről",Other,,
2022,2072/2022,A NIF Nemzeti Infrastruktúra Fejlesztő zártkörűen működő Részvénytársaságot érintő egyes szabálytalansági eljárásokban megállapított pénzügyi korrekciók rendezéséről,Other,,
2022,2073/2022,A Gazdaság-újraindítási Akcióterv keretében a Paks munkásszállás projekt I. ütemének megvalósításáról,Other,,
2022,2074/2022,A komplex közútfejlesztési feladatok II. ütemének projektlistájáról,Other,,
2022,2075/2022,A Magyar Honvédség Parancsnoksága védelmi és biztonsági feladatokkal összefüggő igénye jóváhagyásáról,Other,,
2022,2076/2022,A Kormányzati Személyügyi Döntéstámogató Rendszer megvalósulásával összefüggésben szükséges forrásbiztosításról,Other,,
2022,2077/2022,A 2022. évi határátlépéssel járó egyes csapatmozgások engedélyezéséről,Other,,
2022,2078/2022,A Határigazgatási és Vízumpolitikai Eszköz Program Plusz kiemelt projektjeinek nevesítéséről,Other,,
2022,2079/2022,A Zalaegerszegi Járműipari Tesztpálya III. ütemének finanszírozásáról,Other,,
2022,2081/2022,Az Elektronikus Közbeszerzési Rendszer 2022-2025. évi továbbfejlesztéséhez szükséges forrás biztosításáról,Other,,
2022,2082/2022,A fizetésképtelenségi nyilvántartás európai uniós követelményekkel összefüggő fejlesztéséhez szükséges intézkedésről,Other,,
2022,2083/2022,A Munkácsi Görögkatolikus Egyházmegye ingatlanfejlesztéséhez kapcsolódó kormányzati intézkedésekről,Other,,
2022,2085/2022,A védelmi ipari vállalatban történő részesedésszerzés végrehajtásához szükséges további intézkedésekről,Other,,
2022,2088/2022,A Pfizer/BioNTech Comirnaty COVID-19 oltóanyag rendelésének optimalizációjával összefüggő egyes további feladatokról,Other,,
2022,2089/2022,Az Erzsébet gyermek- és ifjúsági táborok többlettámogatásának biztosításáról szóló 2817/2021. (XII. 26.) Korm. határozat módosításáról,Other,,
2022,2090/2022,A Kék Bolygó Klímavédelmi Alapítvány részére történő vagyonjuttatásról,Other,,
2022,2091/2022,A HUNGARORING Sport Zártkörűen Működő Részvénytársaság Stratégiai Fejlesztési Programjának keretében megvalósuló beruházásokról,Other,,
2022,2092/2022,A Nemzeti Ménesbirtok és Tangazdaság Zártkörűen Működő Részvénytársaság tőkeemeléséről,Other,,
2022,2093/2022,A minőség- és teljesítményelvű felsőoktatási rendszer kialakításához szükséges új finanszírozás rendről szóló 2464/2021. Korm. határozat módosításáról,Other,,
2022,2094/2022,Az Erdélyi Médiatér Egyesület működésének és fejlesztési terveinek támogatásához szükséges kiegészítő forrás biztosításáról,Other,,
2022,2095/2022,A nyíradonyi Gúth-Keled látogatóközpont további fejlesztéséhez szükséges forrás biztosításáról,Other,,
2022,2096/2022,A Dunakeszi Járműjavító Korlátolt Felelősségű Társaság részére a MÁV Magyar Államvasutak Zártkörűen Működő Részvénytársaság tulajdonában lévő ingatlanok értékesítésével kapcsolatos egyes intézkedésekről,Other,,
2022,2097/2022,"Az Ukrajna területéről érkezett, ukrán állampolgársággal rendelkező személyek munkavállalásának támogatásáról",5. Válságkezelés,,Ukrán menekültek munkavállalása
2022,2098/2022,Az egyes sportcélú ingatlanok tulajdoni helyzetének rendezésével és hasznosításával kapcsolatos intézkedésekről,Other,,
2022,2099/2022,A Pest Megyei Flór Ferenc Kórház KEHOP-5.2.2 energetikai programjához kapcsolódóan az „A” és „B” épületszárny homlokzati korlát és árnyékoló rendszernek megvalósításáról szóló 2275/2021. Korm. határozat visszavonásáról,Other,,
2022,2101/2022,A KOMETA 99 Élelmiszeripari Zártkörűen működő Részvénytársaság nagybefektető magyarországi beruházásának kormányzati támogatásáról,Other,,
2022,2102/2022,A Galambos Logistic Korlátolt Felelősségű Társaság és a Galambos Holding Ingatlankezelő Korlátolt Felelősségű Társaság nagybefektetők magyarországi beruházásának kormányzati támogatásáról,Other,,
2022,2103/2022,"A ""Hunyadi"" című történelmi televíziósorozat megvalósításának további támogatásáról",Other,,
2022,2105/2022,Az MKUK Magyar Kanizsai Udvari Kamaraszínház Nonprofit Korlátolt Felelősségű Társaság történelmi vándorszínház állandó játszóhelyének biztosításáról,Other,,
2022,2106/2022,A Nemzeti Eszközkezelő Programban részt vevő természetes személyek otthonteremtésének biztosításáról szóló törvényből eredő állami feladatok karitatív szervezetek általi átvállalásáról szóló 2222/2021. Korm. határozat módosításáról,Other,,
2022,2107/2022,Egyes társasági részesedések megszerzésével kapcsolatos döntésekről,Other,,
2022,2108/2022,"„A Mosonmagyaróvári Vár turisztikai fejlesztése” című, GINOP-7.1.1-15-2016- 00026 azonosító számú projekt hazai forrásból történő finanszírozásáról, valamint a felszabaduló források felhasználásáról",Other,,
2022,2109/2022,A 2022. évi „Augusztus 20-i tűzijáték” és a Szent István Napi programsorozat támogatásáról,Other,,
2022,2110/2022,A nemzetközi kulturális-művészeti rendezvények támogatásáról szóló 2338/2021. Korm. határozat módosításáról,Other,,
2022,2112/2022,"A Gazdaság-újraindítási Akcióterv végrehajtása érdekében Magyarország Helyreállítási és Ellenállóképességi Tervéhez kapcsolódó, a támogatási keretösszeggel és a kiemelt kedvezményezettek megjelölésével bővített intézkedési lista jóváhagyásáról szóló 2415/2021 Korm. határozat módosításáról",Other,,
2022,2113/2022,A Hauszmann Alapítvány közfeladatainak 2022. évi ellátásához szükséges forrás biztosításáról,Other,,
2022,2114/2022,A Magyar Nemzeti Levéltár Győr-Moson-Sopron Megye Levéltára Mosonmagyaróvári Fióklevéltára elhelyezéséhez szükséges állami tulajdonszerzésről,Other,,
2022,2115/2022,"Az egyes felsőoktatási intézmények infrastrukturális, valamint innovációs és ökoszisztéma fejlesztéseihez szükséges többletforrás biztosításáról",Other,,
2022,2116/2022,A Toray Industries Hungary Korlátolt Felelősségű Társaság nagybefektető magyarországi beruházásának kormányzati támogatásáról,Other,,
2022,2117/2022,A Liget Budapest projekt megvalósításával kapcsolatos intézkedésekről szóló 2807/2021. Korm. határozat módosításáról,Other,,
2022,2118/2022,A Magyar Máltai Szeretetszolgálat Egyesület részére az Ukrajnában kialakult fegyveres konfliktussal kapcsolatos humanitárius feladatok ellátásához szükséges többletforrás biztosításáról,5. Válságkezelés,,Magyar Máltai Szeretetszolgálat - ukrán konfliktus
2022,2119/2022,A Jövő Nemzedék Földje Alapítvány pénzbeli vagyoni juttatásáról,Other,,
2022,2120/2022,A Fejér Megyei Rendőr-főkapitányság védelmi képességének fenntartásához szükséges beszerzési terve jóváhagyásáról,Other,,
2022,2121/2022,A Magyar Honvédség Parancsnoksága védelmi képességének fenntartásához szükséges módosított beszerzési terve jóváhagyásáról,Other,,
2022,2122/2022,A Magyar Honvédség Modernizációs Intézet védelmi képességének fenntartásához szükséges beszerzési terve jóváhagyásáról,Other,,
2022,2123/2022,A Formula-1 Világbajnokság Magyar Nagydíj megrendezésének meghosszabbításával kapcsolatos kormányzati intézkedésekről,Other,,
2022,2124/2022,A MOL – Új Európa Alapítvány ingatlanvásárlásának támogatásáról szóló 2759/2021. Korm. határozat módosításáról,Other,,
2022,2125/2022,A Hajdúnánás külterületén megvalósuló hazai MotoGP versenypálya és sportkomplexum beruházással kapcsolatos döntésekről szóló 2051/2022 Korm. határozat módosításáról,Other,,
2022,2126/2022,A BMSK Sport Közhasznú Nonprofit Korlátolt Felelősségű Társaság működéséhez szükséges 2022. évi finanszírozás biztosításáról,Other,,
2022,2127/2022,A Belügyminisztérium Országos Katasztrófavédelmi Főigazgatóság védelmi és biztonsági feladatokkal összefüggő igénye jóváhagyásáról,Other,,
2022,2128/2022,A Baranya Megyei Rendőr-főkapitányság védelmi képességének fenntartásához szükséges beszerzési terve jóváhagyásáról,Other,,
2022,2129/2022,Az Információs Hivatal védelmi és biztonsági feladatokkal összefüggő igénye jóváhagyásáról,Other,,
2022,2130/2022,A Jász-Nagykun-Szolnok Megyei Rendőr-főkapitányság védelmi képességének fenntartásához szükséges beszerzési terve jóváhagyásáról,Other,,
2022,2131/2022,A Készenléti Rendőrség védelmi és biztonsági feladatokkal összefüggő igénye jóváhagyásáról,Other,,
2022,2132/2022,"Az egyes civil szervezetek forrásszükségletének biztosításáról, valamint egyes kormányhatározatok módosításáról szóló 2419/2020. Korm. határozat végrehajtása során alkalmazandó eltérő rendelkezésekről",Other,,
2022,2133/2022,"A tatabányai multifunkciós csarnok üzemeltetési kérdéseiről, és az új budapesti multifunkcionális sport-és rendezvénycsarnok, valamint a szegedi kézilabdacsarnok üzemeltetésével kapcsolatos intézkedésekről szóló 2734/2021. Korm. határozat végrehajtása során alkalmazandó eltérő rendelkezésekről",Other,,
2022,2134/2022,A Budapesti Rendőr-főkapitányság védelmi képességének fenntartásához szükséges beszerzési terve jóváhagyásáról,Other,,
2022,2135/2022,A Magyar Honvédség speciális ellátási igényeinek kielégítése érdekében működtetett nemzetközi együttműködési programokban való részvétel fenntartásának jóváhagyásáról,Other,,
2022,2136/2022,Az Országos Rendőr-főkapitányság védelmi és biztonsági feladatokkal összefüggő igénye jóváhagyásáról,Other,,
2022,2137/2022,A Nemzeti Szakértői és Kutató Központ védelmi és biztonsági feladatokkal összefüggő igénye jóváhagyásáról,Other,,
2022,2138/2022,Az Országos Rendőr-főkapitányság védelmi és biztonsági feladatokkal összefüggő igénye jóváhagyásáról,Other,,
2022,2139/2022,A Tolna Megyei Rendőr-főkapitányság védelmi képességének fenntartásához szükséges beszerzési terve jóváhagyásáról,Other,,
2022,2140/2022,A Veszprém Megyei Rendőr-főkapitányság védelmi képességének fenntartásához szükséges beszerzési terve jóváhagyásáról,Other,,
2022,2142/2022,"A Nemzeti Kastélyprogram és Nemzeti Várprogram részét képező GINOP-7.1.1-15- 2016-00016 azonosító számú, „A soproni Várfalhoz kapcsolódó Múzeumnegyed és a Romkert turisztikai célú fejlesztése” projekt mérföldkövének módosításáról",Other,,
2022,2143/2022,A 2023. évi WA Atlétikai Világbajnokság megrendezéséhez szükséges létesítményekkel kapcsolatos további intézkedésekről,Other,,
2022,2144/2022,A Budapest Liszt Ferenc Nemzetközi Repülőtéren található Kormányváró fejlesztési koncepciójának tárgyalására adott felhatalmazásról,Other,,
2022,2145/2022,"Az Alapjogokért Központ ingatlanszerzéséhez, valamint működéséhez szükséges támogatásról",Other,,
2022,2147/2022,A budapesti Nagyboldogasszony ortodox székesegyház felújítása és kapcsolódó beruházások folytatásához szükséges forrás biztosításáról,Other,,
2022,2149/2022,A Biatorbágyi Tudásparkhoz kapcsolódó infrastruktúra fejlesztés megvalósításáról,Other,,
2022,2150/2022,"A 2020. évi, a 2021. évi és a 2022. évi ITF FED Kupa Döntő megrendezése érdekében szükséges kormányzati intézkedésekről szóló 1324/2019. (VI. 3.) Korm. határozat végrehajtása során alkalmazandó eltérő rendelkezésekről",Other,,
2022,2151/2022,Az „EHF FINAL4 Women” női kézilabda Bajnokok Ligája megrendezéséhez szükséges intézkedésekről,Other,,
2022,2152/2022,Az Alkotmánybíróság elhelyezéséhez szükséges kormányzati intézkedésekről,Other,,
2022,2153/2022,Egyes ingatlanok megvásárlásához szükséges kormányzati intézkedésekről,Other,,
2022,2154/2022,A Budapest-Kispest-Központi Református Egyházközség Ady Endre Általános Iskolája ingatlanvásárlásához és fejlesztéséhez szükséges intézkedésekről,Other,,
2022,2155/2022,A szerbiai J.P. Srbijagas hiteladós részére a Magyar Export-Import Bank Zrt. által nyújtandó szabad felhasználású hitelhez szükséges egyes kormányzati intézkedésekről,Other,,
2022,2156/2022,"Az élet- és vagyonbiztonságot veszélyeztető tömeges megbetegedést okozó humánjárvány megelőzése, illetve következményeinek elhárítása érdekében végzett feladatokról, valamint a Miniszterelnökség fejezetében felmerült többletkiadások fedezetének biztosításáról",Other,,
2022,2158/2022,"A közvetlen vagy közvetett módon állami tulajdonban álló egyes gazdasági társaságok, valamint egyéb állami szervezetek elhelyezéséről szóló 2011/2022. Korm. határozat végrehajtása során alkalmazandó eltérő rendelkezésekről",Other,,
2022,2159/2022,"Befizetési kötelezettség előírásáról, éven túli kötelezettségvállalás engedélyezéséről, valamint a Magyar Művészeti Akadémia stratégiai fejlesztési programja támogatásáról szóló 2081/2020. Korm. határozat végrehajtása során alkalmazandó eltérő rendelkezésekről",Other,,
2022,2160/2022,A Kormány tagjainak feladat- és hatásköréről szóló kormányrendelet végrehajtásához szükséges intézkedésekről,Other,,
2022,2161/2022,"A titkos információgyűjtés folytatására, illetve a leplezett eszközök alkalmazására feljogosított szerv és a Nemzetbiztonsági Szakszolgálat közötti együttműködés rendjéről",Other,,
2022,2162/2022,A DUNACELL Dunaújvárosi Cellulózgyár Korlátolt Felelősségű Társaság nagybefektető magyarországi beruházásának kormányzati támogatásáról,Other,,
2022,2163/2022,A SEIREN Hungary Korlátolt Felelősségű Társaság nagybefektető magyarországi beruházásának kormányzati támogatásáról,Other,,
2022,2164/2022,"A ""Termelés-Logistic-Centrum"" Kereskedelmi Korlátolt Felelősségű Társaság nagybefektető magyarországi beruházásának kormányzati támogatásáról",Other,,
2022,2165/2022,A GRUNDFOS Magyarország Gyártó Korlátolt Felelősségű Társaság nagybefektető magyarországi beruházásának kormányzati támogatásáról,Other,,
2022,2166/2022,A WSZL Automotív Korlátolt Felelősségű Társaság nagybefektető magyarországi beruházásának kormányzati támogatásáról,Other,,
2022,2167/2022,A WSZL Automotív Korlátolt Felelősségű Társaság nagybefektető magyarországi beruházásának kormányzati támogatásáról,Other,,
2022,2168/2022,A SCHNEIDER ELECTRIC HUNGÁRIA Villamossági Zártkörűen Működő Részvénytársaság nagybefektető magyarországi beruházásának kormányzati támogatásáról,Other,,
2022,2169/2022,Az MFB Magyar Fejlesztési Bank Zártkörűen Működő Részvénytársaság tőkehelyzetének stabilitásához szükséges forrás biztosításáról,Other,,
2022,2170/2022,A 2021-2027 programozási időszak kohéziós célú támogatásainak kifizetését lehetővé tevő feljogosító feltételek teljesítéséhez szükséges intézkedésekről,Other,,
2022,2171/2022,A Gazdaságfejlesztési és Innovációs Operatív Program Plusz kiemelt projektjeinek nevesítéséről szóló 2058/2022. Korm. határozat módosításáról,Other,,
2022,2172/2022,Az Innovation Europe Agrár Innovációs Magántőkealappal kapcsolatos tulajdonosi joggyakorlói feladatok átadásáról,Other,,
2022,2173/2022,Az új Nemzeti Atlétikai Központ megvalósításához szükséges kiegészítő feladatok meghatározásáról,Other,,
2022,2174/2022,"Egyes ipari parki, iparterületi beruházások jövőjéről",Other,,
2022,2175/2022,Az állami építési beruházások felülvizsgálata érdekében szükséges intézkedésekről,Other,,
2022,2177/2022,A Gazdaság-újraindítási Akcióterv keretében az M4 gyorsforgalmi út Törökszentmiklós (Nyugat) és Kisújszállás (Kelet) közötti szakasz beruházásának előkészítéséről és megvalósításáról,Other,,
2022,2178/2022,"A Gazdaság-újraindítási Akcióterv keretében az M49 gyorsforgalmi út, M3 autópálya- (Őr) – Ököritófülpös (Porcsalma) közötti szakasz beruházásának előkészítéséről és megvalósításáról",Other,,
2022,2180/2022,A hulladék-közszolgáltatással kapcsolatos egyes kérdésekről,Other,,
2022,2181/2022,A 2025. évi Osakai Világkiállításon történő magyar megjelenés előzetes tematikájáról és a részvételhez szükséges előkészítő feladatokhoz kapcsolódó működési és finanszírozási feltételek megteremtéséről,Other,,
2022,2182/2022,"A H5 HÉV kül- és belterületi szakasza nyomvonalának megállapításáról, a H6 HÉV Szigetszentmiklós-Gyártelep – Ráckeve kül- és belterületi szakasza nyomvonalának megállapításáról, és a H7 HÉV kül- és belterületi szakasza nyomvonalának megállapításáról szóló kormányrendeletek kihirdetéséhez kapcsolódó intézkedésekről",Other,,
2022,2183/2022,Az állami vagyon összetételének és kezelésének felülvizsgálatáról és az ehhez kapcsolódó vagyonjogi intézkedésekről,Other,,
2022,2184/2022,Az NKK Nemzeti Közlekedési Központ Nonprofit Zártkörűen Működő Részvénytársaság tulajdonosi joggyakorlásával kapcsolatos egyes kérdésekről,Other,,
2022,2185/2022,"Az energia-veszélyhelyzettel összefüggő, földgáz betárolásával összefüggő egyes intézkedésekről",5. Válságkezelés,,"Energia-veszélyhelyzet, földgáz betárolás"
2022,2186/2022,A Végrehajtás Operatív Program Plusz kiemelt projektjeinek nevesítéséről,Other,,
2022,2187/2022,A polgári nemzetbiztonsági szolgálatok működésével és fejlesztéseivel összefüggő intézkedésekről,Other,,
2022,2188/2022,A termékekre és a szolgáltatásokra vonatkozó akadálymentességi követelmények teljesítésével összefüggő egyes feladatokról,Other,,
2022,2189/2022,A Paksi Atomerőmű további üzemidő-hosszabbításához szükséges intézkedésekről,Other,,
2022,2190/2022,"A Gazdasági Versenyhivatal, valamint az Építési és Beruházási Minisztérium elhelyezéséhez szükséges kormányzati intézkedésekről",Other,,
2022,2192/2022,A ZF Hungária Ipari és Kereskedelmi Korlátolt Felelősségű Társaság nagybefektető magyarországi beruházásának kormányzati támogatásáról,Other,,
2022,2193/2022,A PIMCO Korlátolt Felelősségű Társaság nagybefektető magyarországi beruházásának kormányzati támogatásáról,Other,,
2022,2194/2022,A Soulbrain HU Korlátolt Felelősségű Társaság nagybefektető magyarországi beruházásának kormányzati támogatásáról,Other,,
2022,2195/2022,A Terrorelhárítási Központ működésével összefüggő intézkedésekről,Other,,
2022,2196/2022,A BAYER CONSTRUCT Építőipari és Szolgáltató Zártkörűen Működő Részvénytársaság nagybefektető magyarországi beruházásának kormányzati támogatásáról,Other,,
2022,2197/2022,A RÉVÉSZ TRANS Nemzetközi Fuvarozó Szállítmányozó és Szolgáltató Korlátolt Felelősségű Társaság nagybefektető magyarországi beruházásának kormányzati támogatásáról,Other,,
2022,2198/2022,A Horváth Rudolf Intertransport Kereskedelmi és Szolgáltató Korlátolt Felelősségű Társaság nagybefektető magyarországi beruházásának kormányzati támogatásáról,Other,,
2022,2199/2022,A PICK SZEGED Szalámigyár és Húsüzem Zártkörűen Működő Részvénytársaság nagybefektető magyarországi beruházásának kormányzati támogatásáról,Other,,
2022,2200/2022,A Nemzeti Kastélyprogram és Nemzeti Várprogram részét képező egyes projektek mérföldköveinek meghatározásáról szóló kormányhatározatok felülvizsgálatáról,Other,,
2022,2201/2022,Az egyes köznevelési intézmények életveszély elhárítására irányuló fejlesztésének támogatásáról,Other,,
2022,2202/2022,Egyes közösségimédia-megjelenésekhez kapcsolódó szolgáltatásokról,Other,,
2022,2203/2022,A Bács-Kiskun Megyei Rendőr-főkapitányság védelmi képességének fenntartásához szükséges beszerzési terve jóváhagyásáról,Other,,
2022,2204/2022,A Békés Megyei Rendőr-főkapitányság védelmi képességének fenntartásához szükséges beszerzési terve jóváhagyásáról,Other,,
2022,2205/2022,A Készenléti Rendőrség védelmi képességének fenntartásához szükséges beszerzési terve jóváhagyásáról,Other,,
2022,2206/2022,A MÁV Magyar Államvasutak Zártkörűen működő részvénytársaság védelmi és biztonsági feladatokkal összefüggő igénye jóváhagyásáról,Other,,
2022,2207/2022,A Magyar Honvédség Parancsnoksága védelmi és biztonsági feladatokkal összefüggő igényeinek jóváhagyásáról,Other,,
2022,2208/2022,A Nógrád Megyei Rendőr-főkapitányság védelmi képességének fenntartásához szükséges beszerzési terve jóváhagyásáról,Other,,
2022,2209/2022,Az Országos Rendőr-főkapitányság védelmi és biztonsági feladatokkal összefüggő igénye jóváhagyásáról,Other,,
2022,2210/2022,Az Ukrajnából menekülőkkel kapcsolatos sürgősségi támogatás keretében Magyarország számára odaítélt források felhasználásáról,Other,,
2022,2211/2022,A Budapest-Belgrád vasútvonal Északi szakasza fejlesztésével összefüggő intézkedésekről,Other,,
2022,2212/2022,"A közvetlen vagy közvetett módon állami tulajdonban álló egyes gazdasági társaságok, valamint egyéb állami szervezetek elhelyezéséről szóló 2011/2022. Korm. határozat végrehajtása során alkalmazandó további eltérő intézkedésekről",Other,,
2022,2213/2022,Az orosz-ukrán háború következtében Magyarországra menekült és Magyarországon letelepedni szándékozó ukrán családok hosszú távú lakhatásának preferált településeken való biztosítása érdekében kormányzati program kidolgozásához szükséges intézkedésekről,5. Válságkezelés,,Ukrán menekültek lakhatási programja
2022,2214/2022,Az állami építési beruházások finanszírozásáról,Other,,
2022,2215/2022,A Nemzeti Eseménykezelő Központ megalakításának előkészítéséhez kapcsolódó feladatokról,Other,,
2022,2216/2022,Egyes budapesti ingatlanok tulajdonjogának a magyar állam javára történő megszerzéséről,Other,,
2022,2217/2022,A védelmi ipari együttműködés megvalósításához kapcsolódó stratégiai döntésről,Other,,
2022,2220/2022,"Az európai uniós projektek, valamint egyes közfoglalkoztatási tárgyú programok keretében megvalósuló, a belügyminiszter szakmai felelősségi körébe tartozó építési beruházásokkal kapcsolatos intézkedésekről",Other,,
2022,2221/2022,A stratégiai jelentőségű RDX robbanóanyag gyártó üzem létrehozásáról,Other,,
2022,2222/2022,Államigazgatási szervek és állami tulajdonú gazdasági társaságok budapesti elhelyezéséhez szükséges kormányzati intézkedésekről,Other,,
2022,2223/2022,A Magyar Honvédség infrastrukturális feltételeinek fejlesztését célzó beruházások végrehajtásáról,Other,,
2022,2224/2022,A Várkert Bazár épületegyüttes Déli Palota épületrészének irodaként történő hasznosításával kapcsolatos intézkedésekről,Other,,
2022,2226/2022,"A stratégiai jelentőségű lőszergyártással összefüggő további intézkedésekről, valamint az N7 Holding Zrt. feladataival összefüggő egyéb forrásjuttatási kérdésekről",Other,,
2022,2227/2022,Az egyes védelmi ipari beruházások helyzetéről és a megvalósításukhoz szükséges stratégiai döntések meghozataláról,Other,,
2022,2228/2022,A NILFISK Production Korlátolt Felelősségű Társaság nagybefektető magyarországi beruházásának kormányzati támogatásáról,Other,,
2022,2229/2022,A Becton Dickinson Hungary Kereskedelmi Korlátolt Felelősségű Társaság nagybefektető magyarországi beruházásának kormányzati támogatásáról,Other,,
2022,2230/2022,Az ukrajnai oktatási és nevelési intézmények tanévkezdési feltételeinek biztosításához szükséges anyagi segítségnyújtásról,5. Válságkezelés,,Ukrajnai oktatási intézmények támogatása
2022,2231/2022,Az egyházi jogi személyek hittanoktatási támogatásának emeléséről,Other,,
2022,2232/2022,Nemzeti sportkultúrával kapcsolatos intézkedésekről,Other,,
2022,2233/2022,Az Európa Kulturális Fővárosa 2023 programsorozat keretében megvalósuló építési beruházásokkal kapcsolatos intézkedésekről,Other,,
2022,2234/2022,A kormányzati informatikai szolgáltatások finanszírozása érdekében szükséges intézkedésekről,Other,,
2022,2235/2022,A Köztársasági Elnöki Hivatal vagyonkezelésében és használatában álló ingatlanok felújítása és berendezése érdekében szükséges intézkedésekről,Other,,
2022,2236/2022,A gazdaságfejlesztési miniszter munkaszervezete részére végfelhasználói infokommunikációs infrastruktúra biztosításáról,Other,,
2022,2237/2022,"A KÖFOP-1.0.0-VEKOP-15-2016-00031 azonosító számú, „Digitális fogyasztóvédelem – a fogyasztóvédelmi feladatok elektronizálása” című projekt keretében kifejlesztett fogyasztóvédelmi informatikai szakrendszerek üzemeltetési költségének biztosítása érdekében szükséges intézkedésekről",Other,,
2022,2239/2022,"Az 1000 Brüsszel, Rue de la Loi 9. szám alatti ingatlan felújításához és átalakításához szükséges további intézkedésekről",Other,,
2022,2240/2022,A 2022. évi Rally Hungary futam megrendezése érdekében szükséges kormányzati intézkedésekről,Other,,
2022,2241/2022,A Türk Államok Szervezete Aszálymegelőző Intézetének létrehozásáról,Other,,
2022,2242/2022,Egyes kormányhatározatok módosításáról,Other,,
2022,2243/2022,"A fővárosi, megyei kormányhivatalok 2023. évre vonatkozó villamos energia és földgáz beszerzéséhez szükséges intézkedések megvalósításáról",Other,,
2022,2244/2022,A MÁV Vagon Vasúti Jármű Gyártó és Javító Korlátolt Felelősségű Társaság 100%-os társasági részesedése értékesítésének előkészítéséről,Other,,
2022,2246/2022,Az útdíjakból származó bevételek felülvizsgálatáról,Other,,
2022,2247/2022,A Dél-Pesti Tankerületi Központ új székhelyen történő elhelyezésével kapcsolatos intézkedésekről,Other,,
2022,2248/2022,A szénbányászat kitermelési kapacitásait növelő intézkedésekről,Other,,
2022,2249/2022,Az MVM Mátra Energia Zártkörűen Működő Részvénytársaság lignitalapú termelése fokozásához szükséges intézkedésekről,Other,,
2022,2250/2022,Egyes távfűtési rendszerű épületek épületrészenkénti szabályozhatóvá tételéhez szükséges feltételekről,Other,,
2022,2251/2022,A hulladék-közszolgáltatással kapcsolatos egyes további kérdésekről,Other,,
2022,2252/2022,Az Egészségügyi Világszervezet Végrehajtó Tanácsi tagságának betöltésére kiírt felhívásra a Magyarország Kormánya által benyújtott pályázat visszavonásáról,Other,,
2022,2253/2022,A központi költségvetési szervek és az állami tulajdonban álló gazdasági társaságok informatikai beszerzéseiről és fejlesztéseiről,Other,,
2022,2254/2022,A Győr-Sopron-Ebenfurti Vasút Zrt. Európai Beruházási Bankkal történő szerződéskötésével kapcsolatos tárgyalások támogatásáról,Other,,
2022,2255/2022,A Terrorelhárítási Központ működésével és fejlesztéseivel összefüggő intézkedésekről,Other,,
2022,2256/2022,Az Építési és Beruházási Minisztérium tulajdonosi joggyakorlása alatt álló gazdasági társaságok feladatainak felülvizsgálatáról és a társaságok integrációjáról,Other,,
2022,2257/2022,A központi költségvetésben megvalósítandó kiadások visszafogásáról,Other,,
2022,2258/2022,"A Dunamelléki Református Egyházkerület Székház és Konferencia Központjához és egyéb tevékenységeihez kapcsolódó beruházásokhoz, fejlesztésekhez szükséges kormányzati intézkedésekről",Other,,
2022,2259/2022,Egyes feladatok ellátása érdekében szükséges intézkedésekről és a kapcsolódó többletforrások biztosításáról,Other,,
2022,2260/2022,A Gazdaságfejlesztési és Innovációs Operatív Program Plusz kiemelt projektjeinek nevesítéséről,Other,,
2022,2261/2022,Egyes gazdasági társaságokkal összefüggő intézkedésekről,Other,,
2022,2262/2022,A debreceni Észak-Nyugati Gazdasági Övezet kialakításával összefüggő közúti fejlesztésekhez kapcsolódóan a 33. sz. főút Iparterület és a 3316 jelű összekötő út közötti szakaszának 2x2 sávra bővítéséről,Other,,
2022,2263/2022,A felhalmozási célú előirányzatok terhére történő kötelezettségvállalások kiegészítő szabályairól szóló 2036/2022. Korm. határozat visszavonásáról,Other,,
2022,2264/2022,Egy gazdasági társaság állami tulajdonba kerüléséről,Other,,
2022,2265/2022,Egyes Gazdaság-újraindítási Akcióterv keretében megvalósuló beruházásokkal kapcsolatos intézkedésekről,Other,,
2022,2267/2022,Az ATEV Fehérjefeldolgozó Zártkörűen Működő Részvénytársaság szennyvíztisztító korszerűsítési beruházásának folytatásáról,Other,,
2022,2268/2022,A vállalkozások folyamatos energiaellátásának biztosítása érdekében szükséges intézkedésekről,Other,,
2022,2269/2022,"Az ukrajnai infrastrukturális újjáépítéshez, valamint a belső menekültek megsegítéséhez szükséges pénzügyi forrás biztosításáról szóló 1318/2022. (VII. 1.) Korm. határozattal érintett beruházás támogatásáról",Other,,
2022,2270/2022,A brüsszeli szankciókról szóló nemzeti konzultáció lefolytatásával kapcsolatos intézkedésekről,5. Válságkezelés,,Brüsszeli szankciókról szóló nemzeti konzultáció
2022,2271/2022,A Szikszó és térsége fejlesztésének érdekében szükséges intézkedésekről,Other,,
2022,2272/2022,A HILTI Szerszám Korlátolt Felelősségű Társaság nagybefektető magyarországi beruházásának kormányzati támogatásáról,Other,,
2022,2273/2022,A LEGO Manufacturing Korlátolt Felelősségű Társaság nagybefektető magyarországi beruházásának kormányzati támogatásáról,Other,,
2022,2274/2022,A SUEZ Water Technologies & Solutions Hungary Korlátolt Felelősségű Társaság nagybefektető magyarországi beruházásának kormányzati támogatásáról,Other,,
2022,2275/2022,A thyssenkrupp Components Technology Hungary Korlátolt Felelősségű Társaság nagybefektető magyarországi beruházásának kormányzati támogatásáról,Other,,
2022,2276/2022,A TOYO Ink Hungary Korlátolt Felelősségű Társaság nagybefektető magyarországi beruházásának kormányzati támogatásáról,Other,,
2022,2277/2022,A Valeo Siemens eAutomotive Hungary Korlátolt Felelősségű Társaság nagybefektető magyarországi beruházásának kormányzati támogatásáról,Other,,
2022,2278/2022,A Visual Europe Zártkörűen Működő Részvénytársaság nagybefektető magyarországi beruházásának kormányzati támogatásáról,Other,,
2022,2279/2022,A HUNENT Víziszárnyas Feldolgozó Zártkörűen Működő Részvénytársaság nagybefektető magyarországi beruházásának kormányzati támogatásáról,Other,,
2022,2280/2022,A Nissin Foods Élelmiszerek Magyarországi Korlátolt Felelősségű Társaság nagybefektető magyarországi beruházásának kormányzati támogatásáról,Other,,
2022,2281/2022,A Szentkirályi Magyarország Kereskedelmi és Termelő Korlátolt Felelősségű Társaság nagybefektető magyarországi beruházásának kormányzati támogatásáról,Other,,
2022,2282/2022,"A Szombathelyi Országos Büntetés-végrehajtási Intézetnél az állami-magán finanszírozási konstrukció keretében kötött szerződés megszűnését követően jelentkező létszám, eszköz és egyéb fejlesztési igények, valamint az ahhoz kapcsolódó források biztosítása",Other,,
2022,2283/2022,A büntetés-végrehajtási intézetekben elhelyezett fogvatartottak ellátásához kapcsolódó többletkiadások finanszírozásáról,Other,,
2022,2284/2022,A központi költségvetésben megvalósítandó kiadások visszafogásáról szóló 2257/2022. Korm. határozat alóli mentesítésről,Other,,
2022,2285/2022,A központi költségvetés egyenlegének javítása és a kiegyensúlyozott költségvetési gazdálkodás fenntartása érdekében szükséges további intézkedésekről,3. Állami,"Vagyongazdálkodás, Költségvetés és Közigazgatás",Költségvetés egyenlegjavítása
2022,2286/2022,A víziközmű-szolgáltató társaságok működésének biztosításához szükséges intézkedésekről,Other,,
2022,2288/2022,A torontói Magyar Diaszpóra Missziós Központ befejezéséhsz szükséges intézkedésekről,Other,,
2022,2290/2022,A MÁV-Volán csoport és a GYSEV Zrt. által 2022. évben ellátott közszolgáltatási tevékenység finanszírozási többletigényei megtérítésére szolgáló többletforrás biztosításáról,Other,,
2022,2291/2022,"A hosszú távú orosz földgázbeszerzési szerződések fizetési kondícióinak átmeneti módosításáról, illetve ehhez kapcsolódóan egyedi állami garancia vállalásáról",Other,,
2022,2292/2022,A 2023. évi pápalátogatás előkészítésével kapcsolatos intézkedésekről,Other,,
2022,2293/2022,Magyarország Varsói Nagykövetsége hivatali épületének felújítása kapcsán a külképviselet ideiglenes elhelyezéséhez szükséges forrás biztosításáról,Other,,
2022,2294/2022,Az Országgyűlés Hivatalánál a villamos energia és a földgáz kereskedelmi árának és az energiaellátáshoz kapcsolódó egyéb kiadások tényleges növekményéből eredő többletkiadás fedezetének biztosításáról,Other,,
2022,2295/2022,A Határigazgatási és Vízumpolitikai Eszköz Program Plusz kiemelt projektjeinek nevesítéséről szóló 2078/2022. Korm. határozat módosításáról,Other,,
2022,2296/2022,A HUNGARORING Sport Zártkörűen működő Részvénytársaság Stratégiai Fejlesztési Programjának újraértékeléséről és az annak 1. üteme keretében megvalósuló beruházásokhoz szükséges többletforrás biztosításáról,Other,,
2022,2297/2022,Egyes állami beruházások felfüggesztésének felülvizsgálatáról,Other,,
2022,2298/2022,"Egyes belügyi tárgyú kormányhatározatok visszavonásáról, illetve módosításáról",Other,,
2022,2299/2022,A 2023. évi Férfi Labdarúgó Európa-liga döntő megrendezéséhez kapcsolódó további kormányzati intézkedésekről,Other,,
2022,2300/2022,Az Európai Bizottság CHAP(2014)2052 számú panaszkezelési eljárása során a Közlekedési Operatív Program tekintetében tett megállapításaiból adódó pénzügyi korrekciós javaslat kezeléséről,Other,,
2022,2301/2022,"A Sapientia Alapítvány által fenntartott Sapientia Erdélyi Magyar Tudományegyetem és Partiumi Keresztény Egyetem működéséhez, valamint az erdélyi Iskola Alapítvány afterschool programja támogatásához szükséges forrás biztosításáról",Other,,
2022,2302/2022,Az egyes állami közfeladatot ellátó intézmények támogatásáról,Other,,
2022,2303/2022,A Magyar Agrár- és Élettudományi Egyetem tulajdonában lévő Gödöllő Városi és Térségi Uszoda működéséhez szükséges forrás biztosításáról,Other,,
2022,2305/2022,Az országos közúthálózat egyes folyamatban lévő közútfejlesztési feladatainak finanszírozásáról,Other,,
2022,2306/2022,Egyes kivitelezés alatt álló beruházások megvalósításához szükséges többletforrások biztosításáról,Other,,
2022,2307/2022,Az országos közúthálózat egyes Integrált Közlekedésfejlesztési Operatív Program keretében folyamatban lévő közútfejlesztési feladatainak finanszírozásáról,Other,,
2022,2308/2022,Az arcképelemző rendszer informatikai fejlesztéséhez szükséges forrás biztosításáról,Other,,
2022,2309/2022,A Zalaegerszegi Mindszenty József Múzeum és Zarándokközpont (Mindszentyneum) 2023. évi működtetésének támogatásáról,Other,,
2022,2310/2022,A 2021-2027 programozási időszak kohéziós célú támogatásainak kifizetését lehetővé tevő feljogosító feltételek teljesítéséhez szükséges intézkedésekről,Other,,
2022,2311/2022,A különleges földgázkészlet létrehozásával és felhasználásával kapcsolatos további intézkedésekről,Other,,
2022,2312/2022,A cégnyilvántartással kapcsolatos fejlesztési és működési feladatok forrásigényének biztosításáról,Other,,
2022,2313/2022,A többségi társasági részesedések megszerzéséről,Other,,
2022,2314/2022,"A Budai Egészségközpont Zártkörűen Működő Részvénytársaság közvetlen, vissza nem térítendő költségvetési támogatásával kapcsolatos kormányzati intézkedésekről",Other,,
2022,2315/2022,A Belső Biztonsági Alap Program Plusz kiemelt projektjeinek nevesítéséről,Other,,
2022,2316/2022,Az egyes külképviseleti beruházások beruházási tilalom alóli mentesítéséről,Other,,
2022,2317/2022,A Zalaegerszegi Járműipari Tesztpálya III. ütemének finanszírozásáról szóló 2079/2022. Korm. határozatban foglalt beruházás mentességéről,Other,,
2022,2318/2022,A Nemzeti Adatvédelmi és Információszabadság Hatóságnál a villamos energia és a földgáz nagykereskedelmi árának tényleges növekményéből eredő többletkiadás fedezetének biztosításáról,Other,,
2022,2319/2022,"Egyes, beruházási programokkal kapcsolatos intézkedésekről",Other,,
2022,2320/2022,Egyes állami sportcélú közfeladatok ellátásának rendjéről és szervezeti kereteiről,Other,,
2022,2321/2022,A CooperVision CL Hungary Korlátolt Felelősségű Társaság nagybefektető magyarországi beruházásának kormányzati támogatásáról,Other,,
2022,2322/2022,A Bock Hungária Ipari és Kereskedelmi Korlátolt Felelősségű Társaság nagybefektető magyarországi beruházásának kormányzati támogatásáról,Other,,
2022,2323/2022,A Continental Automotive Hungary Korlátolt Felelősségű Társaság nagybefektető magyarországi beruházásának kormányzati támogatásáról,Other,,
2022,2324/2022,A KNAUS TABBERT Termelő- és Kereskedelmi Korlátolt Felelősségű Társaság nagybefektető magyarországi beruházásának kormányzati támogatásáról,Other,,
2022,2325/2022,A COSMO CONSULT International Korlátolt Felelősségű Társaság és a COSMO CONSULT Licensing Korlátolt Felelősségű Társaság nagybefektetők magyarországi beruházásának kormányzati támogatásáról,Other,,
2022,2326/2022,A PACAPIME Korlátolt Felelősségű Társaság nagybefektető magyarországi beruházásának kormányzati támogatásáról,Other,,
2022,2327/2022,A Sangsin Hungary Korlátolt Felelősségű Társaság nagybefektető magyarországi beruházásának kormányzati támogatásáról,Other,,
2022,2328/2022,A KNAPP Hungary Korlátolt Felelősségű Társaság nagybefektető magyarországi beruházásának kormányzati támogatásáról,Other,,
2022,2329/2022,A BONDUELLE CENTRAL EUROPE Zöldségfeldolgozó Korlátolt Felelősségű Társaság nagybefektető magyarországi beruházásának kormányzati támogatásáról,Other,,
2022,2330/2022,A Balluff-Elektronika Villamossági és Elektronikai Termékeket Gyártó és Forgalmazó Korlátolt Felelősségű Társaság nagybefektető magyarországi beruházásának kormányzati támogatásáról,Other,,
2022,2331/2022,A Sunbloom Hungary Ipari Kereskedelmi Korlátolt Felelősségű Társaság nagybefektető magyarországi beruházásának kormányzati támogatásáról,Other,,
2022,2332/2022,A FrieslandCampina Hungária Kereskedelmi és Termelő Zártkörűen Működő Részvénytársaság nagybefektető magyarországi beruházásának kormányzati támogatásáról,Other,,
2022,2333/2022,A SCHOTT Hungary Gyógyszeripari Üvegtermék Gyártó Korlátolt Felelősségű Társaság nagybefektető magyarországi beruházásának kormányzati támogatásáról,Other,,
2022,2334/2022,A DRENIK Hungary Korlátolt Felelősségű Társaság nagybefektető magyarországi beruházásának kormányzati támogatásáról,Other,,
2022,2335/2022,A Continental Automotive Hungary Korlátolt Felelősségű Társaság nagybefektető magyarországi beruházásának kormányzati támogatásáról,Other,,
2022,2336/2022,Az Egis Gyógyszergyár Zártkörűen Működő Részvénytársaság nagybefektető magyarországi beruházásának kormányzati támogatásáról,Other,,
2022,2337/2022,A BMW Manufacturing Hungary Korlátolt Felelősségű Társaság nagybefektető magyarországi beruházásának kormányzati támogatásáról,Other,,
2022,2338/2022,A SWISS KRONO Korlátolt Felelősségű Társaság nagybefektető magyarországi beruházásának kormányzati támogatásáról,Other,,
2022,2339/2022,Az Autonet Logistic Korlátolt Felelősségű Társaság nagybefektető magyarországi beruházásának kormányzati támogatásáról,Other,,
2022,2340/2022,A Kárpát-medencei járatfejlesztések fenntartásának biztosításáról,Other,,
2022,2341/2022,Az állami építési beruházások felülvizsgálata érdekében szükséges intézkedésekről szóló 2175/2022. Korm. határozat módosításáról,Other,,
2022,2342/2022,Egyes ipari parkok fejlesztéséről,Other,,
2022,2343/2022,A központi költségvetés egyes kiadásainak teljesíthetőségéről,Other,,
2022,2344/2022,Az energiaárak emelkedése miatt finanszírozási problémákkal küzdő uszodafenntartók támogatásához szükséges intézkedések megvalósításáról,Other,,
2022,2345/2022,"Az ""ukrajnai befogadó központ kialakítása belső menekültek részére Kárpátalján"" beruházás támogatásáról",Other,,
2022,2346/2022,Az Európai Bizottság Technikai Támogatási Eszköze 2023. évi pályázati körében benyújtani javasolt pályázatokról,Other,,
2022,2347/2022,A Nemzetközi Úszó Szövetség és az Európai Úszó Szövetség székhelyének Magyarországra helyezése támogatásáról,Other,,
2022,2348/2022,A Magyarországi Református Egyház fejlesztéseivel kapcsolatos egyes kérdésekről,Other,,
2022,2349/2022,Az energiaválság idején a barnakőszén termelés újraindításának és társadalmi igényekhez való igazításának végrehajtásáról,Other,,
2022,2350/2022,A Gyármentő Programra rendelkezésre álló forrás megosztásáról,Other,,
2022,2352/2022,A PARAT Ungarn Korlátolt Felelősségű Társaság nagybefektető magyarországi beruházásának kormányzati támogatásáról,Other,,
2022,2353/2022,Az SK-Precíziós Szerszámgyártó Korlátolt Felelősségű Társaság nagybefektető magyarországi beruházásának kormányzati támogatásáról,Other,,
2022,2354/2022,A Wewalka Cukrásztermék Gyártó és Kereskedelmi Korlátolt Felelősségű Társaság nagybefektető magyarországi beruházásának kormányzati támogatásáról,Other,,
2022,2356/2022,Egyes térségi fejlesztési feladatokhoz szükséges intézkedésekről,Other,,
2022,2357/2022,Egyes civil és egyéb szervezetek forrásszükségletének biztosításáról szóló 2405/2020. Korm. határozat módosításáról,Other,,
2022,2358/2022,A Debreceni Nemzetközi Repülőtér 2022. évi biztonságos működési feltételeinek biztosításáról,Other,,
2022,2359/2022,A víziközmű-szolgáltató társaságok működésének biztosításához szükséges intézkedésekről,Other,,
2022,2360/2022,A Bács-Kiskun Megyei Katasztrófavédelmi Igazgatóság védelmi képességének fenntartásához szükséges módosított beszerzési terve jóváhagyásáról,Other,,
2022,2361/2022,A Baranya Megyei Katasztrófavédelmi Igazgatóság védelmi képességének fenntartásához szükséges beszerzési terve jóváhagyásáról,Other,,
2022,2362/2022,A Fővárosi Katasztrófavédelmi Igazgatóság védelmi képességének fenntartásához szükséges beszerzési terve jóváhagyásáról,Other,,
2022,2363/2022,A Hajdú-Bihar Megyei Katasztrófavédelmi Igazgatóság védelmi képességének fenntartásához szükséges beszerzési terve jóváhagyásáról,Other,,
2022,2364/2022,A Heves Megyei Katasztrófavédelmi Igazgatóság védelmi képességének fenntartásához szükséges módosított beszerzési terve jóváhagyásáról,Other,,
2022,2365/2022,A Rendőrségi Oktatási és Kiképző Központ védelmi és biztonsági feladatokkal összefüggő igényének jóváhagyásáról,Other,,
2022,2366/2022,A Magyar Honvédség Parancsnoksága védelmi és biztonsági feladatokkal összefüggő igényének jóváhagyásáról,Other,,
2022,2367/2022,A Tolna Megyei Katasztrófavédelmi Igazgatóság védelmi képességének fenntartásához szükséges beszerzési terve jóváhagyásáról,Other,,
2022,2368/2022,A Veszprém Megyei Katasztrófavédelmi Igazgatóság védelmi képességének fenntartásához szükséges beszerzési terve jóváhagyásáról,Other,,
2022,2369/2022,Az ATOMIX Kereskedelmi és Szolgáltató Korlátolt Felelősségű Társaság védelmi és biztonsági feladatokkal összefüggő igényének jóváhagyásáról,Other,,
2022,2370/2022,A Készenléti Rendőrség védelmi és biztonsági feladatokkal összefüggő igényeinek jóváhagyásáról,Other,,
2022,2371/2022,A Készenléti Rendőrség védelmi és biztonsági feladatokkal összefüggő igényének jóváhagyásáról,Other,,
2022,2372/2022,A Magyar Honvédség 64. Boconádi Szabó József Logisztikai Ezred védelmi és biztonsági feladatokkal összefüggő igényének jóváhagyásáról,Other,,
2022,2373/2022,A Magyar Honvédség Parancsnoksága védelmi és biztonsági feladatokkal összefüggő igényeinek jóváhagyásáról,Other,,
2022,2374/2022,A Magyar Honvédség Parancsnoksága védelmi és biztonsági feladatokkal összefüggő igényeinek jóváhagyásáról,Other,,
2022,2375/2022,A Magyar Honvédség Parancsnoksága védelmi és biztonsági feladatokkal összefüggő igényeinek jóváhagyásáról,Other,,
2022,2376/2022,Az Országos Rendőr-főkapitányság védelmi és biztonsági feladatokkal összefüggő igényeinek jóváhagyásáról,Other,,
2022,2377/2022,A távhőkassza pozitív egyenlege megőrzéséhez szükséges intézkedésekről,Other,,
2022,2378/2022,A nemzeti bormarketinggel kapcsolatos egyes kormányzati intézkedésekről,Other,,
2022,2379/2022,"A Petőfi Sándor-emlékév keretében megvalósuló, ""A reformkor nagyjai"" program támogatásáról",Other,,
2022,2380/2022,A Köztársasági Elnöki Hivatalnál a villamos energia és a földgáz nagykereskedelmi árának tényleges növekményéből eredő többletkiadás fedezetének biztosításáról,Other,,
2022,2381/2022,A Nemzeti Sportügynökség Nonprofit Zártkörűen Működő Részvénytársaság vezető állású munkavállalója díjazásának megállapításáról,Other,,
2022,2382/2022,Az agrárszakképzési centrumok Vidékfejlesztési Program meghatározott felhívásaiban való részvételéhez történő hozzájárulásról,Other,,
2022,2383/2022,"A Nemzeti Hauszmann Program egyes kiemelt projektjei számára átcsoportosítással történő forrásbiztosításról, valamint egyes kormányhatározatok módosításáról és visszavonásáról",Other,,
2022,2384/2022,A Boszniai Szerb Köztársaság mint hiteladós részére a Magyar Export-Import Bank Zrt. által nyújtandó szabad felhasználású hitelhez szükséges egyes kormányzati intézkedésekről,Other,,
2022,2385/2022,"Az egyes ipari parki, iparterületi beruházások jövőjéről szóló 2174/2022. Korm. határozat végrehajtásával összefüggő intézkedésekről",Other,,
2022,2386/2022,Az Európai Unió Tanácsa 2024. év második félévi magyar elnöksége ellátásához szükséges ingatlan biztosításával kapcsolatos kormányzati intézkedésekről,Other,,
2022,2388/2022,A magyar kertkultúra védelme és fejlesztése érdekében szükséges intézkedésekről,Other,,
2022,2389/2022,Egyes állami tulajdonú társaságok által nyújtott szolgáltatások és üzemeltetett rendszerek fenntartása érdekében szükséges intézkedésekről,Other,,
2022,2390/2022,A Swiss Krono Korlátolt Felelősségű Társaság nagybefektető magyarországi beruházásának kormányzati támogatásáról,Other,,
2022,2391/2022,A Yaris Kabin Hungary Korlátolt Felelősségű Társaság nagybefektető magyarországi beruházásának kormányzati támogatásáról,Other,,
2022,2392/2022,A Kedali Hungary Korlátolt Felelősségű Társaság nagybefektető magyarországi beruházásának kormányzati támogatásáról,Other,,
2022,2393/2022,A Chervon Autó Precíziós Technológia (Európa) Korlátolt Felelősségű Társaság nagybefektető magyarországi beruházásának kormányzati támogatásáról,Other,,
2022,2394/2022,Az A.W.F. Autóalkatrészgyártó és Kereskedelmi Korlátolt Felelősségű Társaság nagybefektető magyarországi beruházásának kormányzati támogatásáról,Other,,
2022,2395/2022,Az MDA Hungary Autóipari Korlátolt Felelősségű Társaság nagybefektető magyarországi beruházásának kormányzati támogatásáról,Other,,
2022,2396/2022,A Prettl HU Shared Service Center Korlátolt Felelősségű Társaság nagybefektető magyarországi beruházásának kormányzati támogatásáról,Other,,
2022,2398/2022,"Az egyes felsőoktatási intézmények infrastrukturális, valamint innovációs ökoszisztéma fejlesztéseihez szükséges többletforrás biztosításáról szóló 2115/2022. Korm. határozat módosításáról",Other,,
2022,2399/2022,"A Moszkvai Kulturális, Tudományos és Tájékoztatási Központ épületének teljeskörű felújításával és átalakításával kapcsolatos intézkedésről szóló 2164/2020. Korm. határozat módosításáról",Other,,
2022,2400/2022,"A köznevelési és más állami épületek alternatív fűtési módokra való áttérésének biztosításához szükséges intézkedésekről szóló 1445/2022. (IX. 19.) Korm. határozatban szereplő kazánok telepítéséhez, üzemeltetéséhez, valamint a barnaszén- támogatási programhoz kapcsolódó többletkiadások finanszírozásának végrehajtásával összefüggő intézkedésekről",Other,,
2022,2401/2022,A Gazdaság-újraindítási Akcióterv keretében a biatorbágyi Ritsmann Pál Német Nemzetiségi Általános Iskola bővítésére irányuló beruházás megvalósításához szükséges további intézkedésekről,Other,,
2022,2402/2022,A 2023. évi IAAF Atlétikai Világbajnokság megrendezésével kapcsolatos egyes további intézkedésekről,Other,,
2022,2403/2022,A magyarországi gazdasági társaságok gazdasági célú védelméhez szükséges további intézkedésekről,Other,,
2022,2404/2022,"A Nemzeti Korcsolyázó Központ bővítése érdekében szükséges intézkedésekről szóló 2078/2018. Korm. határozat módosításáról, valamint az egyes kormányhatározatokban foglalt feladatok módosításáról és visszavonásáról szóló 2265/2021. Korm. határozat visszavonásáról",Other,,
2022,2405/2022,A Vodafone Magyarország Távközlési Zártkörűen Működő Részvénytársaság tulajdoni részesedéseinek megszerzéséről,Other,,
2022,2406/2022,"Az ""ANTENNA HUNGÁRIA"" Magyar Műsorszóró és Rádióhírközlési Zártkörűen Működő Részvénytársaság hitelfelvevő részére a Magyar Export-Import Bank Zártkörűen Működő Részvénytársaság és az MFB Magyar Fejlesztési Bank Zártkörűen Működő Részvénytársaság által nyújtandó hitelhez kapcsolódó egyes kormányzati intézkedésekről",Other,,
2022,2407/2022,Az Építési és Beruházási Minisztérium tulajdonosi joggyakorlása alatt álló gazdasági társaságok feladatainak felülvizsgálatáról és a társaságok integrációjáról szóló 2256/2022. Korm. határozat módosításáról,Other,,
2022,2408/2022,"A víziközmű-szolgáltató társaságok működésének biztosításához szükséges további intézkedésekről, valamint a többségi állami tulajdonú regionális víziközmű- szolgáltató társaságok támogatásáról",Other,,
2022,2409/2022,Az orosz-ukrán háború következtében Magyarországra menekült és Magyarországon letelepedni szándékozó ukrán családok hosszú távú lakhatásának preferált településeken való biztosítása érdekében kormányzati program kidolgozásához szükséges intézkedésekről szóló 2213/2022. Korm. határozat módosításáról,Other,,
2022,2410/2022,Az MFB Magyar Fejlesztési Bank Zártkörűen Működő Részvénytársaság tőkemeléséhez szükséges forrás biztosításáról,Other,,
2022,2411/2022,A Magyar Export-Import Bank Zártkörűen Működő Részvénytársaság Gyármentő Hitelprogramja keretösszegének növeléséről és ehhez szükséges központi költségvetési források biztosításáról,Other,,
2022,2412/2022,A Maxon Motor Hungary Elektronikai Korlátolt Felelősségű Társaság nagybefektető magyarországi beruházásának kormányzati támogatásáról,Other,,
2022,2413/2022,A DMG MORI HEITEC Digital Kft. nagybefektető magyarországi beruházásának kormányzati támogatásáról,Other,,
2022,2414/2022,A HUNTSMAN Corporation Hungary Vegyipari Termelő-Fejlesztő Zártkörűen Működő Részvénytársaság nagybefektető magyarországi beruházásának kormányzati támogatásáról,Other,,
2022,2415/2022,A Lenovo Manufacturing Hungary Korlátolt Felelősségű Társaság nagybefektető magyarországi beruházásának kormányzati támogatásáról,Other,,
2022,2416/2022,Az állami fenntartású intézményekben foglalkoztatott egészségügyi szakdolgozók kötelező kamarai tagdíjfizetési kötelezettségéhez kapcsolódó 2022. évi támogatáshoz szükséges költségvetési forrás biztosításáról,Other,,
2022,2417/2022,Az Állampusztai Országos Büntetés végrehajtási Intézet védelmi képességének fenntartásához szükséges beszerzési terve jóváhagyásáról,Other,,
2022,2418/2022,A Somogy Megyei Rendőr-főkapitányság védelmi képességének fenntartásához szükséges beszerzési terve jóváhagyásáról,Other,,
2022,2419/2022,A Nemzeti Szakértői és Kutató Központ védelmi képességének fenntartásához szükséges beszerzési terve jóváhagyásáról,Other,,
2022,2420/2022,Az Igazságügyi Minisztérium védelmi képességének fenntartásához szükséges beszerzési terve jóváhagyásáról,Other,,
2022,2421/2022,A Nemzeti Védelmi Szolgálat védelmi képességének fenntartásához szükséges beszerzési terve jóváhagyásáról,Other,,
2022,2422/2022,A Jász-Nagykun-Szolnok Megyei Rendőr-főkapitányság védelmi képességének fenntartásához szükséges beszerzési terve jóváhagyásáról,Other,,
2022,2423/2022,A Csongrád-Csanád Megyei Rendőr-főkapitányság védelmi képességének fenntartásához szükséges beszerzési terve jóváhagyásáról,Other,,
2022,2424/2022,A Közép-dunántúli Országos Büntetés-végrehajtási Intézet védelmi képességének fenntartásához szükséges beszerzési terve jóváhagyásáról,Other,,
2022,2425/2022,A Bükki Nemzeti Park Igazgatóság védelmi képességének fenntartásához szükséges beszerzési terve jóváhagyásáról,Other,,
2022,2426/2022,Az Országos Rendőr-főkapitányság védelmi képességének fenntartásához szükséges beszerzési terve jóváhagyásáról,Other,,
2022,2427/2022,Az Alkotmányvédelmi Hivatal védelmi képességének fenntartásához szükséges beszerzési terve jóváhagyásáról,Other,,
2022,2428/2022,Az Információs Hivatal védelmi képességének fenntartásához szükséges beszerzési terve jóváhagyásáról,Other,,
2022,2429/2022,A Fővárosi Katasztrófavédelmi Igazgatóság védelmi képességének fenntartásához szükséges beszerzési terve jóváhagyásáról,Other,,
2022,2430/2022,A Nógrád Megyei Rendőr-főkapitányság védelmi képességének fenntartásához szükséges beszerzési terve jóváhagyásáról,Other,,
2022,2431/2022,A Győr-Moson-Sopron Megyei Katasztrófavédelmi Igazgatóság védelmi képességének fenntartásához szükséges beszerzési terve jóváhagyásáról,Other,,
2022,2432/2022,Az MH vitéz Szurmay Sándor Budapest Helyőrség Dandár védelmi képességének fenntartásához szükséges beszerzési terve jóváhagyásáról,Other,,
2022,2433/2022,A Baranya Megyei Rendőr-főkapitányság védelmi képességének fenntartásához szükséges beszerzési terve jóváhagyásáról,Other,,
2022,2434/2022,Az ORFK Gazdasági Hivatal Ellátó Iroda védelmi képességének fenntartásához szükséges beszerzési terve jóváhagyásáról,Other,,
2022,2435/2022,A Budapesti Fegyház és Börtön védelmi képességének fenntartásához szükséges beszerzési terve jóváhagyásáról,Other,,
2022,2436/2022,Az NKÖV Nemzeti Kulturális Örökség Védelmi Nonprofit Kft. védelmi képességének fenntartásához szükséges beszerzési terve jóváhagyásáról,Other,,
2022,2437/2022,A Radioaktív Hulladékokat Kezelő Közhasznú Nonprofit Korlátolt Felelősségű Társaság védelmi képességének fenntartásához szükséges beszerzési terve jóváhagyásáról,Other,,
2022,2438/2022,A Budapesti Rendőr-főkapitányság védelmi képességének fenntartásához szükséges beszerzési terve jóváhagyásáról,Other,,
2022,2439/2022,Az Igazságügyi Megfigyelő és Elmegyógyító Intézet védelmi képességének fenntartásához szükséges beszerzési terve jóváhagyásáról,Other,,
2022,2440/2022,A Magyar Honvédség Haderőmodernizációs és Transzformációs Parancsnokság védelmi képességének fenntartásához szükséges beszerzési terve jóváhagyásáról,Other,,
2022,2441/2022,A Bács-Kiskun Megyei Katasztrófavédelmi Igazgatóság védelmi képességének fenntartásához szükséges beszerzési terve jóváhagyásáról,Other,,
2022,2442/2022,A Baranya Megyei Katasztrófavédelmi Igazgatóság védelmi képességének fenntartásához szükséges beszerzési terve jóváhagyásáról,Other,,
2022,2443/2022,A Békés Megyei Katasztrófavédelmi Igazgatóság védelmi képességének fenntartásához szükséges beszerzési terve jóváhagyásáról,Other,,
2022,2444/2022,A Békés Megyei Büntetés-végrehajtási Intézet védelmi képességének fenntartásához szükséges beszerzési terve jóváhagyásáról,Other,,
2022,2445/2022,A Csongrád-Csanád Megyei Katasztrófavédelmi Igazgatóság védelmi képességének fenntartásához szükséges beszerzési terve jóváhagyásáról,Other,,
2022,2446/2022,A Fejér Megyei Katasztrófavédelmi Igazgatóság védelmi képességének fenntartásához szükséges beszerzési terve jóváhagyásáról,Other,,
2022,2447/2022,A Hajdú-Bihar Megyei Katasztrófavédelmi Igazgatóság védelmi képességének fenntartásához szükséges beszerzési terve jóváhagyásáról,Other,,
2022,2448/2022,A Heves Megyei Katasztrófavédelmi Igazgatóság védelmi képességének fenntartásához szükséges beszerzési terve jóváhagyásáról,Other,,
2022,2449/2022,A Komárom-Esztergom Megyei Katasztrófavédelmi Igazgatóság védelmi képességének fenntartásához szükséges beszerzési terve jóváhagyásáról,Other,,
2022,2450/2022,A Készenléti Rendőrség védelmi és biztonsági feladatokkal összefüggő igényének jóváhagyásáról,Other,,
2022,2451/2022,A Készenléti Rendőrség védelmi és biztonsági feladatokkal összefüggő igényének jóváhagyásáról,Other,,
2022,2452/2022,A Magyar Honvédség Parancsnoksága védelmi és biztonsági feladatokkal összefüggő igényeinek jóváhagyásáról,Other,,
2022,2453/2022,Az MH vitéz Szurmay Sándor Budapest Helyőrség Dandár védelmi és biztonsági feladatokkal összefüggő igényének jóváhagyásáról,Other,,
2022,2454/2022,A Nógrád Megyei Katasztrófavédelmi Igazgatóság védelmi képességének fenntartásához szükséges beszerzési terve jóváhagyásáról,Other,,
2022,2455/2022,A Rendőrségi Oktatási és Kiképző Központ védelmi képességének fenntartásához szükséges beszerzési terve jóváhagyásáról,Other,,
2022,2456/2022,A Somogy Megyei Büntetés-végrehajtási Intézet védelmi képességének fenntartásához szükséges beszerzési terve jóváhagyásáról,Other,,
2022,2457/2022,A Somogy Megyei Katasztrófavédelmi Igazgatóság védelmi képességének fenntartásához szükséges beszerzési terve jóváhagyásáról,Other,,
2022,2458/2022,A Szabolcs-Szatmár-Bereg Megyei Katasztrófavédelmi Igazgatóság védelmi képességének fenntartásához szükséges beszerzési terve jóváhagyásáról,Other,,
2022,2459/2022,A Terrorelhárítási Központ védelmi és biztonsági feladatokkal összefüggő igényének jóváhagyásáról,Other,,
2022,2460/2022,A Tolna Megyei Katasztrófavédelmi Igazgatóság védelmi képességének fenntartásához szükséges beszerzési terve jóváhagyásáról,Other,,
2022,2461/2022,A Vas Megyei Katasztrófavédelmi Igazgatóság védelmi képességének fenntartásához szükséges beszerzési terve jóváhagyásáról,Other,,
2022,2462/2022,A Veszprém Megyei Katasztrófavédelmi Igazgatóság védelmi képességének fenntartásához szükséges beszerzési terve jóváhagyásáról,Other,,
2022,2463/2022,A Fejér Megyei Rendőr-főkapitányság védelmi képességének fenntartásához szükséges beszerzési terve jóváhagyásáról,Other,,
2022,2464/2022,A szakképzésben részt vevő oktatók bérfejlesztéséről,Other,,
2022,2465/2022,A 2025. évi Oszakai Világkiállításon megvalósítandó magyar pavilon főbb jellemzőiről,Other,,
2022,2466/2022,A pedagógusok 2023. évi béremeléséről,Other,,
2022,2467/2022,A nemzetgazdasági szakpolitikát támogató feladatok ellátásához szükséges forrás biztosításáról,Other,,
2022,2468/2022,A kulturális javak körébe tartozó műkincs magyar állam javára történő megszerzéséhez szükséges intézkedésekről,Other,,
2022,2469/2022,"A Széchenyi István Egyetemért Alapítványról, a Széchenyi István Egyetemért Alapítvány és a Széchenyi István Egyetem részére történő vagyonjuttatásról szóló 2020. évi XXXVIII. törvény módosításával összefüggően egyes kormányhatározatok végrehajtása során alkalmazandó eltérő intézkedésekről",Other,,
2022,2470/2022,Az egészségügyi finanszírozás egyensúlyát biztosító intézkedésekről,Other,,
2022,2471/2022,Az Észak-Pesti Centrum Kórház – Honvédkórház létrehozásához kapcsolódó bérgarancia biztosításának 2023. évi támogatásához szükséges költségvetési forrás biztosításáról,Other,,
2022,2472/2022,A MotoGP versenypálya és sportkomplexum területszerzési feladatainak végrehajtásához szükséges döntésekről,Other,,
2022,2473/2022,"Egyes egyházi célú beruházásokhoz, fejlesztésekhez és egyéb feladatokhoz szükséges kormányzati intézkedésekről szóló 2413/2020. Korm. határozat módosításáról",Other,,
2022,2474/2022,Egyes egészségügyi ellátásokat érintő intézkedésekről,Other,,
2022,2475/2022,A települési önkormányzatok járóbeteg-szakellátó intézményeinek állam általi átvételének előkészítéséről,Other,,
2022,2476/2022,A határon túli célú költségvetési támogatások biztosításáról szóló 2402/2020. Korm. határozat módosításáról,Other,,
2022,2477/2022,A Magyar Nemzeti Vagyonkezelő Zártkörűen működő Részvénytársaság tulajdonosi joggyakorlása alatt álló egyes gazdasági társaságok beruházásainak megvalósításával kapcsolatos döntésekről,Other,,
2022,2478/2022,A Gazdaság-újraindítási Akcióterv keretében a Csepel Infra II. kivitelezés megvalósításáról szóló 2146/2021. Korm. határozat végrehajtásához szükséges intézkedésekről,Other,,
2022,2479/2022,A nemzeti sportkultúrával kapcsolatos további kormányzati intézkedésekről,Other,,
2022,2480/2022,A Debreceni Egyetem debreceni autóipari központ kialakításával összefüggő intézkedésekről,Other,,
2022,2481/2022,"Az egyes felsőoktatási intézmények infrastrukturális, valamint innovációs ökoszisztéma fejlesztéseihez szükséges többletforrás biztosításáról szóló 2115/2022. Korm. határozat módosításáról",Other,,
2022,2482/2022,"A felvonók, mozgólépcsők és mozgójárdák biztonságtechnikai ellenőrzése és felügyelete feletti állami kontroll biztosítását célzó vizsgálat elrendeléséről",Other,,
2022,2483/2022,A Magyarországot népszerűsítő nemzetközi marketing kampány lefolytatásával kapcsolatos egyes intézkedésekről szóló 2582/2021. Korm. határozat módosításáról,Other,,
2022,2484/2022,A Védelmi Innovációs Kutatóintézet Nonprofit Zártkörűen Működő Részvénytársaság létrehozásáról,Other,,
2022,2485/2022,A „TÁRS-95” Acélszerkezet és Gépgyártó Építőipari Kereskedelmi Korlátolt Felelősségű Társaság nagybefektető magyarországi beruházásának kormányzati támogatásáról,Other,,
2022,2486/2022,A Regőczi István Alapítvány a Koronavírus Árváiért működéséhez és szakmai programjaihoz szükséges forrás biztosításáról,Other,,
2022,2488/2022,A fogyasztóvédelmi közfeladatok informatikai támogatásáról,Other,,
2022,2489/2022,A Komárom településen megvalósuló infrastruktúra-fejlesztések támogatásáról,Other,,
2022,2490/2022,"Egyes minisztériumok és központi költségvetési szervek állami tulajdonú, budapesti ingatlanokban történő elhelyezéséhez szükséges intézkedésekről",Other,,
2022,2491/2022,A Nemzeti Információs Központ elhelyezéséhez szükséges intézkedésekről,Other,,
2022,2492/2022,A MÁV Vagon Vasúti Jármű Gyártó és Javító Korlátolt Felelősségű Társaság 100 %-os társasági részesedése értékesítésének előkészítéséről szóló 2244/2022. Korm. határozat módosításáról,Other,,
2022,2493/2022,A távhőszolgáltatás folyamatos ellátása biztosítása érdekében szükséges intézkedésekről,Other,,
2022,2494/2022,Az államigazgatási szervek és állami tulajdonú gazdasági társaságok budapesti elhelyezéséhez szükséges további kormányzati intézkedésekről,Other,,
2022,2495/2022,A Nemzeti Útdíjfizetési Szolgáltató Zártkörűen Működő Részvénytársaság egyes közfeladatai ellátásának finanszírozására vonatkozó szerződés megkötéséről,Other,,
2022,2496/2022,Az Európai Unió Tanácsa 2024. második félévi magyar elnöksége ellátásához szükséges ingatlan biztosításával kapcsolatos további kormányzati intézkedésekről,Other,,
2022,2497/2022,Egyes családpolitikai intézkedésekhez kapcsolódó feladatokról,Other,,
2022,2498/2022,A Kilikiai Örmény Katolikus Patriarchátus projektjeinek a Hungary Helps Program keretében történő támogatásáról,Other,,
2022,2499/2022,A hulladékgazdálkodási közszolgáltatókat érintő egyes intézkedésekről,Other,,
2022,2501/2022,Az egyes horvátországi óvodafejlesztések befejezéséhez szükséges források biztosításáról,Other,,
2022,2502/2022,A Szülőföldön magyarul program támogatásaihoz szükséges forrás biztosításáról,Other,,
2022,2503/2022,A belügyminiszter irányítása alá tartozó költségvetési szervek által elismert tartozásállomány konszolidációjához szükséges intézkedésekről,Other,,
2015,2001/2015,az Országos Atomenergia Hivatal nemzetközi tanácsadó testületének létrehozásával kapcsolatos feladatok meghatározásáról.,"4. Infrastruktúra,",Közlekedés és Energetika,Atomenergia
2015,2002/2015,a működés átláthatóságának és költséghatékonyságának növelése érdekében az MVM Paksi Atomerőmű Zrt. vállalatirányításában történő nemzetközi menedzsment alkalmazásáról.,3. Állami,"Vagyongazdálkodás, Költségvetés és Közigazgatás",Paks MVM irányítás
2015,2003/2015,A Budapest-Belgrád vasútvonal felújításának megvalósításához szükséges intézkedésekről. (újabb változata 2034/2015.),"4. Infrastruktúra,",Közlekedés és Energetika,Budapest-Belgrád vasútvonal
2015,2004/2015,Az önkormányzati rendszer egyes elemeinek továbbfejlesztéséhez szükséges feladatokról.,3. Állami,"Vagyongazdálkodás, Költségvetés és Közigazgatás",Önkormányzati rendszer
2015,2005/2015,A természetes személyek adósság rendezéséről szóló törvényi szabályozás előkészítéséről.,3. Állami,"Vagyongazdálkodás, Költségvetés és Közigazgatás",Adósságrendezés
2015,2006/2015,Semmelweis Egyetem kollégiumi beruházásának megvalósításáról.,"6. Kultúra,","Sport, Oktatás, Egészségügy és Egyházak",Semmelweis kollégium
2015,2007/2015,"Az Európai Stratégiai Beruházási Alap (EFSI) támogatására potenciálisan alkalmas, lehetséges magyarországi projektekről.",1. Gazdaságfejlesztés,és Vállalati Támogatások,EFSI
2015,2008/2015,A nemzeti Foglalkoztatási Alap kezelésével és felhasználásával kapcsolatos egyes feladatokról.,3. Állami,"Vagyongazdálkodás, Költségvetés és Közigazgatás",Foglalkoztatási Alap
2015,2009/2015,A KÖZOP.4.5.0-09-11-2014-0001 azonosító számú („Győr-Günyő Országos Közforgalmú Kikötő infrastrukturális továbbfejlesztése” című) projekttel összefüggésben felmerült költségnövekmény finanszírozásának módjáról.,"4. Infrastruktúra,",Közlekedés és Energetika,Kikötőfejlesztés
2015,2010/2015,A GAROPALAST Padlógyártó Zrt. nagybefektető magyarországi beruházásának kormányzati támogatásáról.,1. Gazdaságfejlesztés,és Vállalati Támogatások,GAROPALAST
2015,2011/2015,Az AUTOLIV Ipari és Kereskedelmi Kft. nagybefektető magyarországi beruházásának kormányzati támogatásáról.,1. Gazdaságfejlesztés,és Vállalati Támogatások,AUTOLIV
2015,2012/2015,Az Apollo Tyres (Hungary) Kft. beruházásához igényelt fejlesztési adókedvezmény engedélyezéséről.,1. Gazdaságfejlesztés,és Vállalati Támogatások,Apollo Tyres
2015,2013/2015,Magyarország OECD tanulmányban történő megfelelő megítélése érdekében szükséges intézkedésekről.,"7. Külpolitika,",EU és Határon Túli Ügyek,OECD
2015,2014/2015,A dohánykereskedelem-ellátási tevékenységre vonatkozó koncessziós szerződés megkötésével kapcsolatos feladatokról.,1. Gazdaságfejlesztés,és Vállalati Támogatások,Dohány koncesszió
2015,2015/2015,Egyes beruházások közös érdekű projektté nyilvánításával kapcsolatos intézkedésekről.,"4. Infrastruktúra,",Közlekedés és Energetika,
2015,2016/2015,A Budapest-Belgrád vasútvonal felújításának megvalósításához szükséges intézkedésekről szóló 2003/2015. (II.15.) Korm. határozat végrehajtásáról. (újabb változata 2034/2015.),"4. Infrastruktúra,",Közlekedés és Energetika,Budapest-Belgrád vasútvonal
2015,2017/2015,A nemzetközi klímapolitikai tárgyalásokhoz kapcsolódó klíma- finanszírozásban való magyar részvételről.,"7. Külpolitika,",EU és Határon Túli Ügyek,Klímafinanszírozás
2015,2018/2015,"A Fina Úszó-, Műúszó és Nyíltvízi Világbajnokság Budapesten történő megrendezéséhez kapcsolódó fizetési kötelezettségek teljesítéséhez szükséges feladatok végrehajtásáról.","6. Kultúra,","Sport, Oktatás, Egészségügy és Egyházak",FINA VB
2015,2019/2015,A Béres Gyógyszergyár Zártkörűen Működő Részvénytársaság nagybefektető magyarországi beruházásának kormányzati támogatásáról.,1. Gazdaságfejlesztés,és Vállalati Támogatások,Béres Gyógyszergyár
2015,2020/2015,Az TAG Magyarország Ipari Korlátolt Felelősségű Társaság nagybefektető magyarországi beruházásának kormányzati támogatásáról.,1. Gazdaságfejlesztés,és Vállalati Támogatások,TAG Magyarország
2015,2021/2015,A kaszinó koncessziók területén történő állami szerepvállalásról.,3. Állami,"Vagyongazdálkodás, Költségvetés és Közigazgatás",Kaszinó koncesszió
2015,2022/2015,A költségvetési intézmények fosszilis energia felhasználásának csökkentése érdekében napelemes villamosenergia-termelő rendszer fejlesztésével kapcsolatos feladatokról.,"4. Infrastruktúra,",Közlekedés és Energetika,Napelemek
2015,2024/2015,A megváltozott munkaképességű személyek ellátásaival összefüggő felülvizsgálatokkal kapcsolatos intézkedésekről.,"6. Kultúra,","Sport, Oktatás, Egészségügy és Egyházak",Megváltozott munkaképességűek
2015,2025/2015,A Rosenberger Magyarország Elektronikai Kft. nagybefektető magyarországi beruházásának kormányzati támogatásáról.,1. Gazdaságfejlesztés,és Vállalati Támogatások,Rosenberger
2015,2026/2015,Az Alumetal Group Hungary Kft. nagybefektető magyarországi beruházásának kormányzati támogatásáról.,1. Gazdaságfejlesztés,és Vállalati Támogatások,Alumetal Group
2015,2027/2015,Az AUDI HUNGARIA MOTOR Kft. nagybefektető magyarországi beruházásának kormányzati támogatásáról.,1. Gazdaságfejlesztés,és Vállalati Támogatások,AUDI HUNGARIA
2015,2028/2015,"A Szerencsejáték Zártkörűen Működő Rt. sporttevékenységgel kapcsolatos közvetítési-, reklám- és marketingjogok hasznosítására irányuló új üzletágának kiépítéséhez szükséges intézkedésekről.",3. Állami,"Vagyongazdálkodás, Költségvetés és Közigazgatás",Szerencsejáték Zrt.
2015,2029/2015,A Tisza-TK Projekt Kft. nagybefektető magyarországi beruházásának kormányzati támogatásáról.,1. Gazdaságfejlesztés,és Vállalati Támogatások,Tisza-TK Projekt
2015,2031/2015,A fenntartható hazai hulladékgazdálkodási rendszer kialakítása érdekében szükséges intézkedésekről.,"4. Infrastruktúra,",Közlekedés és Energetika,Hulladékgazdálkodás
2015,2032/2015,Egyes költségvetési szervek elhelyezésével kapcsolatos intézkedésekről.,3. Állami,"Vagyongazdálkodás, Költségvetés és Közigazgatás",Intézmények elhelyezése
2015,2033/2015,A ZF Lenksysteme Hungaria Kft. Beruházásához igényelt fejlesztési adókedvezmény engedélyezéséről szóló 2014/2021. Korm. határozat visszavonásáról.,1. Gazdaságfejlesztés,és Vállalati Támogatások,ZF Lenksysteme
2015,2034/2015,A Budapest-Belgrád vasútvonal felújításának megvalósításához szükséges intézkedésekről szóló 2003/2015. (II.15.) Korm. határozat végrehajtásáról szóló 2016/2015. Korm. határozat módosításáról.,"4. Infrastruktúra,",Közlekedés és Energetika,Budapest-Belgrád vasútvonal
2015,2036/2015,A CCABA METÁL Öntődei Zártkörűen Működő Rt. nagybefektető magyarországi beruházásának kormányzati támogatásáról.,1. Gazdaságfejlesztés,és Vállalati Támogatások,CSABA METÁL
2015,2037/2015,Az ENSZ Éghajlatváltozási Keretegyezményének 2015. év végi párizsi ülésszakán képviselendő magyar álláspont sarokpartjairól.,"7. Külpolitika,",EU és Határon Túli Ügyek,Párizsi klímacsúcs
2015,2038/2015,A sportról szóló 2004. évi I. törvény szerinti vagyoni értékű jogok hasznosításáról.,"6. Kultúra,","Sport, Oktatás, Egészségügy és Egyházak",Sport vagyoni jogok
2015,2040/2015,Műkincs magyar állam javára történő megvásárlásáról.,"6. Kultúra,","Sport, Oktatás, Egészségügy és Egyházak",Műkincs vásárlás
2015,2041/2015,Az egyes állami és önkormányzati sportinfrastruktúra-fejlesztési beruházások forrásszükségleteinek biztosításával kapcsolatos további intézkedésekről.,"6. Kultúra,","Sport, Oktatás, Egészségügy és Egyházak",Sportinfrastruktúra
2015,2042/2015,"A budai vasútfejlesztés, a kapcsolódó köztéri és csomópontfejlesztés megvalósítása érdekében szükséges intézkedésekről.","4. Infrastruktúra,",Közlekedés és Energetika,Budai vasútfejlesztés
2015,2043/2015,Az egyes állami és önkormányzati sportinfrastruktúra-fejlesztési beruházásokhoz kapcsolódó további feladatokról.,"6. Kultúra,","Sport, Oktatás, Egészségügy és Egyházak",Sportinfrastruktúra
2015,2044/2015,A külképviseleti hálózat korszerűsítésével kapcsolatos feladatokról szóló 2023/2014. Korm. határozat módosításáról.,"7. Külpolitika,",EU és Határon Túli Ügyek,Külképviseletek
2015,2045/2015,Magyarország Európai Stratégiai Beruházási Alapban (EFSI) való részvételéről.,"7. Külpolitika,",EU és Határon Túli Ügyek,EFSI
2015,2046/2015,A XI. Miniszterelnökség fejezet „Az Erste Bank Hungary Zrt. Tulajdonosi részesedésének megszerzése” jogcím előirányzat túllépéséről.,3. Állami,"Vagyongazdálkodás, Költségvetés és Közigazgatás",Erste Bank
2015,2047/2015,"Hét nagybefektető magyarországi beruházásának kormányzati támogatásáról. (EXEDY DYNAX Europe Kft., MCS Vágóhíd Zártkörűen Működő Rt., Robert Bosch Enegy and Body Systems Gépjárműelektromossági Alkatrész Gyártó és Forgalmazó Kft., ECSERI Termelő, Szolgáltató és Kereskedelmi Kft., INTERSPAN Faipari Kft., MASTER GOOD Termelő és Kereskedelmi Kft., SMR Automotive Mirror Technology Hungary Bt.)",1. Gazdaságfejlesztés,és Vállalati Támogatások,Több nagybefektető
